"COUNTRY","INDEX_TYPE","COICOP_1999","TYPE_OF_TRANSFORMATION","FREQUENCY","TIME_PERIOD","OBS_VALUE","SCALE"
"United States","Consumer price index (CPI)","All Items","Index","Annual","1955","12.27898402012332","Units"
"United States","Consumer price index (CPI)","All Items","Index","Annual","1956","12.46624521432999","Units"
"United States","Consumer price index (CPI)","All Items","Index","Annual","1957","12.88280583001422","Units"
"United States","Consumer price index (CPI)","All Items","Index","Annual","1958","13.23439827627982","Units"
"United States","Consumer price index (CPI)","All Items","Index","Annual","1959","13.36815627214172","Units"
"United States","Consumer price index (CPI)","All Items","Index","Annual","1960","13.56306078039765","Units"
"United States","Consumer price index (CPI)","All Items","Index","Annual","1961","13.70828374733344","Units"
"United States","Consumer price index (CPI)","All Items","Index","Annual","1962","13.87261499939236","Units"
"United States","Consumer price index (CPI)","All Items","Index","Annual","1963","14.04458956550052","Units"
"United States","Consumer price index (CPI)","All Items","Index","Annual","1964","14.22420744565795","Units"
"United States","Consumer price index (CPI)","All Items","Index","Annual","1965","14.44968521011088","Units"
"United States","Consumer price index (CPI)","All Items","Index","Annual","1966","14.88535411091824","Units"
"United States","Consumer price index (CPI)","All Items","Index","Annual","1967","15.29809306957785","Units"
"United States","Consumer price index (CPI)","All Items","Index","Annual","1968","15.9515964207889","Units"
"United States","Consumer price index (CPI)","All Items","Index","Annual","1969","16.82293422240362","Units"
"United States","Consumer price index (CPI)","All Items","Index","Annual","1970","17.8051000777325","Units"
"United States","Consumer price index (CPI)","All Items","Index","Annual","1971","18.5694314826577","Units"
"United States","Consumer price index (CPI)","All Items","Index","Annual","1972","19.17707494957324","Units"
"United States","Consumer price index (CPI)","All Items","Index","Annual","1973","20.36178862720729","Units"
"United States","Consumer price index (CPI)","All Items","Index","Annual","1974","22.612744614712","Units"
"United States","Consumer price index (CPI)","All Items","Index","Annual","1975","24.68026106503466","Units"
"United States","Consumer price index (CPI)","All Items","Index","Annual","1976","26.0980958211709","Units"
"United States","Consumer price index (CPI)","All Items","Index","Annual","1977","27.79491154010485","Units"
"United States","Consumer price index (CPI)","All Items","Index","Annual","1978","29.91593118877228","Units"
"United States","Consumer price index (CPI)","All Items","Index","Annual","1979","33.28281102746778","Units"
"United States","Consumer price index (CPI)","All Items","Index","Annual","1980","37.79236631652645","Units"
"United States","Consumer price index (CPI)","All Items","Index","Annual","1981","41.69809979569422","Units"
"United States","Consumer price index (CPI)","All Items","Index","Annual","1982","44.254788345169","Units"
"United States","Consumer price index (CPI)","All Items","Index","Annual","1983","45.67644475832988","Units"
"United States","Consumer price index (CPI)","All Items","Index","Annual","1984","47.64077646898765","Units"
"United States","Consumer price index (CPI)","All Items","Index","Annual","1985","49.32994887387232","Units"
"United States","Consumer price index (CPI)","All Items","Index","Annual","1986","50.2662548449057","Units"
"United States","Consumer price index (CPI)","All Items","Index","Annual","1987","52.10829353077542","Units"
"United States","Consumer price index (CPI)","All Items","Index","Annual","1988","54.2331348364675","Units"
"United States","Consumer price index (CPI)","All Items","Index","Annual","1989","56.85096989833628","Units"
"United States","Consumer price index (CPI)","All Items","Index","Annual","1990","59.91976048911098","Units"
"United States","Consumer price index (CPI)","All Items","Index","Annual","1991","62.4573407534626","Units"
"United States","Consumer price index (CPI)","All Items","Index","Annual","1992","64.34906098065248","Units"
"United States","Consumer price index (CPI)","All Items","Index","Annual","1993","66.24842452189162","Units"
"United States","Consumer price index (CPI)","All Items","Index","Annual","1994","67.97581349702252","Units"
"United States","Consumer price index (CPI)","All Items","Index","Annual","1995","69.88282035231092","Units"
"United States","Consumer price index (CPI)","All Items","Index","Annual","1996","71.93122851751048","Units"
"United States","Consumer price index (CPI)","All Items","Index","Annual","1997","73.61275760834588","Units"
"United States","Consumer price index (CPI)","All Items","Index","Annual","1998","74.75543305870905","Units"
"United States","Consumer price index (CPI)","All Items","Index","Annual","1999","76.39110226524898","Units"
"United States","Consumer price index (CPI)","All Items","Index","Annual","2000","78.9707207568715","Units"
"United States","Consumer price index (CPI)","All Items","Index","Annual","2001","81.2025684592531","Units"
"United States","Consumer price index (CPI)","All Items","Index","Annual","2002","82.49046687655205","Units"
"United States","Consumer price index (CPI)","All Items","Index","Annual","2003","84.3630788186188","Units"
"United States","Consumer price index (CPI)","All Items","Index","Annual","2004","86.62167812017275","Units"
"United States","Consumer price index (CPI)","All Items","Index","Annual","2005","89.56053237211018","Units"
"United States","Consumer price index (CPI)","All Items","Index","Annual","2006","92.4497050827274","Units"
"United States","Consumer price index (CPI)","All Items","Index","Annual","2007","95.08699237885155","Units"
"United States","Consumer price index (CPI)","All Items","Index","Annual","2008","98.73747738534455","Units"
"United States","Consumer price index (CPI)","All Items","Index","Annual","2009","98.3864199710624","Units"
"United States","Consumer price index (CPI)","All Items","Index","Annual","2010","100","Units"
"United States","Consumer price index (CPI)","All Items","Index","Annual","2011","103.156841568622","Units"
"United States","Consumer price index (CPI)","All Items","Index","Annual","2012","105.2915045328674","Units"
"United States","Consumer price index (CPI)","All Items","Index","Annual","2013","106.833848874866","Units"
"United States","Consumer price index (CPI)","All Items","Index","Annual","2014","108.5669321189636","Units"
"United States","Consumer price index (CPI)","All Items","Index","Annual","2015","108.6957219606935","Units"
"United States","Consumer price index (CPI)","All Items","Index","Annual","2016","110.0670089342698","Units"
"United States","Consumer price index (CPI)","All Items","Index","Annual","2017","112.4115573023076","Units"
"United States","Consumer price index (CPI)","All Items","Index","Annual","2018","115.1573032247906","Units"
"United States","Consumer price index (CPI)","All Items","Index","Annual","2019","117.2441954762282","Units"
"United States","Consumer price index (CPI)","All Items","Index","Annual","2020","118.6905015771978","Units"
"United States","Consumer price index (CPI)","All Items","Index","Annual","2021","124.2664138258379","Units"
"United States","Consumer price index (CPI)","All Items","Index","Annual","2022","134.2112061684602","Units"
"United States","Consumer price index (CPI)","All Items","Index","Annual","2023","139.7357935632595","Units"
"United States","Consumer price index (CPI)","All Items","Index","Annual","2024","143.8573360146079","Units"
"United States","Consumer price index (CPI)","All Items","Index","Quarterly","1955-Q1","12.24458910690168","Units"
"United States","Consumer price index (CPI)","All Items","Index","Quarterly","1955-Q2","12.24458910690168","Units"
"United States","Consumer price index (CPI)","All Items","Index","Quarterly","1955-Q3","12.3057356192957","Units"
"United States","Consumer price index (CPI)","All Items","Index","Quarterly","1955-Q4","12.3210222473942","Units"
"United States","Consumer price index (CPI)","All Items","Index","Quarterly","1956-Q1","12.29044899119719","Units"
"United States","Consumer price index (CPI)","All Items","Index","Quarterly","1956-Q2","12.39745538788672","Units"
"United States","Consumer price index (CPI)","All Items","Index","Quarterly","1956-Q3","12.55032166887176","Units"
"United States","Consumer price index (CPI)","All Items","Index","Quarterly","1956-Q4","12.62675480936428","Units"
"United States","Consumer price index (CPI)","All Items","Index","Quarterly","1957-Q1","12.7031879498568","Units"
"United States","Consumer price index (CPI)","All Items","Index","Quarterly","1957-Q2","12.84076760274334","Units"
"United States","Consumer price index (CPI)","All Items","Index","Quarterly","1957-Q3","12.97834725562987","Units"
"United States","Consumer price index (CPI)","All Items","Index","Quarterly","1957-Q4","13.00892051182688","Units"
"United States","Consumer price index (CPI)","All Items","Index","Quarterly","1958-Q1","13.14650016471342","Units"
"United States","Consumer price index (CPI)","All Items","Index","Quarterly","1958-Q2","13.25350656140294","Units"
"United States","Consumer price index (CPI)","All Items","Index","Quarterly","1958-Q3","13.26879318950145","Units"
"United States","Consumer price index (CPI)","All Items","Index","Quarterly","1958-Q4","13.26879318950145","Units"
"United States","Consumer price index (CPI)","All Items","Index","Quarterly","1959-Q1","13.26879318950145","Units"
"United States","Consumer price index (CPI)","All Items","Index","Quarterly","1959-Q2","13.31465307379696","Units"
"United States","Consumer price index (CPI)","All Items","Index","Quarterly","1959-Q3","13.40637284238798","Units"
"United States","Consumer price index (CPI)","All Items","Index","Quarterly","1959-Q4","13.4828059828805","Units"
"United States","Consumer price index (CPI)","All Items","Index","Quarterly","1960-Q1","13.467519354782","Units"
"United States","Consumer price index (CPI)","All Items","Index","Quarterly","1960-Q2","13.54395249527452","Units"
"United States","Consumer price index (CPI)","All Items","Index","Quarterly","1960-Q3","13.57452575147153","Units"
"United States","Consumer price index (CPI)","All Items","Index","Quarterly","1960-Q4","13.66624552006255","Units"
"United States","Consumer price index (CPI)","All Items","Index","Quarterly","1961-Q1","13.66624552006255","Units"
"United States","Consumer price index (CPI)","All Items","Index","Quarterly","1961-Q2","13.66624552006255","Units"
"United States","Consumer price index (CPI)","All Items","Index","Quarterly","1961-Q3","13.74267866055507","Units"
"United States","Consumer price index (CPI)","All Items","Index","Quarterly","1961-Q4","13.75796528865358","Units"
"United States","Consumer price index (CPI)","All Items","Index","Quarterly","1962-Q1","13.78853854485059","Units"
"United States","Consumer price index (CPI)","All Items","Index","Quarterly","1962-Q2","13.8496850572446","Units"
"United States","Consumer price index (CPI)","All Items","Index","Quarterly","1962-Q3","13.91083156963861","Units"
"United States","Consumer price index (CPI)","All Items","Index","Quarterly","1962-Q4","13.94140482583562","Units"
"United States","Consumer price index (CPI)","All Items","Index","Quarterly","1963-Q1","13.95669145393413","Units"
"United States","Consumer price index (CPI)","All Items","Index","Quarterly","1963-Q2","14.00255133822964","Units"
"United States","Consumer price index (CPI)","All Items","Index","Quarterly","1963-Q3","14.07898447872216","Units"
"United States","Consumer price index (CPI)","All Items","Index","Quarterly","1963-Q4","14.14013099111617","Units"
"United States","Consumer price index (CPI)","All Items","Index","Quarterly","1964-Q1","14.17070424731318","Units"
"United States","Consumer price index (CPI)","All Items","Index","Quarterly","1964-Q2","14.18599087541169","Units"
"United States","Consumer price index (CPI)","All Items","Index","Quarterly","1964-Q3","14.24713738780571","Units"
"United States","Consumer price index (CPI)","All Items","Index","Quarterly","1964-Q4","14.29299727210122","Units"
"United States","Consumer price index (CPI)","All Items","Index","Quarterly","1965-Q1","14.32357052829822","Units"
"United States","Consumer price index (CPI)","All Items","Index","Quarterly","1965-Q2","14.43057692498775","Units"
"United States","Consumer price index (CPI)","All Items","Index","Quarterly","1965-Q3","14.49172343738177","Units"
"United States","Consumer price index (CPI)","All Items","Index","Quarterly","1965-Q4","14.55286994977578","Units"
"United States","Consumer price index (CPI)","All Items","Index","Quarterly","1966-Q1","14.65987634646531","Units"
"United States","Consumer price index (CPI)","All Items","Index","Quarterly","1966-Q2","14.82802925554885","Units"
"United States","Consumer price index (CPI)","All Items","Index","Quarterly","1966-Q3","14.96560890843539","Units"
"United States","Consumer price index (CPI)","All Items","Index","Quarterly","1966-Q4","15.08790193322342","Units"
"United States","Consumer price index (CPI)","All Items","Index","Quarterly","1967-Q1","15.10318856132192","Units"
"United States","Consumer price index (CPI)","All Items","Index","Quarterly","1967-Q2","15.22548158610996","Units"
"United States","Consumer price index (CPI)","All Items","Index","Quarterly","1967-Q3","15.36306123899649","Units"
"United States","Consumer price index (CPI)","All Items","Index","Quarterly","1967-Q4","15.50064089188303","Units"
"United States","Consumer price index (CPI)","All Items","Index","Quarterly","1968-Q1","15.68408042906508","Units"
"United States","Consumer price index (CPI)","All Items","Index","Quarterly","1968-Q2","15.83694671005012","Units"
"United States","Consumer price index (CPI)","All Items","Index","Quarterly","1968-Q3","16.05095950342917","Units"
"United States","Consumer price index (CPI)","All Items","Index","Quarterly","1968-Q4","16.23439904061122","Units"
"United States","Consumer price index (CPI)","All Items","Index","Quarterly","1969-Q1","16.43312520589177","Units"
"United States","Consumer price index (CPI)","All Items","Index","Quarterly","1969-Q2","16.70828451166484","Units"
"United States","Consumer price index (CPI)","All Items","Index","Quarterly","1969-Q3","16.95287056124091","Units"
"United States","Consumer price index (CPI)","All Items","Index","Quarterly","1969-Q4","17.19745661081697","Units"
"United States","Consumer price index (CPI)","All Items","Index","Quarterly","1970-Q1","17.42675603229453","Units"
"United States","Consumer price index (CPI)","All Items","Index","Quarterly","1970-Q2","17.7172019661661","Units"
"United States","Consumer price index (CPI)","All Items","Index","Quarterly","1970-Q3","17.91592813144666","Units"
"United States","Consumer price index (CPI)","All Items","Index","Quarterly","1970-Q4","18.16051418102272","Units"
"United States","Consumer price index (CPI)","All Items","Index","Quarterly","1971-Q1","18.29809383390926","Units"
"United States","Consumer price index (CPI)","All Items","Index","Quarterly","1971-Q2","18.49681999918981","Units"
"United States","Consumer price index (CPI)","All Items","Index","Quarterly","1971-Q3","18.69554616447036","Units"
"United States","Consumer price index (CPI)","All Items","Index","Quarterly","1971-Q4","18.78726593306139","Units"
"United States","Consumer price index (CPI)","All Items","Index","Quarterly","1972-Q1","18.92484558594792","Units"
"United States","Consumer price index (CPI)","All Items","Index","Quarterly","1972-Q2","19.07771186693296","Units"
"United States","Consumer price index (CPI)","All Items","Index","Quarterly","1972-Q3","19.26115140411501","Units"
"United States","Consumer price index (CPI)","All Items","Index","Quarterly","1972-Q4","19.44459094129705","Units"
"United States","Consumer price index (CPI)","All Items","Index","Quarterly","1973-Q1","19.68917699087312","Units"
"United States","Consumer price index (CPI)","All Items","Index","Quarterly","1973-Q2","20.13248920572973","Units"
"United States","Consumer price index (CPI)","All Items","Index","Quarterly","1973-Q3","20.57580142058635","Units"
"United States","Consumer price index (CPI)","All Items","Index","Quarterly","1973-Q4","21.04968689163997","Units"
"United States","Consumer price index (CPI)","All Items","Index","Quarterly","1974-Q1","21.64586538748163","Units"
"United States","Consumer price index (CPI)","All Items","Index","Quarterly","1974-Q2","22.25733051142178","Units"
"United States","Consumer price index (CPI)","All Items","Index","Quarterly","1974-Q3","22.92994214775596","Units"
"United States","Consumer price index (CPI)","All Items","Index","Quarterly","1974-Q4","23.61784041218864","Units"
"United States","Consumer price index (CPI)","All Items","Index","Quarterly","1975-Q1","24.04586599894675","Units"
"United States","Consumer price index (CPI)","All Items","Index","Quarterly","1975-Q2","24.41274507331085","Units"
"United States","Consumer price index (CPI)","All Items","Index","Quarterly","1975-Q3","24.93249042865998","Units"
"United States","Consumer price index (CPI)","All Items","Index","Quarterly","1975-Q4","25.32994275922108","Units"
"United States","Consumer price index (CPI)","All Items","Index","Quarterly","1976-Q1","25.57452880879715","Units"
"United States","Consumer price index (CPI)","All Items","Index","Quarterly","1976-Q2","25.89554799886573","Units"
"United States","Consumer price index (CPI)","All Items","Index","Quarterly","1976-Q3","26.30828695752534","Units"
"United States","Consumer price index (CPI)","All Items","Index","Quarterly","1976-Q4","26.61401951949542","Units"
"United States","Consumer price index (CPI)","All Items","Index","Quarterly","1977-Q1","27.07261836245053","Units"
"United States","Consumer price index (CPI)","All Items","Index","Quarterly","1977-Q2","27.66879685829219","Units"
"United States","Consumer price index (CPI)","All Items","Index","Quarterly","1977-Q3","28.0662491888533","Units"
"United States","Consumer price index (CPI)","All Items","Index","Quarterly","1977-Q4","28.37198175082337","Units"
"United States","Consumer price index (CPI)","All Items","Index","Quarterly","1978-Q1","28.8611538499755","Units"
"United States","Consumer price index (CPI)","All Items","Index","Quarterly","1978-Q2","29.59491199870369","Units"
"United States","Consumer price index (CPI)","All Items","Index","Quarterly","1978-Q3","30.29809689123488","Units"
"United States","Consumer price index (CPI)","All Items","Index","Quarterly","1978-Q4","30.90956201517503","Units"
"United States","Consumer price index (CPI)","All Items","Index","Quarterly","1979-Q1","31.67389342010023","Units"
"United States","Consumer price index (CPI)","All Items","Index","Quarterly","1979-Q2","32.77453064319252","Units"
"United States","Consumer price index (CPI)","All Items","Index","Quarterly","1979-Q3","33.8598812381863","Units"
"United States","Consumer price index (CPI)","All Items","Index","Quarterly","1979-Q4","34.82293880839207","Units"
"United States","Consumer price index (CPI)","All Items","Index","Quarterly","1980-Q1","36.1987353372574","Units"
"United States","Consumer price index (CPI)","All Items","Index","Quarterly","1980-Q2","37.52867198182727","Units"
"United States","Consumer price index (CPI)","All Items","Index","Quarterly","1980-Q3","38.21657024625993","Units"
"United States","Consumer price index (CPI)","All Items","Index","Quarterly","1980-Q4","39.2254877007612","Units"
"United States","Consumer price index (CPI)","All Items","Index","Quarterly","1981-Q1","40.26497841145947","Units"
"United States","Consumer price index (CPI)","All Items","Index","Quarterly","1981-Q2","41.1974627254682","Units"
"United States","Consumer price index (CPI)","All Items","Index","Quarterly","1981-Q3","42.3592464609545","Units"
"United States","Consumer price index (CPI)","All Items","Index","Quarterly","1981-Q4","42.97071158489467","Units"
"United States","Consumer price index (CPI)","All Items","Index","Quarterly","1982-Q1","43.32230403116027","Units"
"United States","Consumer price index (CPI)","All Items","Index","Quarterly","1982-Q2","43.97962903939593","Units"
"United States","Consumer price index (CPI)","All Items","Index","Quarterly","1982-Q3","44.80510695671513","Units"
"United States","Consumer price index (CPI)","All Items","Index","Quarterly","1982-Q4","44.91211335340467","Units"
"United States","Consumer price index (CPI)","All Items","Index","Quarterly","1983-Q1","44.88154009720767","Units"
"United States","Consumer price index (CPI)","All Items","Index","Quarterly","1983-Q2","45.4471453368523","Units"
"United States","Consumer price index (CPI)","All Items","Index","Quarterly","1983-Q3","45.98217732029993","Units"
"United States","Consumer price index (CPI)","All Items","Index","Quarterly","1983-Q4","46.39491627895957","Units"
"United States","Consumer price index (CPI)","All Items","Index","Quarterly","1984-Q1","46.9146616343087","Units"
"United States","Consumer price index (CPI)","All Items","Index","Quarterly","1984-Q2","47.41912036155933","Units"
"United States","Consumer price index (CPI)","All Items","Index","Quarterly","1984-Q3","47.93886571690847","Units"
"United States","Consumer price index (CPI)","All Items","Index","Quarterly","1984-Q4","48.29045816317407","Units"
"United States","Consumer price index (CPI)","All Items","Index","Quarterly","1985-Q1","48.59619072514413","Units"
"United States","Consumer price index (CPI)","All Items","Index","Quarterly","1985-Q2","49.1923692209858","Units"
"United States","Consumer price index (CPI)","All Items","Index","Quarterly","1985-Q3","49.54396166725137","Units"
"United States","Consumer price index (CPI)","All Items","Index","Quarterly","1985-Q4","49.987273882108","Units"
"United States","Consumer price index (CPI)","All Items","Index","Quarterly","1986-Q1","50.09428027879753","Units"
"United States","Consumer price index (CPI)","All Items","Index","Quarterly","1986-Q2","49.987273882108","Units"
"United States","Consumer price index (CPI)","All Items","Index","Quarterly","1986-Q3","50.35415295647207","Units"
"United States","Consumer price index (CPI)","All Items","Index","Quarterly","1986-Q4","50.62931226224517","Units"
"United States","Consumer price index (CPI)","All Items","Index","Quarterly","1987-Q1","51.19491750188983","Units"
"United States","Consumer price index (CPI)","All Items","Index","Quarterly","1987-Q2","51.86752913822397","Units"
"United States","Consumer price index (CPI)","All Items","Index","Quarterly","1987-Q3","52.46370763406563","Units"
"United States","Consumer price index (CPI)","All Items","Index","Quarterly","1987-Q4","52.90701984892227","Units"
"United States","Consumer price index (CPI)","All Items","Index","Quarterly","1988-Q1","53.22803903899083","Units"
"United States","Consumer price index (CPI)","All Items","Index","Quarterly","1988-Q2","53.90065067532503","Units"
"United States","Consumer price index (CPI)","All Items","Index","Quarterly","1988-Q3","54.6191221959547","Units"
"United States","Consumer price index (CPI)","All Items","Index","Quarterly","1988-Q4","55.18472743559937","Units"
"United States","Consumer price index (CPI)","All Items","Index","Quarterly","1989-Q1","55.7961925595395","Units"
"United States","Consumer price index (CPI)","All Items","Index","Quarterly","1989-Q2","56.71339024544973","Units"
"United States","Consumer price index (CPI)","All Items","Index","Quarterly","1989-Q3","57.17198908840487","Units"
"United States","Consumer price index (CPI)","All Items","Index","Quarterly","1989-Q4","57.722307699951","Units"
"United States","Consumer price index (CPI)","All Items","Index","Quarterly","1990-Q1","58.71593852635373","Units"
"United States","Consumer price index (CPI)","All Items","Index","Quarterly","1990-Q2","59.31211702219543","Units"
"United States","Consumer price index (CPI)","All Items","Index","Quarterly","1990-Q3","60.33632110479517","Units"
"United States","Consumer price index (CPI)","All Items","Index","Quarterly","1990-Q4","61.31466530309947","Units"
"United States","Consumer price index (CPI)","All Items","Index","Quarterly","1991-Q1","61.81912403035007","Units"
"United States","Consumer price index (CPI)","All Items","Index","Quarterly","1991-Q2","62.18600310471417","Units"
"United States","Consumer price index (CPI)","All Items","Index","Quarterly","1991-Q3","62.67517520386627","Units"
"United States","Consumer price index (CPI)","All Items","Index","Quarterly","1991-Q4","63.1490606749199","Units"
"United States","Consumer price index (CPI)","All Items","Index","Quarterly","1992-Q1","63.59237288977653","Units"
"United States","Consumer price index (CPI)","All Items","Index","Quarterly","1992-Q2","64.11211824512567","Units"
"United States","Consumer price index (CPI)","All Items","Index","Quarterly","1992-Q3","64.6165769723763","Units"
"United States","Consumer price index (CPI)","All Items","Index","Quarterly","1992-Q4","65.0751758153314","Units"
"United States","Consumer price index (CPI)","All Items","Index","Quarterly","1993-Q1","65.62549442687757","Units"
"United States","Consumer price index (CPI)","All Items","Index","Quarterly","1993-Q2","66.1299531541282","Units"
"United States","Consumer price index (CPI)","All Items","Index","Quarterly","1993-Q3","66.38982583180277","Units"
"United States","Consumer price index (CPI)","All Items","Index","Quarterly","1993-Q4","66.84842467475787","Units"
"United States","Consumer price index (CPI)","All Items","Index","Quarterly","1994-Q1","67.276450261516","Units"
"United States","Consumer price index (CPI)","All Items","Index","Quarterly","1994-Q2","67.70447584827407","Units"
"United States","Consumer price index (CPI)","All Items","Index","Quarterly","1994-Q3","68.30065434411573","Units"
"United States","Consumer price index (CPI)","All Items","Index","Quarterly","1994-Q4","68.62167353418433","Units"
"United States","Consumer price index (CPI)","All Items","Index","Quarterly","1995-Q1","69.187278773829","Units"
"United States","Consumer price index (CPI)","All Items","Index","Quarterly","1995-Q2","69.79874389776917","Units"
"United States","Consumer price index (CPI)","All Items","Index","Quarterly","1995-Q3","70.10447645973923","Units"
"United States","Consumer price index (CPI)","All Items","Index","Quarterly","1995-Q4","70.4407822779063","Units"
"United States","Consumer price index (CPI)","All Items","Index","Quarterly","1996-Q1","71.0828206580435","Units"
"United States","Consumer price index (CPI)","All Items","Index","Quarterly","1996-Q2","71.78600555057467","Units"
"United States","Consumer price index (CPI)","All Items","Index","Quarterly","1996-Q3","72.16817125303727","Units"
"United States","Consumer price index (CPI)","All Items","Index","Quarterly","1996-Q4","72.6879166083864","Units"
"United States","Consumer price index (CPI)","All Items","Index","Quarterly","1997-Q1","73.17708870753853","Units"
"United States","Consumer price index (CPI)","All Items","Index","Quarterly","1997-Q2","73.4675346414101","Units"
"United States","Consumer price index (CPI)","All Items","Index","Quarterly","1997-Q3","73.75798057528167","Units"
"United States","Consumer price index (CPI)","All Items","Index","Quarterly","1997-Q4","74.04842650915323","Units"
"United States","Consumer price index (CPI)","All Items","Index","Quarterly","1998-Q1","74.2471526744338","Units"
"United States","Consumer price index (CPI)","All Items","Index","Quarterly","1998-Q2","74.6446050049949","Units"
"United States","Consumer price index (CPI)","All Items","Index","Quarterly","1998-Q3","74.93505093886647","Units"
"United States","Consumer price index (CPI)","All Items","Index","Quarterly","1998-Q4","75.19492361654103","Units"
"United States","Consumer price index (CPI)","All Items","Index","Quarterly","1999-Q1","75.48536955041263","Units"
"United States","Consumer price index (CPI)","All Items","Index","Quarterly","1999-Q2","76.2191276991408","Units"
"United States","Consumer price index (CPI)","All Items","Index","Quarterly","1999-Q3","76.69301317019443","Units"
"United States","Consumer price index (CPI)","All Items","Index","Quarterly","1999-Q4","77.16689864124807","Units"
"United States","Consumer price index (CPI)","All Items","Index","Quarterly","2000-Q1","77.93123004617327","Units"
"United States","Consumer price index (CPI)","All Items","Index","Quarterly","2000-Q2","78.75670796349247","Units"
"United States","Consumer price index (CPI)","All Items","Index","Quarterly","2000-Q3","79.38345971553113","Units"
"United States","Consumer price index (CPI)","All Items","Index","Quarterly","2000-Q4","79.81148530228923","Units"
"United States","Consumer price index (CPI)","All Items","Index","Quarterly","2001-Q1","80.57581670721443","Units"
"United States","Consumer price index (CPI)","All Items","Index","Quarterly","2001-Q2","81.41658125263217","Units"
"United States","Consumer price index (CPI)","All Items","Index","Quarterly","2001-Q3","81.52358764932167","Units"
"United States","Consumer price index (CPI)","All Items","Index","Quarterly","2001-Q4","81.29428822784413","Units"
"United States","Consumer price index (CPI)","All Items","Index","Quarterly","2002-Q1","81.5847341617157","Units"
"United States","Consumer price index (CPI)","All Items","Index","Quarterly","2002-Q2","82.47135859142893","Units"
"United States","Consumer price index (CPI)","All Items","Index","Quarterly","2002-Q3","82.82295103769453","Units"
"United States","Consumer price index (CPI)","All Items","Index","Quarterly","2002-Q4","83.0828237153691","Units"
"United States","Consumer price index (CPI)","All Items","Index","Quarterly","2003-Q1","83.92358826078683","Units"
"United States","Consumer price index (CPI)","All Items","Index","Quarterly","2003-Q2","84.2293208227569","Units"
"United States","Consumer price index (CPI)","All Items","Index","Quarterly","2003-Q3","84.6420597814165","Units"
"United States","Consumer price index (CPI)","All Items","Index","Quarterly","2003-Q4","84.657346409515","Units"
"United States","Consumer price index (CPI)","All Items","Index","Quarterly","2004-Q1","85.4216778144402","Units"
"United States","Consumer price index (CPI)","All Items","Index","Quarterly","2004-Q2","86.6446080623205","Units"
"United States","Consumer price index (CPI)","All Items","Index","Quarterly","2004-Q3","86.9503406242906","Units"
"United States","Consumer price index (CPI)","All Items","Index","Quarterly","2004-Q4","87.47008597963973","Units"
"United States","Consumer price index (CPI)","All Items","Index","Quarterly","2005-Q1","88.02040459118587","Units"
"United States","Consumer price index (CPI)","All Items","Index","Quarterly","2005-Q2","89.1974749547707","Units"
"United States","Consumer price index (CPI)","All Items","Index","Quarterly","2005-Q3","90.28282554976447","Units"
"United States","Consumer price index (CPI)","All Items","Index","Quarterly","2005-Q4","90.7414243927196","Units"
"United States","Consumer price index (CPI)","All Items","Index","Quarterly","2006-Q1","91.2305964918717","Units"
"United States","Consumer price index (CPI)","All Items","Index","Quarterly","2006-Q2","92.77454592982063","Units"
"United States","Consumer price index (CPI)","All Items","Index","Quarterly","2006-Q3","93.29429128516977","Units"
"United States","Consumer price index (CPI)","All Items","Index","Quarterly","2006-Q4","92.49938662404753","Units"
"United States","Consumer price index (CPI)","All Items","Index","Quarterly","2007-Q1","93.44211297888227","Units"
"United States","Consumer price index (CPI)","All Items","Index","Quarterly","2007-Q2","95.23370579202693","Units"
"United States","Consumer price index (CPI)","All Items","Index","Quarterly","2007-Q3","95.49648292904023","Units"
"United States","Consumer price index (CPI)","All Items","Index","Quarterly","2007-Q4","96.17566781545677","Units"
"United States","Consumer price index (CPI)","All Items","Index","Quarterly","2008-Q1","97.26896745706177","Units"
"United States","Consumer price index (CPI)","All Items","Index","Quarterly","2008-Q2","99.4043565361418","Units"
"United States","Consumer price index (CPI)","All Items","Index","Quarterly","2008-Q3","100.5604842192316","Units"
"United States","Consumer price index (CPI)","All Items","Index","Quarterly","2008-Q4","97.716101328943","Units"
"United States","Consumer price index (CPI)","All Items","Index","Quarterly","2009-Q1","97.2298336891296","Units"
"United States","Consumer price index (CPI)","All Items","Index","Quarterly","2009-Q2","98.2607638880927","Units"
"United States","Consumer price index (CPI)","All Items","Index","Quarterly","2009-Q3","98.9280252045924","Units"
"United States","Consumer price index (CPI)","All Items","Index","Quarterly","2009-Q4","99.1270571024349","Units"
"United States","Consumer price index (CPI)","All Items","Index","Quarterly","2010-Q1","99.524968031839","Units"
"United States","Consumer price index (CPI)","All Items","Index","Quarterly","2010-Q2","99.99778343892573","Units"
"United States","Consumer price index (CPI)","All Items","Index","Quarterly","2010-Q3","100.0910318703266","Units"
"United States","Consumer price index (CPI)","All Items","Index","Quarterly","2010-Q4","100.3862166589087","Units"
"United States","Consumer price index (CPI)","All Items","Index","Quarterly","2011-Q1","101.6559239887704","Units"
"United States","Consumer price index (CPI)","All Items","Index","Quarterly","2011-Q2","103.42810278423","Units"
"United States","Consumer price index (CPI)","All Items","Index","Quarterly","2011-Q3","103.8506251848726","Units"
"United States","Consumer price index (CPI)","All Items","Index","Quarterly","2011-Q4","103.6927143166151","Units"
"United States","Consumer price index (CPI)","All Items","Index","Quarterly","2012-Q1","104.5177336350914","Units"
"United States","Consumer price index (CPI)","All Items","Index","Quarterly","2012-Q2","105.3826510529047","Units"
"United States","Consumer price index (CPI)","All Items","Index","Quarterly","2012-Q3","105.6137848697541","Units"
"United States","Consumer price index (CPI)","All Items","Index","Quarterly","2012-Q4","105.6518485737194","Units"
"United States","Consumer price index (CPI)","All Items","Index","Quarterly","2013-Q1","106.2755430001383","Units"
"United States","Consumer price index (CPI)","All Items","Index","Quarterly","2013-Q2","106.8504730829231","Units"
"United States","Consumer price index (CPI)","All Items","Index","Quarterly","2013-Q3","107.2543457972855","Units"
"United States","Consumer price index (CPI)","All Items","Index","Quarterly","2013-Q4","106.9550336191169","Units"
"United States","Consumer price index (CPI)","All Items","Index","Quarterly","2014-Q1","107.7691994316432","Units"
"United States","Consumer price index (CPI)","All Items","Index","Quarterly","2014-Q2","109.0418112208436","Units"
"United States","Consumer price index (CPI)","All Items","Index","Quarterly","2014-Q3","109.1668558386894","Units"
"United States","Consumer price index (CPI)","All Items","Index","Quarterly","2014-Q4","108.2898619846782","Units"
"United States","Consumer price index (CPI)","All Items","Index","Quarterly","2015-Q1","107.7016325354478","Units"
"United States","Consumer price index (CPI)","All Items","Index","Quarterly","2015-Q2","109.0000787261347","Units"
"United States","Consumer price index (CPI)","All Items","Index","Quarterly","2015-Q3","109.2863972704197","Units"
"United States","Consumer price index (CPI)","All Items","Index","Quarterly","2015-Q4","108.7947793107718","Units"
"United States","Consumer price index (CPI)","All Items","Index","Quarterly","2016-Q1","108.8650978000249","Units"
"United States","Consumer price index (CPI)","All Items","Index","Quarterly","2016-Q2","110.141378379969","Units"
"United States","Consumer price index (CPI)","All Items","Index","Quarterly","2016-Q3","110.5077988554901","Units"
"United States","Consumer price index (CPI)","All Items","Index","Quarterly","2016-Q4","110.7537607015951","Units"
"United States","Consumer price index (CPI)","All Items","Index","Quarterly","2017-Q1","111.6295316253584","Units"
"United States","Consumer price index (CPI)","All Items","Index","Quarterly","2017-Q2","112.236257894588","Units"
"United States","Consumer price index (CPI)","All Items","Index","Quarterly","2017-Q3","112.6814045048164","Units"
"United States","Consumer price index (CPI)","All Items","Index","Quarterly","2017-Q4","113.0990351844676","Units"
"United States","Consumer price index (CPI)","All Items","Index","Quarterly","2018-Q1","114.1012265226055","Units"
"United States","Consumer price index (CPI)","All Items","Index","Quarterly","2018-Q2","115.2799784152811","Units"
"United States","Consumer price index (CPI)","All Items","Index","Quarterly","2018-Q3","115.6572523967522","Units"
"United States","Consumer price index (CPI)","All Items","Index","Quarterly","2018-Q4","115.5907555645237","Units"
"United States","Consumer price index (CPI)","All Items","Index","Quarterly","2019-Q1","115.9781187205398","Units"
"United States","Consumer price index (CPI)","All Items","Index","Quarterly","2019-Q2","117.3681318135368","Units"
"United States","Consumer price index (CPI)","All Items","Index","Quarterly","2019-Q3","117.6899153350103","Units"
"United States","Consumer price index (CPI)","All Items","Index","Quarterly","2019-Q4","117.9406160358257","Units"
"United States","Consumer price index (CPI)","All Items","Index","Quarterly","2020-Q1","118.4352913210933","Units"
"United States","Consumer price index (CPI)","All Items","Index","Quarterly","2020-Q2","117.7956988014519","Units"
"United States","Consumer price index (CPI)","All Items","Index","Quarterly","2020-Q3","119.1285399053605","Units"
"United States","Consumer price index (CPI)","All Items","Index","Quarterly","2020-Q4","119.4024762808857","Units"
"United States","Consumer price index (CPI)","All Items","Index","Quarterly","2021-Q1","120.6838014481023","Units"
"United States","Consumer price index (CPI)","All Items","Index","Quarterly","2021-Q2","123.5075473904579","Units"
"United States","Consumer price index (CPI)","All Items","Index","Quarterly","2021-Q3","125.4848727349994","Units"
"United States","Consumer price index (CPI)","All Items","Index","Quarterly","2021-Q4","127.389433729792","Units"
"United States","Consumer price index (CPI)","All Items","Index","Quarterly","2022-Q1","130.2983261906564","Units"
"United States","Consumer price index (CPI)","All Items","Index","Quarterly","2022-Q2","134.1731806810651","Units"
"United States","Consumer price index (CPI)","All Items","Index","Quarterly","2022-Q3","135.9371046973515","Units"
"United States","Consumer price index (CPI)","All Items","Index","Quarterly","2022-Q4","136.4362131047677","Units"
"United States","Consumer price index (CPI)","All Items","Index","Quarterly","2023-Q1","137.8618440412342","Units"
"United States","Consumer price index (CPI)","All Items","Index","Quarterly","2023-Q2","139.5056151606663","Units"
"United States","Consumer price index (CPI)","All Items","Index","Quarterly","2023-Q3","140.714328844415","Units"
"United States","Consumer price index (CPI)","All Items","Index","Quarterly","2023-Q4","140.8613862067226","Units"
"United States","Consumer price index (CPI)","All Items","Index","Quarterly","2024-Q1","142.3299725681459","Units"
"United States","Consumer price index (CPI)","All Items","Index","Quarterly","2024-Q2","143.9682405014625","Units"
"United States","Consumer price index (CPI)","All Items","Index","Quarterly","2024-Q3","144.403145070865","Units"
"United States","Consumer price index (CPI)","All Items","Index","Quarterly","2024-Q4","144.7279859179582","Units"
"United States","Consumer price index (CPI)","All Items","Index","Quarterly","2025-Q1","146.2245468088017","Units"
"United States","Consumer price index (CPI)","All Items","Index","Quarterly","2025-Q2","147.488598086267","Units"
"United States","Consumer price index (CPI)","All Items","Index","Quarterly","2025-Q3","148.5591206520052","Units"
"United States","Consumer price index (CPI)","All Items","Index","Monthly","1955-M01","12.24458910690168","Units"
"United States","Consumer price index (CPI)","All Items","Index","Monthly","1955-M02","12.24458910690168","Units"
"United States","Consumer price index (CPI)","All Items","Index","Monthly","1955-M03","12.24458910690168","Units"
"United States","Consumer price index (CPI)","All Items","Index","Monthly","1955-M04","12.24458910690168","Units"
"United States","Consumer price index (CPI)","All Items","Index","Monthly","1955-M05","12.24458910690168","Units"
"United States","Consumer price index (CPI)","All Items","Index","Monthly","1955-M06","12.24458910690168","Units"
"United States","Consumer price index (CPI)","All Items","Index","Monthly","1955-M07","12.29044899119719","Units"
"United States","Consumer price index (CPI)","All Items","Index","Monthly","1955-M08","12.29044899119719","Units"
"United States","Consumer price index (CPI)","All Items","Index","Monthly","1955-M09","12.33630887549271","Units"
"United States","Consumer price index (CPI)","All Items","Index","Monthly","1955-M10","12.33630887549271","Units"
"United States","Consumer price index (CPI)","All Items","Index","Monthly","1955-M11","12.33630887549271","Units"
"United States","Consumer price index (CPI)","All Items","Index","Monthly","1955-M12","12.29044899119719","Units"
"United States","Consumer price index (CPI)","All Items","Index","Monthly","1956-M01","12.29044899119719","Units"
"United States","Consumer price index (CPI)","All Items","Index","Monthly","1956-M02","12.29044899119719","Units"
"United States","Consumer price index (CPI)","All Items","Index","Monthly","1956-M03","12.29044899119719","Units"
"United States","Consumer price index (CPI)","All Items","Index","Monthly","1956-M04","12.33630887549271","Units"
"United States","Consumer price index (CPI)","All Items","Index","Monthly","1956-M05","12.38216875978822","Units"
"United States","Consumer price index (CPI)","All Items","Index","Monthly","1956-M06","12.47388852837924","Units"
"United States","Consumer price index (CPI)","All Items","Index","Monthly","1956-M07","12.56560829697027","Units"
"United States","Consumer price index (CPI)","All Items","Index","Monthly","1956-M08","12.51974841267475","Units"
"United States","Consumer price index (CPI)","All Items","Index","Monthly","1956-M09","12.56560829697027","Units"
"United States","Consumer price index (CPI)","All Items","Index","Monthly","1956-M10","12.61146818126578","Units"
"United States","Consumer price index (CPI)","All Items","Index","Monthly","1956-M11","12.61146818126578","Units"
"United States","Consumer price index (CPI)","All Items","Index","Monthly","1956-M12","12.65732806556129","Units"
"United States","Consumer price index (CPI)","All Items","Index","Monthly","1957-M01","12.65732806556129","Units"
"United States","Consumer price index (CPI)","All Items","Index","Monthly","1957-M02","12.7031879498568","Units"
"United States","Consumer price index (CPI)","All Items","Index","Monthly","1957-M03","12.74904783415231","Units"
"United States","Consumer price index (CPI)","All Items","Index","Monthly","1957-M04","12.79490771844783","Units"
"United States","Consumer price index (CPI)","All Items","Index","Monthly","1957-M05","12.84076760274334","Units"
"United States","Consumer price index (CPI)","All Items","Index","Monthly","1957-M06","12.88662748703885","Units"
"United States","Consumer price index (CPI)","All Items","Index","Monthly","1957-M07","12.97834725562987","Units"
"United States","Consumer price index (CPI)","All Items","Index","Monthly","1957-M08","12.97834725562987","Units"
"United States","Consumer price index (CPI)","All Items","Index","Monthly","1957-M09","12.97834725562987","Units"
"United States","Consumer price index (CPI)","All Items","Index","Monthly","1957-M10","12.97834725562987","Units"
"United States","Consumer price index (CPI)","All Items","Index","Monthly","1957-M11","13.02420713992539","Units"
"United States","Consumer price index (CPI)","All Items","Index","Monthly","1957-M12","13.02420713992539","Units"
"United States","Consumer price index (CPI)","All Items","Index","Monthly","1958-M01","13.11592690851641","Units"
"United States","Consumer price index (CPI)","All Items","Index","Monthly","1958-M02","13.11592690851641","Units"
"United States","Consumer price index (CPI)","All Items","Index","Monthly","1958-M03","13.20764667710743","Units"
"United States","Consumer price index (CPI)","All Items","Index","Monthly","1958-M04","13.25350656140294","Units"
"United States","Consumer price index (CPI)","All Items","Index","Monthly","1958-M05","13.25350656140294","Units"
"United States","Consumer price index (CPI)","All Items","Index","Monthly","1958-M06","13.25350656140294","Units"
"United States","Consumer price index (CPI)","All Items","Index","Monthly","1958-M07","13.29936644569846","Units"
"United States","Consumer price index (CPI)","All Items","Index","Monthly","1958-M08","13.25350656140294","Units"
"United States","Consumer price index (CPI)","All Items","Index","Monthly","1958-M09","13.25350656140294","Units"
"United States","Consumer price index (CPI)","All Items","Index","Monthly","1958-M10","13.25350656140294","Units"
"United States","Consumer price index (CPI)","All Items","Index","Monthly","1958-M11","13.29936644569846","Units"
"United States","Consumer price index (CPI)","All Items","Index","Monthly","1958-M12","13.25350656140294","Units"
"United States","Consumer price index (CPI)","All Items","Index","Monthly","1959-M01","13.29936644569846","Units"
"United States","Consumer price index (CPI)","All Items","Index","Monthly","1959-M02","13.25350656140294","Units"
"United States","Consumer price index (CPI)","All Items","Index","Monthly","1959-M03","13.25350656140294","Units"
"United States","Consumer price index (CPI)","All Items","Index","Monthly","1959-M04","13.29936644569846","Units"
"United States","Consumer price index (CPI)","All Items","Index","Monthly","1959-M05","13.29936644569846","Units"
"United States","Consumer price index (CPI)","All Items","Index","Monthly","1959-M06","13.34522632999397","Units"
"United States","Consumer price index (CPI)","All Items","Index","Monthly","1959-M07","13.39108621428948","Units"
"United States","Consumer price index (CPI)","All Items","Index","Monthly","1959-M08","13.39108621428948","Units"
"United States","Consumer price index (CPI)","All Items","Index","Monthly","1959-M09","13.43694609858499","Units"
"United States","Consumer price index (CPI)","All Items","Index","Monthly","1959-M10","13.4828059828805","Units"
"United States","Consumer price index (CPI)","All Items","Index","Monthly","1959-M11","13.4828059828805","Units"
"United States","Consumer price index (CPI)","All Items","Index","Monthly","1959-M12","13.4828059828805","Units"
"United States","Consumer price index (CPI)","All Items","Index","Monthly","1960-M01","13.43694609858499","Units"
"United States","Consumer price index (CPI)","All Items","Index","Monthly","1960-M02","13.4828059828805","Units"
"United States","Consumer price index (CPI)","All Items","Index","Monthly","1960-M03","13.4828059828805","Units"
"United States","Consumer price index (CPI)","All Items","Index","Monthly","1960-M04","13.52866586717602","Units"
"United States","Consumer price index (CPI)","All Items","Index","Monthly","1960-M05","13.52866586717602","Units"
"United States","Consumer price index (CPI)","All Items","Index","Monthly","1960-M06","13.57452575147153","Units"
"United States","Consumer price index (CPI)","All Items","Index","Monthly","1960-M07","13.57452575147153","Units"
"United States","Consumer price index (CPI)","All Items","Index","Monthly","1960-M08","13.57452575147153","Units"
"United States","Consumer price index (CPI)","All Items","Index","Monthly","1960-M09","13.57452575147153","Units"
"United States","Consumer price index (CPI)","All Items","Index","Monthly","1960-M10","13.66624552006255","Units"
"United States","Consumer price index (CPI)","All Items","Index","Monthly","1960-M11","13.66624552006255","Units"
"United States","Consumer price index (CPI)","All Items","Index","Monthly","1960-M12","13.66624552006255","Units"
"United States","Consumer price index (CPI)","All Items","Index","Monthly","1961-M01","13.66624552006255","Units"
"United States","Consumer price index (CPI)","All Items","Index","Monthly","1961-M02","13.66624552006255","Units"
"United States","Consumer price index (CPI)","All Items","Index","Monthly","1961-M03","13.66624552006255","Units"
"United States","Consumer price index (CPI)","All Items","Index","Monthly","1961-M04","13.66624552006255","Units"
"United States","Consumer price index (CPI)","All Items","Index","Monthly","1961-M05","13.66624552006255","Units"
"United States","Consumer price index (CPI)","All Items","Index","Monthly","1961-M06","13.66624552006255","Units"
"United States","Consumer price index (CPI)","All Items","Index","Monthly","1961-M07","13.75796528865358","Units"
"United States","Consumer price index (CPI)","All Items","Index","Monthly","1961-M08","13.71210540435806","Units"
"United States","Consumer price index (CPI)","All Items","Index","Monthly","1961-M09","13.75796528865358","Units"
"United States","Consumer price index (CPI)","All Items","Index","Monthly","1961-M10","13.75796528865358","Units"
"United States","Consumer price index (CPI)","All Items","Index","Monthly","1961-M11","13.75796528865358","Units"
"United States","Consumer price index (CPI)","All Items","Index","Monthly","1961-M12","13.75796528865358","Units"
"United States","Consumer price index (CPI)","All Items","Index","Monthly","1962-M01","13.75796528865358","Units"
"United States","Consumer price index (CPI)","All Items","Index","Monthly","1962-M02","13.80382517294909","Units"
"United States","Consumer price index (CPI)","All Items","Index","Monthly","1962-M03","13.80382517294909","Units"
"United States","Consumer price index (CPI)","All Items","Index","Monthly","1962-M04","13.8496850572446","Units"
"United States","Consumer price index (CPI)","All Items","Index","Monthly","1962-M05","13.8496850572446","Units"
"United States","Consumer price index (CPI)","All Items","Index","Monthly","1962-M06","13.8496850572446","Units"
"United States","Consumer price index (CPI)","All Items","Index","Monthly","1962-M07","13.89554494154011","Units"
"United States","Consumer price index (CPI)","All Items","Index","Monthly","1962-M08","13.89554494154011","Units"
"United States","Consumer price index (CPI)","All Items","Index","Monthly","1962-M09","13.94140482583562","Units"
"United States","Consumer price index (CPI)","All Items","Index","Monthly","1962-M10","13.94140482583562","Units"
"United States","Consumer price index (CPI)","All Items","Index","Monthly","1962-M11","13.94140482583562","Units"
"United States","Consumer price index (CPI)","All Items","Index","Monthly","1962-M12","13.94140482583562","Units"
"United States","Consumer price index (CPI)","All Items","Index","Monthly","1963-M01","13.94140482583562","Units"
"United States","Consumer price index (CPI)","All Items","Index","Monthly","1963-M02","13.94140482583562","Units"
"United States","Consumer price index (CPI)","All Items","Index","Monthly","1963-M03","13.98726471013114","Units"
"United States","Consumer price index (CPI)","All Items","Index","Monthly","1963-M04","13.98726471013114","Units"
"United States","Consumer price index (CPI)","All Items","Index","Monthly","1963-M05","13.98726471013114","Units"
"United States","Consumer price index (CPI)","All Items","Index","Monthly","1963-M06","14.03312459442665","Units"
"United States","Consumer price index (CPI)","All Items","Index","Monthly","1963-M07","14.07898447872216","Units"
"United States","Consumer price index (CPI)","All Items","Index","Monthly","1963-M08","14.07898447872216","Units"
"United States","Consumer price index (CPI)","All Items","Index","Monthly","1963-M09","14.07898447872216","Units"
"United States","Consumer price index (CPI)","All Items","Index","Monthly","1963-M10","14.12484436301767","Units"
"United States","Consumer price index (CPI)","All Items","Index","Monthly","1963-M11","14.12484436301767","Units"
"United States","Consumer price index (CPI)","All Items","Index","Monthly","1963-M12","14.17070424731318","Units"
"United States","Consumer price index (CPI)","All Items","Index","Monthly","1964-M01","14.17070424731318","Units"
"United States","Consumer price index (CPI)","All Items","Index","Monthly","1964-M02","14.17070424731318","Units"
"United States","Consumer price index (CPI)","All Items","Index","Monthly","1964-M03","14.17070424731318","Units"
"United States","Consumer price index (CPI)","All Items","Index","Monthly","1964-M04","14.17070424731318","Units"
"United States","Consumer price index (CPI)","All Items","Index","Monthly","1964-M05","14.17070424731318","Units"
"United States","Consumer price index (CPI)","All Items","Index","Monthly","1964-M06","14.2165641316087","Units"
"United States","Consumer price index (CPI)","All Items","Index","Monthly","1964-M07","14.26242401590421","Units"
"United States","Consumer price index (CPI)","All Items","Index","Monthly","1964-M08","14.2165641316087","Units"
"United States","Consumer price index (CPI)","All Items","Index","Monthly","1964-M09","14.26242401590421","Units"
"United States","Consumer price index (CPI)","All Items","Index","Monthly","1964-M10","14.26242401590421","Units"
"United States","Consumer price index (CPI)","All Items","Index","Monthly","1964-M11","14.30828390019972","Units"
"United States","Consumer price index (CPI)","All Items","Index","Monthly","1964-M12","14.30828390019972","Units"
"United States","Consumer price index (CPI)","All Items","Index","Monthly","1965-M01","14.30828390019972","Units"
"United States","Consumer price index (CPI)","All Items","Index","Monthly","1965-M02","14.30828390019972","Units"
"United States","Consumer price index (CPI)","All Items","Index","Monthly","1965-M03","14.35414378449523","Units"
"United States","Consumer price index (CPI)","All Items","Index","Monthly","1965-M04","14.40000366879074","Units"
"United States","Consumer price index (CPI)","All Items","Index","Monthly","1965-M05","14.40000366879074","Units"
"United States","Consumer price index (CPI)","All Items","Index","Monthly","1965-M06","14.49172343738177","Units"
"United States","Consumer price index (CPI)","All Items","Index","Monthly","1965-M07","14.49172343738177","Units"
"United States","Consumer price index (CPI)","All Items","Index","Monthly","1965-M08","14.49172343738177","Units"
"United States","Consumer price index (CPI)","All Items","Index","Monthly","1965-M09","14.49172343738177","Units"
"United States","Consumer price index (CPI)","All Items","Index","Monthly","1965-M10","14.53758332167728","Units"
"United States","Consumer price index (CPI)","All Items","Index","Monthly","1965-M11","14.53758332167728","Units"
"United States","Consumer price index (CPI)","All Items","Index","Monthly","1965-M12","14.58344320597279","Units"
"United States","Consumer price index (CPI)","All Items","Index","Monthly","1966-M01","14.58344320597279","Units"
"United States","Consumer price index (CPI)","All Items","Index","Monthly","1966-M02","14.67516297456381","Units"
"United States","Consumer price index (CPI)","All Items","Index","Monthly","1966-M03","14.72102285885933","Units"
"United States","Consumer price index (CPI)","All Items","Index","Monthly","1966-M04","14.81274262745035","Units"
"United States","Consumer price index (CPI)","All Items","Index","Monthly","1966-M05","14.81274262745035","Units"
"United States","Consumer price index (CPI)","All Items","Index","Monthly","1966-M06","14.85860251174586","Units"
"United States","Consumer price index (CPI)","All Items","Index","Monthly","1966-M07","14.90446239604137","Units"
"United States","Consumer price index (CPI)","All Items","Index","Monthly","1966-M08","14.9961821646324","Units"
"United States","Consumer price index (CPI)","All Items","Index","Monthly","1966-M09","14.9961821646324","Units"
"United States","Consumer price index (CPI)","All Items","Index","Monthly","1966-M10","15.08790193322342","Units"
"United States","Consumer price index (CPI)","All Items","Index","Monthly","1966-M11","15.08790193322342","Units"
"United States","Consumer price index (CPI)","All Items","Index","Monthly","1966-M12","15.08790193322342","Units"
"United States","Consumer price index (CPI)","All Items","Index","Monthly","1967-M01","15.08790193322342","Units"
"United States","Consumer price index (CPI)","All Items","Index","Monthly","1967-M02","15.08790193322342","Units"
"United States","Consumer price index (CPI)","All Items","Index","Monthly","1967-M03","15.13376181751893","Units"
"United States","Consumer price index (CPI)","All Items","Index","Monthly","1967-M04","15.17962170181445","Units"
"United States","Consumer price index (CPI)","All Items","Index","Monthly","1967-M05","15.22548158610996","Units"
"United States","Consumer price index (CPI)","All Items","Index","Monthly","1967-M06","15.27134147040547","Units"
"United States","Consumer price index (CPI)","All Items","Index","Monthly","1967-M07","15.31720135470098","Units"
"United States","Consumer price index (CPI)","All Items","Index","Monthly","1967-M08","15.36306123899649","Units"
"United States","Consumer price index (CPI)","All Items","Index","Monthly","1967-M09","15.40892112329201","Units"
"United States","Consumer price index (CPI)","All Items","Index","Monthly","1967-M10","15.45478100758752","Units"
"United States","Consumer price index (CPI)","All Items","Index","Monthly","1967-M11","15.50064089188303","Units"
"United States","Consumer price index (CPI)","All Items","Index","Monthly","1967-M12","15.54650077617854","Units"
"United States","Consumer price index (CPI)","All Items","Index","Monthly","1968-M01","15.63822054476956","Units"
"United States","Consumer price index (CPI)","All Items","Index","Monthly","1968-M02","15.68408042906508","Units"
"United States","Consumer price index (CPI)","All Items","Index","Monthly","1968-M03","15.72994031336059","Units"
"United States","Consumer price index (CPI)","All Items","Index","Monthly","1968-M04","15.7758001976561","Units"
"United States","Consumer price index (CPI)","All Items","Index","Monthly","1968-M05","15.82166008195161","Units"
"United States","Consumer price index (CPI)","All Items","Index","Monthly","1968-M06","15.91337985054264","Units"
"United States","Consumer price index (CPI)","All Items","Index","Monthly","1968-M07","16.00509961913366","Units"
"United States","Consumer price index (CPI)","All Items","Index","Monthly","1968-M08","16.05095950342917","Units"
"United States","Consumer price index (CPI)","All Items","Index","Monthly","1968-M09","16.09681938772468","Units"
"United States","Consumer price index (CPI)","All Items","Index","Monthly","1968-M10","16.18853915631571","Units"
"United States","Consumer price index (CPI)","All Items","Index","Monthly","1968-M11","16.23439904061122","Units"
"United States","Consumer price index (CPI)","All Items","Index","Monthly","1968-M12","16.28025892490673","Units"
"United States","Consumer price index (CPI)","All Items","Index","Monthly","1969-M01","16.32611880920224","Units"
"United States","Consumer price index (CPI)","All Items","Index","Monthly","1969-M02","16.41783857779327","Units"
"United States","Consumer price index (CPI)","All Items","Index","Monthly","1969-M03","16.5554182306798","Units"
"United States","Consumer price index (CPI)","All Items","Index","Monthly","1969-M04","16.64713799927083","Units"
"United States","Consumer price index (CPI)","All Items","Index","Monthly","1969-M05","16.69299788356634","Units"
"United States","Consumer price index (CPI)","All Items","Index","Monthly","1969-M06","16.78471765215736","Units"
"United States","Consumer price index (CPI)","All Items","Index","Monthly","1969-M07","16.87643742074839","Units"
"United States","Consumer price index (CPI)","All Items","Index","Monthly","1969-M08","16.96815718933941","Units"
"United States","Consumer price index (CPI)","All Items","Index","Monthly","1969-M09","17.01401707363492","Units"
"United States","Consumer price index (CPI)","All Items","Index","Monthly","1969-M10","17.10573684222595","Units"
"United States","Consumer price index (CPI)","All Items","Index","Monthly","1969-M11","17.19745661081697","Units"
"United States","Consumer price index (CPI)","All Items","Index","Monthly","1969-M12","17.28917637940799","Units"
"United States","Consumer price index (CPI)","All Items","Index","Monthly","1970-M01","17.33503626370351","Units"
"United States","Consumer price index (CPI)","All Items","Index","Monthly","1970-M02","17.42675603229453","Units"
"United States","Consumer price index (CPI)","All Items","Index","Monthly","1970-M03","17.51847580088555","Units"
"United States","Consumer price index (CPI)","All Items","Index","Monthly","1970-M04","17.65605545377209","Units"
"United States","Consumer price index (CPI)","All Items","Index","Monthly","1970-M05","17.7019153380676","Units"
"United States","Consumer price index (CPI)","All Items","Index","Monthly","1970-M06","17.79363510665862","Units"
"United States","Consumer price index (CPI)","All Items","Index","Monthly","1970-M07","17.88535487524965","Units"
"United States","Consumer price index (CPI)","All Items","Index","Monthly","1970-M08","17.88535487524965","Units"
"United States","Consumer price index (CPI)","All Items","Index","Monthly","1970-M09","17.97707464384067","Units"
"United States","Consumer price index (CPI)","All Items","Index","Monthly","1970-M10","18.0687944124317","Units"
"United States","Consumer price index (CPI)","All Items","Index","Monthly","1970-M11","18.16051418102272","Units"
"United States","Consumer price index (CPI)","All Items","Index","Monthly","1970-M12","18.25223394961374","Units"
"United States","Consumer price index (CPI)","All Items","Index","Monthly","1971-M01","18.25223394961374","Units"
"United States","Consumer price index (CPI)","All Items","Index","Monthly","1971-M02","18.29809383390926","Units"
"United States","Consumer price index (CPI)","All Items","Index","Monthly","1971-M03","18.34395371820477","Units"
"United States","Consumer price index (CPI)","All Items","Index","Monthly","1971-M04","18.38981360250028","Units"
"United States","Consumer price index (CPI)","All Items","Index","Monthly","1971-M05","18.4815333710913","Units"
"United States","Consumer price index (CPI)","All Items","Index","Monthly","1971-M06","18.61911302397784","Units"
"United States","Consumer price index (CPI)","All Items","Index","Monthly","1971-M07","18.66497290827335","Units"
"United States","Consumer price index (CPI)","All Items","Index","Monthly","1971-M08","18.71083279256886","Units"
"United States","Consumer price index (CPI)","All Items","Index","Monthly","1971-M09","18.71083279256886","Units"
"United States","Consumer price index (CPI)","All Items","Index","Monthly","1971-M10","18.75669267686438","Units"
"United States","Consumer price index (CPI)","All Items","Index","Monthly","1971-M11","18.75669267686438","Units"
"United States","Consumer price index (CPI)","All Items","Index","Monthly","1971-M12","18.8484124454554","Units"
"United States","Consumer price index (CPI)","All Items","Index","Monthly","1972-M01","18.8484124454554","Units"
"United States","Consumer price index (CPI)","All Items","Index","Monthly","1972-M02","18.94013221404642","Units"
"United States","Consumer price index (CPI)","All Items","Index","Monthly","1972-M03","18.98599209834193","Units"
"United States","Consumer price index (CPI)","All Items","Index","Monthly","1972-M04","19.03185198263745","Units"
"United States","Consumer price index (CPI)","All Items","Index","Monthly","1972-M05","19.07771186693296","Units"
"United States","Consumer price index (CPI)","All Items","Index","Monthly","1972-M06","19.12357175122847","Units"
"United States","Consumer price index (CPI)","All Items","Index","Monthly","1972-M07","19.21529151981949","Units"
"United States","Consumer price index (CPI)","All Items","Index","Monthly","1972-M08","19.26115140411501","Units"
"United States","Consumer price index (CPI)","All Items","Index","Monthly","1972-M09","19.30701128841052","Units"
"United States","Consumer price index (CPI)","All Items","Index","Monthly","1972-M10","19.39873105700154","Units"
"United States","Consumer price index (CPI)","All Items","Index","Monthly","1972-M11","19.44459094129705","Units"
"United States","Consumer price index (CPI)","All Items","Index","Monthly","1972-M12","19.49045082559257","Units"
"United States","Consumer price index (CPI)","All Items","Index","Monthly","1973-M01","19.53631070988808","Units"
"United States","Consumer price index (CPI)","All Items","Index","Monthly","1973-M02","19.67389036277461","Units"
"United States","Consumer price index (CPI)","All Items","Index","Monthly","1973-M03","19.85732989995666","Units"
"United States","Consumer price index (CPI)","All Items","Index","Monthly","1973-M04","19.9949095528432","Units"
"United States","Consumer price index (CPI)","All Items","Index","Monthly","1973-M05","20.13248920572973","Units"
"United States","Consumer price index (CPI)","All Items","Index","Monthly","1973-M06","20.27006885861627","Units"
"United States","Consumer price index (CPI)","All Items","Index","Monthly","1973-M07","20.31592874291178","Units"
"United States","Consumer price index (CPI)","All Items","Index","Monthly","1973-M08","20.68280781727588","Units"
"United States","Consumer price index (CPI)","All Items","Index","Monthly","1973-M09","20.72866770157139","Units"
"United States","Consumer price index (CPI)","All Items","Index","Monthly","1973-M10","20.91210723875344","Units"
"United States","Consumer price index (CPI)","All Items","Index","Monthly","1973-M11","21.04968689163997","Units"
"United States","Consumer price index (CPI)","All Items","Index","Monthly","1973-M12","21.18726654452651","Units"
"United States","Consumer price index (CPI)","All Items","Index","Monthly","1974-M01","21.37070608170855","Units"
"United States","Consumer price index (CPI)","All Items","Index","Monthly","1974-M02","21.64586538748163","Units"
"United States","Consumer price index (CPI)","All Items","Index","Monthly","1974-M03","21.9210246932547","Units"
"United States","Consumer price index (CPI)","All Items","Index","Monthly","1974-M04","22.01274446184572","Units"
"United States","Consumer price index (CPI)","All Items","Index","Monthly","1974-M05","22.28790376761879","Units"
"United States","Consumer price index (CPI)","All Items","Index","Monthly","1974-M06","22.47134330480084","Units"
"United States","Consumer price index (CPI)","All Items","Index","Monthly","1974-M07","22.65478284198289","Units"
"United States","Consumer price index (CPI)","All Items","Index","Monthly","1974-M08","22.92994214775596","Units"
"United States","Consumer price index (CPI)","All Items","Index","Monthly","1974-M09","23.20510145352903","Units"
"United States","Consumer price index (CPI)","All Items","Index","Monthly","1974-M10","23.43440087500659","Units"
"United States","Consumer price index (CPI)","All Items","Index","Monthly","1974-M11","23.61784041218864","Units"
"United States","Consumer price index (CPI)","All Items","Index","Monthly","1974-M12","23.80127994937069","Units"
"United States","Consumer price index (CPI)","All Items","Index","Monthly","1975-M01","23.89299971796171","Units"
"United States","Consumer price index (CPI)","All Items","Index","Monthly","1975-M02","24.07643925514376","Units"
"United States","Consumer price index (CPI)","All Items","Index","Monthly","1975-M03","24.16815902373478","Units"
"United States","Consumer price index (CPI)","All Items","Index","Monthly","1975-M04","24.25987879232581","Units"
"United States","Consumer price index (CPI)","All Items","Index","Monthly","1975-M05","24.39745844521234","Units"
"United States","Consumer price index (CPI)","All Items","Index","Monthly","1975-M06","24.58089798239439","Units"
"United States","Consumer price index (CPI)","All Items","Index","Monthly","1975-M07","24.85605728816746","Units"
"United States","Consumer price index (CPI)","All Items","Index","Monthly","1975-M08","24.90191717246297","Units"
"United States","Consumer price index (CPI)","All Items","Index","Monthly","1975-M09","25.03949682534951","Units"
"United States","Consumer price index (CPI)","All Items","Index","Monthly","1975-M10","25.17707647823604","Units"
"United States","Consumer price index (CPI)","All Items","Index","Monthly","1975-M11","25.36051601541809","Units"
"United States","Consumer price index (CPI)","All Items","Index","Monthly","1975-M12","25.45223578400912","Units"
"United States","Consumer price index (CPI)","All Items","Index","Monthly","1976-M01","25.49809566830463","Units"
"United States","Consumer price index (CPI)","All Items","Index","Monthly","1976-M02","25.58981543689565","Units"
"United States","Consumer price index (CPI)","All Items","Index","Monthly","1976-M03","25.63567532119116","Units"
"United States","Consumer price index (CPI)","All Items","Index","Monthly","1976-M04","25.72739508978219","Units"
"United States","Consumer price index (CPI)","All Items","Index","Monthly","1976-M05","25.91083462696423","Units"
"United States","Consumer price index (CPI)","All Items","Index","Monthly","1976-M06","26.04841427985077","Units"
"United States","Consumer price index (CPI)","All Items","Index","Monthly","1976-M07","26.18599393273731","Units"
"United States","Consumer price index (CPI)","All Items","Index","Monthly","1976-M08","26.32357358562384","Units"
"United States","Consumer price index (CPI)","All Items","Index","Monthly","1976-M09","26.41529335421487","Units"
"United States","Consumer price index (CPI)","All Items","Index","Monthly","1976-M10","26.5528730071014","Units"
"United States","Consumer price index (CPI)","All Items","Index","Monthly","1976-M11","26.59873289139691","Units"
"United States","Consumer price index (CPI)","All Items","Index","Monthly","1976-M12","26.69045265998794","Units"
"United States","Consumer price index (CPI)","All Items","Index","Monthly","1977-M01","26.82803231287447","Units"
"United States","Consumer price index (CPI)","All Items","Index","Monthly","1977-M02","27.10319161864754","Units"
"United States","Consumer price index (CPI)","All Items","Index","Monthly","1977-M03","27.28663115582959","Units"
"United States","Consumer price index (CPI)","All Items","Index","Monthly","1977-M04","27.51593057730715","Units"
"United States","Consumer price index (CPI)","All Items","Index","Monthly","1977-M05","27.65351023019369","Units"
"United States","Consumer price index (CPI)","All Items","Index","Monthly","1977-M06","27.83694976737574","Units"
"United States","Consumer price index (CPI)","All Items","Index","Monthly","1977-M07","27.97452942026227","Units"
"United States","Consumer price index (CPI)","All Items","Index","Monthly","1977-M08","28.0662491888533","Units"
"United States","Consumer price index (CPI)","All Items","Index","Monthly","1977-M09","28.15796895744432","Units"
"United States","Consumer price index (CPI)","All Items","Index","Monthly","1977-M10","28.24968872603534","Units"
"United States","Consumer price index (CPI)","All Items","Index","Monthly","1977-M11","28.38726837892188","Units"
"United States","Consumer price index (CPI)","All Items","Index","Monthly","1977-M12","28.4789881475129","Units"
"United States","Consumer price index (CPI)","All Items","Index","Monthly","1978-M01","28.66242768469495","Units"
"United States","Consumer price index (CPI)","All Items","Index","Monthly","1978-M02","28.845867221877","Units"
"United States","Consumer price index (CPI)","All Items","Index","Monthly","1978-M03","29.07516664335456","Units"
"United States","Consumer price index (CPI)","All Items","Index","Monthly","1978-M04","29.30446606483212","Units"
"United States","Consumer price index (CPI)","All Items","Index","Monthly","1978-M05","29.57962537060519","Units"
"United States","Consumer price index (CPI)","All Items","Index","Monthly","1978-M06","29.90064456067377","Units"
"United States","Consumer price index (CPI)","All Items","Index","Monthly","1978-M07","30.12994398215133","Units"
"United States","Consumer price index (CPI)","All Items","Index","Monthly","1978-M08","30.26752363503787","Units"
"United States","Consumer price index (CPI)","All Items","Index","Monthly","1978-M09","30.49682305651543","Units"
"United States","Consumer price index (CPI)","All Items","Index","Monthly","1978-M10","30.7719823622885","Units"
"United States","Consumer price index (CPI)","All Items","Index","Monthly","1978-M11","30.90956201517503","Units"
"United States","Consumer price index (CPI)","All Items","Index","Monthly","1978-M12","31.04714166806157","Units"
"United States","Consumer price index (CPI)","All Items","Index","Monthly","1979-M01","31.32230097383464","Units"
"United States","Consumer price index (CPI)","All Items","Index","Monthly","1979-M02","31.68918004819874","Units"
"United States","Consumer price index (CPI)","All Items","Index","Monthly","1979-M03","32.01019923826732","Units"
"United States","Consumer price index (CPI)","All Items","Index","Monthly","1979-M04","32.37707831263142","Units"
"United States","Consumer price index (CPI)","All Items","Index","Monthly","1979-M05","32.78981727129102","Units"
"United States","Consumer price index (CPI)","All Items","Index","Monthly","1979-M06","33.15669634565512","Units"
"United States","Consumer price index (CPI)","All Items","Index","Monthly","1979-M07","33.52357542001921","Units"
"United States","Consumer price index (CPI)","All Items","Index","Monthly","1979-M08","33.8445946100878","Units"
"United States","Consumer price index (CPI)","All Items","Index","Monthly","1979-M09","34.21147368445189","Units"
"United States","Consumer price index (CPI)","All Items","Index","Monthly","1979-M10","34.48663299022496","Units"
"United States","Consumer price index (CPI)","All Items","Index","Monthly","1979-M11","34.80765218029355","Units"
"United States","Consumer price index (CPI)","All Items","Index","Monthly","1979-M12","35.17453125465764","Units"
"United States","Consumer price index (CPI)","All Items","Index","Monthly","1980-M01","35.67898998190827","Units"
"United States","Consumer price index (CPI)","All Items","Index","Monthly","1980-M02","36.1834487091589","Units"
"United States","Consumer price index (CPI)","All Items","Index","Monthly","1980-M03","36.73376732070505","Units"
"United States","Consumer price index (CPI)","All Items","Index","Monthly","1980-M04","37.14650627936466","Units"
"United States","Consumer price index (CPI)","All Items","Index","Monthly","1980-M05","37.51338535372875","Units"
"United States","Consumer price index (CPI)","All Items","Index","Monthly","1980-M06","37.92612431238836","Units"
"United States","Consumer price index (CPI)","All Items","Index","Monthly","1980-M07","37.92612431238836","Units"
"United States","Consumer price index (CPI)","All Items","Index","Monthly","1980-M08","38.20128361816143","Units"
"United States","Consumer price index (CPI)","All Items","Index","Monthly","1980-M09","38.52230280823001","Units"
"United States","Consumer price index (CPI)","All Items","Index","Monthly","1980-M10","38.88918188259411","Units"
"United States","Consumer price index (CPI)","All Items","Index","Monthly","1980-M11","39.21020107266269","Units"
"United States","Consumer price index (CPI)","All Items","Index","Monthly","1980-M12","39.57708014702679","Units"
"United States","Consumer price index (CPI)","All Items","Index","Monthly","1981-M01","39.89809933709537","Units"
"United States","Consumer price index (CPI)","All Items","Index","Monthly","1981-M02","40.31083829575498","Units"
"United States","Consumer price index (CPI)","All Items","Index","Monthly","1981-M03","40.58599760152805","Units"
"United States","Consumer price index (CPI)","All Items","Index","Monthly","1981-M04","40.86115690730112","Units"
"United States","Consumer price index (CPI)","All Items","Index","Monthly","1981-M05","41.1821760973697","Units"
"United States","Consumer price index (CPI)","All Items","Index","Monthly","1981-M06","41.5490551717338","Units"
"United States","Consumer price index (CPI)","All Items","Index","Monthly","1981-M07","42.00765401468892","Units"
"United States","Consumer price index (CPI)","All Items","Index","Monthly","1981-M08","42.3286732047575","Units"
"United States","Consumer price index (CPI)","All Items","Index","Monthly","1981-M09","42.74141216341711","Units"
"United States","Consumer price index (CPI)","All Items","Index","Monthly","1981-M10","42.83313193200813","Units"
"United States","Consumer price index (CPI)","All Items","Index","Monthly","1981-M11","42.97071158489467","Units"
"United States","Consumer price index (CPI)","All Items","Index","Monthly","1981-M12","43.1082912377812","Units"
"United States","Consumer price index (CPI)","All Items","Index","Monthly","1982-M01","43.24587089066774","Units"
"United States","Consumer price index (CPI)","All Items","Index","Monthly","1982-M02","43.38345054355428","Units"
"United States","Consumer price index (CPI)","All Items","Index","Monthly","1982-M03","43.33759065925876","Units"
"United States","Consumer price index (CPI)","All Items","Index","Monthly","1982-M04","43.52103019644081","Units"
"United States","Consumer price index (CPI)","All Items","Index","Monthly","1982-M05","43.93376915510042","Units"
"United States","Consumer price index (CPI)","All Items","Index","Monthly","1982-M06","44.48408776664656","Units"
"United States","Consumer price index (CPI)","All Items","Index","Monthly","1982-M07","44.71338718812412","Units"
"United States","Consumer price index (CPI)","All Items","Index","Monthly","1982-M08","44.80510695671515","Units"
"United States","Consumer price index (CPI)","All Items","Index","Monthly","1982-M09","44.89682672530617","Units"
"United States","Consumer price index (CPI)","All Items","Index","Monthly","1982-M10","45.03440637819271","Units"
"United States","Consumer price index (CPI)","All Items","Index","Monthly","1982-M11","44.94268660960168","Units"
"United States","Consumer price index (CPI)","All Items","Index","Monthly","1982-M12","44.75924707241963","Units"
"United States","Consumer price index (CPI)","All Items","Index","Monthly","1983-M01","44.85096684101066","Units"
"United States","Consumer price index (CPI)","All Items","Index","Monthly","1983-M02","44.89682672530617","Units"
"United States","Consumer price index (CPI)","All Items","Index","Monthly","1983-M03","44.89682672530617","Units"
"United States","Consumer price index (CPI)","All Items","Index","Monthly","1983-M04","45.21784591537475","Units"
"United States","Consumer price index (CPI)","All Items","Index","Monthly","1983-M05","45.49300522114782","Units"
"United States","Consumer price index (CPI)","All Items","Index","Monthly","1983-M06","45.63058487403436","Units"
"United States","Consumer price index (CPI)","All Items","Index","Monthly","1983-M07","45.81402441121641","Units"
"United States","Consumer price index (CPI)","All Items","Index","Monthly","1983-M08","45.95160406410294","Units"
"United States","Consumer price index (CPI)","All Items","Index","Monthly","1983-M09","46.1809034855805","Units"
"United States","Consumer price index (CPI)","All Items","Index","Monthly","1983-M10","46.31848313846704","Units"
"United States","Consumer price index (CPI)","All Items","Index","Monthly","1983-M11","46.41020290705806","Units"
"United States","Consumer price index (CPI)","All Items","Index","Monthly","1983-M12","46.45606279135357","Units"
"United States","Consumer price index (CPI)","All Items","Index","Monthly","1984-M01","46.73122209712665","Units"
"United States","Consumer price index (CPI)","All Items","Index","Monthly","1984-M02","46.96052151860421","Units"
"United States","Consumer price index (CPI)","All Items","Index","Monthly","1984-M03","47.05224128719523","Units"
"United States","Consumer price index (CPI)","All Items","Index","Monthly","1984-M04","47.28154070867279","Units"
"United States","Consumer price index (CPI)","All Items","Index","Monthly","1984-M05","47.41912036155933","Units"
"United States","Consumer price index (CPI)","All Items","Index","Monthly","1984-M06","47.55670001444586","Units"
"United States","Consumer price index (CPI)","All Items","Index","Monthly","1984-M07","47.74013955162791","Units"
"United States","Consumer price index (CPI)","All Items","Index","Monthly","1984-M08","47.92357908880996","Units"
"United States","Consumer price index (CPI)","All Items","Index","Monthly","1984-M09","48.15287851028752","Units"
"United States","Consumer price index (CPI)","All Items","Index","Monthly","1984-M10","48.29045816317405","Units"
"United States","Consumer price index (CPI)","All Items","Index","Monthly","1984-M11","48.29045816317405","Units"
"United States","Consumer price index (CPI)","All Items","Index","Monthly","1984-M12","48.29045816317405","Units"
"United States","Consumer price index (CPI)","All Items","Index","Monthly","1985-M01","48.38217793176508","Units"
"United States","Consumer price index (CPI)","All Items","Index","Monthly","1985-M02","48.61147735324264","Units"
"United States","Consumer price index (CPI)","All Items","Index","Monthly","1985-M03","48.79491689042468","Units"
"United States","Consumer price index (CPI)","All Items","Index","Monthly","1985-M04","49.02421631190224","Units"
"United States","Consumer price index (CPI)","All Items","Index","Monthly","1985-M05","49.20765584908429","Units"
"United States","Consumer price index (CPI)","All Items","Index","Monthly","1985-M06","49.34523550197083","Units"
"United States","Consumer price index (CPI)","All Items","Index","Monthly","1985-M07","49.43695527056185","Units"
"United States","Consumer price index (CPI)","All Items","Index","Monthly","1985-M08","49.52867503915287","Units"
"United States","Consumer price index (CPI)","All Items","Index","Monthly","1985-M09","49.66625469203941","Units"
"United States","Consumer price index (CPI)","All Items","Index","Monthly","1985-M10","49.84969422922146","Units"
"United States","Consumer price index (CPI)","All Items","Index","Monthly","1985-M11","49.98727388210799","Units"
"United States","Consumer price index (CPI)","All Items","Index","Monthly","1985-M12","50.12485353499453","Units"
"United States","Consumer price index (CPI)","All Items","Index","Monthly","1986-M01","50.26243318788106","Units"
"United States","Consumer price index (CPI)","All Items","Index","Monthly","1986-M02","50.12485353499453","Units"
"United States","Consumer price index (CPI)","All Items","Index","Monthly","1986-M03","49.89555411351697","Units"
"United States","Consumer price index (CPI)","All Items","Index","Monthly","1986-M04","49.80383434492595","Units"
"United States","Consumer price index (CPI)","All Items","Index","Monthly","1986-M05","49.94141399781248","Units"
"United States","Consumer price index (CPI)","All Items","Index","Monthly","1986-M06","50.21657330358555","Units"
"United States","Consumer price index (CPI)","All Items","Index","Monthly","1986-M07","50.21657330358555","Units"
"United States","Consumer price index (CPI)","All Items","Index","Monthly","1986-M08","50.30829307217658","Units"
"United States","Consumer price index (CPI)","All Items","Index","Monthly","1986-M09","50.53759249365414","Units"
"United States","Consumer price index (CPI)","All Items","Index","Monthly","1986-M10","50.58345237794965","Units"
"United States","Consumer price index (CPI)","All Items","Index","Monthly","1986-M11","50.62931226224516","Units"
"United States","Consumer price index (CPI)","All Items","Index","Monthly","1986-M12","50.67517214654067","Units"
"United States","Consumer price index (CPI)","All Items","Index","Monthly","1987-M01","50.99619133660926","Units"
"United States","Consumer price index (CPI)","All Items","Index","Monthly","1987-M02","51.1796308737913","Units"
"United States","Consumer price index (CPI)","All Items","Index","Monthly","1987-M03","51.40893029526886","Units"
"United States","Consumer price index (CPI)","All Items","Index","Monthly","1987-M04","51.68408960104193","Units"
"United States","Consumer price index (CPI)","All Items","Index","Monthly","1987-M05","51.86752913822398","Units"
"United States","Consumer price index (CPI)","All Items","Index","Monthly","1987-M06","52.05096867540603","Units"
"United States","Consumer price index (CPI)","All Items","Index","Monthly","1987-M07","52.18854832829256","Units"
"United States","Consumer price index (CPI)","All Items","Index","Monthly","1987-M08","52.46370763406564","Units"
"United States","Consumer price index (CPI)","All Items","Index","Monthly","1987-M09","52.73886693983871","Units"
"United States","Consumer price index (CPI)","All Items","Index","Monthly","1987-M10","52.87644659272524","Units"
"United States","Consumer price index (CPI)","All Items","Index","Monthly","1987-M11","52.92230647702076","Units"
"United States","Consumer price index (CPI)","All Items","Index","Monthly","1987-M12","52.92230647702076","Units"
"United States","Consumer price index (CPI)","All Items","Index","Monthly","1988-M01","53.05988612990729","Units"
"United States","Consumer price index (CPI)","All Items","Index","Monthly","1988-M02","53.19746578279383","Units"
"United States","Consumer price index (CPI)","All Items","Index","Monthly","1988-M03","53.42676520427139","Units"
"United States","Consumer price index (CPI)","All Items","Index","Monthly","1988-M04","53.70192451004446","Units"
"United States","Consumer price index (CPI)","All Items","Index","Monthly","1988-M05","53.88536404722651","Units"
"United States","Consumer price index (CPI)","All Items","Index","Monthly","1988-M06","54.11466346870407","Units"
"United States","Consumer price index (CPI)","All Items","Index","Monthly","1988-M07","54.34396289018163","Units"
"United States","Consumer price index (CPI)","All Items","Index","Monthly","1988-M08","54.57326231165918","Units"
"United States","Consumer price index (CPI)","All Items","Index","Monthly","1988-M09","54.94014138602328","Units"
"United States","Consumer price index (CPI)","All Items","Index","Monthly","1988-M10","55.12358092320533","Units"
"United States","Consumer price index (CPI)","All Items","Index","Monthly","1988-M11","55.16944080750084","Units"
"United States","Consumer price index (CPI)","All Items","Index","Monthly","1988-M12","55.26116057609186","Units"
"United States","Consumer price index (CPI)","All Items","Index","Monthly","1989-M01","55.53631988186494","Units"
"United States","Consumer price index (CPI)","All Items","Index","Monthly","1989-M02","55.76561930334249","Units"
"United States","Consumer price index (CPI)","All Items","Index","Monthly","1989-M03","56.08663849341108","Units"
"United States","Consumer price index (CPI)","All Items","Index","Monthly","1989-M04","56.45351756777517","Units"
"United States","Consumer price index (CPI)","All Items","Index","Monthly","1989-M05","56.77453675784376","Units"
"United States","Consumer price index (CPI)","All Items","Index","Monthly","1989-M06","56.91211641073029","Units"
"United States","Consumer price index (CPI)","All Items","Index","Monthly","1989-M07","57.04969606361683","Units"
"United States","Consumer price index (CPI)","All Items","Index","Monthly","1989-M08","57.14141583220785","Units"
"United States","Consumer price index (CPI)","All Items","Index","Monthly","1989-M09","57.3248553693899","Units"
"United States","Consumer price index (CPI)","All Items","Index","Monthly","1989-M10","57.60001467516297","Units"
"United States","Consumer price index (CPI)","All Items","Index","Monthly","1989-M11","57.73759432804951","Units"
"United States","Consumer price index (CPI)","All Items","Index","Monthly","1989-M12","57.82931409664053","Units"
"United States","Consumer price index (CPI)","All Items","Index","Monthly","1990-M01","58.42549259248219","Units"
"United States","Consumer price index (CPI)","All Items","Index","Monthly","1990-M02","58.70065189825526","Units"
"United States","Consumer price index (CPI)","All Items","Index","Monthly","1990-M03","59.02167108832384","Units"
"United States","Consumer price index (CPI)","All Items","Index","Monthly","1990-M04","59.11339085691486","Units"
"United States","Consumer price index (CPI)","All Items","Index","Monthly","1990-M05","59.2509705098014","Units"
"United States","Consumer price index (CPI)","All Items","Index","Monthly","1990-M06","59.57198969986998","Units"
"United States","Consumer price index (CPI)","All Items","Index","Monthly","1990-M07","59.80128912134754","Units"
"United States","Consumer price index (CPI)","All Items","Index","Monthly","1990-M08","60.35160773289369","Units"
"United States","Consumer price index (CPI)","All Items","Index","Monthly","1990-M09","60.85606646014432","Units"
"United States","Consumer price index (CPI)","All Items","Index","Monthly","1990-M10","61.22294553450841","Units"
"United States","Consumer price index (CPI)","All Items","Index","Monthly","1990-M11","61.36052518739495","Units"
"United States","Consumer price index (CPI)","All Items","Index","Monthly","1990-M12","61.36052518739495","Units"
"United States","Consumer price index (CPI)","All Items","Index","Monthly","1991-M01","61.72740426175904","Units"
"United States","Consumer price index (CPI)","All Items","Index","Monthly","1991-M02","61.81912403035007","Units"
"United States","Consumer price index (CPI)","All Items","Index","Monthly","1991-M03","61.91084379894109","Units"
"United States","Consumer price index (CPI)","All Items","Index","Monthly","1991-M04","62.00256356753212","Units"
"United States","Consumer price index (CPI)","All Items","Index","Monthly","1991-M05","62.18600310471416","Units"
"United States","Consumer price index (CPI)","All Items","Index","Monthly","1991-M06","62.36944264189621","Units"
"United States","Consumer price index (CPI)","All Items","Index","Monthly","1991-M07","62.46116241048724","Units"
"United States","Consumer price index (CPI)","All Items","Index","Monthly","1991-M08","62.64460194766928","Units"
"United States","Consumer price index (CPI)","All Items","Index","Monthly","1991-M09","62.91976125344235","Units"
"United States","Consumer price index (CPI)","All Items","Index","Monthly","1991-M10","63.01148102203338","Units"
"United States","Consumer price index (CPI)","All Items","Index","Monthly","1991-M11","63.19492055921543","Units"
"United States","Consumer price index (CPI)","All Items","Index","Monthly","1991-M12","63.24078044351094","Units"
"United States","Consumer price index (CPI)","All Items","Index","Monthly","1992-M01","63.33250021210196","Units"
"United States","Consumer price index (CPI)","All Items","Index","Monthly","1992-M02","63.56179963357952","Units"
"United States","Consumer price index (CPI)","All Items","Index","Monthly","1992-M03","63.8828188236481","Units"
"United States","Consumer price index (CPI)","All Items","Index","Monthly","1992-M04","63.97453859223913","Units"
"United States","Consumer price index (CPI)","All Items","Index","Monthly","1992-M05","64.06625836083015","Units"
"United States","Consumer price index (CPI)","All Items","Index","Monthly","1992-M06","64.29555778230771","Units"
"United States","Consumer price index (CPI)","All Items","Index","Monthly","1992-M07","64.43313743519425","Units"
"United States","Consumer price index (CPI)","All Items","Index","Monthly","1992-M08","64.6165769723763","Units"
"United States","Consumer price index (CPI)","All Items","Index","Monthly","1992-M09","64.80001650955834","Units"
"United States","Consumer price index (CPI)","All Items","Index","Monthly","1992-M10","65.0293159310359","Units"
"United States","Consumer price index (CPI)","All Items","Index","Monthly","1992-M11","65.12103569962693","Units"
"United States","Consumer price index (CPI)","All Items","Index","Monthly","1992-M12","65.07517581533141","Units"
"United States","Consumer price index (CPI)","All Items","Index","Monthly","1993-M01","65.3961950054","Units"
"United States","Consumer price index (CPI)","All Items","Index","Monthly","1993-M02","65.62549442687756","Units"
"United States","Consumer price index (CPI)","All Items","Index","Monthly","1993-M03","65.85479384835512","Units"
"United States","Consumer price index (CPI)","All Items","Index","Monthly","1993-M04","66.03823338553716","Units"
"United States","Consumer price index (CPI)","All Items","Index","Monthly","1993-M05","66.12995315412819","Units"
"United States","Consumer price index (CPI)","All Items","Index","Monthly","1993-M06","66.22167292271921","Units"
"United States","Consumer price index (CPI)","All Items","Index","Monthly","1993-M07","66.22167292271921","Units"
"United States","Consumer price index (CPI)","All Items","Index","Monthly","1993-M08","66.40511245990126","Units"
"United States","Consumer price index (CPI)","All Items","Index","Monthly","1993-M09","66.5426921127878","Units"
"United States","Consumer price index (CPI)","All Items","Index","Monthly","1993-M10","66.81785141856087","Units"
"United States","Consumer price index (CPI)","All Items","Index","Monthly","1993-M11","66.86371130285638","Units"
"United States","Consumer price index (CPI)","All Items","Index","Monthly","1993-M12","66.86371130285638","Units"
"United States","Consumer price index (CPI)","All Items","Index","Monthly","1994-M01","67.04715084003843","Units"
"United States","Consumer price index (CPI)","All Items","Index","Monthly","1994-M02","67.27645026151599","Units"
"United States","Consumer price index (CPI)","All Items","Index","Monthly","1994-M03","67.50574968299355","Units"
"United States","Consumer price index (CPI)","All Items","Index","Monthly","1994-M04","67.59746945158457","Units"
"United States","Consumer price index (CPI)","All Items","Index","Monthly","1994-M05","67.64332933588008","Units"
"United States","Consumer price index (CPI)","All Items","Index","Monthly","1994-M06","67.87262875735764","Units"
"United States","Consumer price index (CPI)","All Items","Index","Monthly","1994-M07","68.05606829453969","Units"
"United States","Consumer price index (CPI)","All Items","Index","Monthly","1994-M08","68.33122760031276","Units"
"United States","Consumer price index (CPI)","All Items","Index","Monthly","1994-M09","68.51466713749481","Units"
"United States","Consumer price index (CPI)","All Items","Index","Monthly","1994-M10","68.56052702179032","Units"
"United States","Consumer price index (CPI)","All Items","Index","Monthly","1994-M11","68.65224679038134","Units"
"United States","Consumer price index (CPI)","All Items","Index","Monthly","1994-M12","68.65224679038134","Units"
"United States","Consumer price index (CPI)","All Items","Index","Monthly","1995-M01","68.92740609615442","Units"
"United States","Consumer price index (CPI)","All Items","Index","Monthly","1995-M02","69.20256540192749","Units"
"United States","Consumer price index (CPI)","All Items","Index","Monthly","1995-M03","69.43186482340505","Units"
"United States","Consumer price index (CPI)","All Items","Index","Monthly","1995-M04","69.66116424488261","Units"
"United States","Consumer price index (CPI)","All Items","Index","Monthly","1995-M05","69.79874389776914","Units"
"United States","Consumer price index (CPI)","All Items","Index","Monthly","1995-M06","69.93632355065568","Units"
"United States","Consumer price index (CPI)","All Items","Index","Monthly","1995-M07","69.93632355065568","Units"
"United States","Consumer price index (CPI)","All Items","Index","Monthly","1995-M08","70.11976308783773","Units"
"United States","Consumer price index (CPI)","All Items","Index","Monthly","1995-M09","70.25734274072426","Units"
"United States","Consumer price index (CPI)","All Items","Index","Monthly","1995-M10","70.48664216220182","Units"
"United States","Consumer price index (CPI)","All Items","Index","Monthly","1995-M11","70.44078227790631","Units"
"United States","Consumer price index (CPI)","All Items","Index","Monthly","1995-M12","70.3949223936108","Units"
"United States","Consumer price index (CPI)","All Items","Index","Monthly","1996-M01","70.8076613522704","Units"
"United States","Consumer price index (CPI)","All Items","Index","Monthly","1996-M02","71.03696077374796","Units"
"United States","Consumer price index (CPI)","All Items","Index","Monthly","1996-M03","71.40383984811206","Units"
"United States","Consumer price index (CPI)","All Items","Index","Monthly","1996-M04","71.67899915388513","Units"
"United States","Consumer price index (CPI)","All Items","Index","Monthly","1996-M05","71.81657880677167","Units"
"United States","Consumer price index (CPI)","All Items","Index","Monthly","1996-M06","71.86243869106718","Units"
"United States","Consumer price index (CPI)","All Items","Index","Monthly","1996-M07","72.00001834395371","Units"
"United States","Consumer price index (CPI)","All Items","Index","Monthly","1996-M08","72.13759799684025","Units"
"United States","Consumer price index (CPI)","All Items","Index","Monthly","1996-M09","72.36689741831781","Units"
"United States","Consumer price index (CPI)","All Items","Index","Monthly","1996-M10","72.59619683979537","Units"
"United States","Consumer price index (CPI)","All Items","Index","Monthly","1996-M11","72.73377649268191","Units"
"United States","Consumer price index (CPI)","All Items","Index","Monthly","1996-M12","72.73377649268191","Units"
"United States","Consumer price index (CPI)","All Items","Index","Monthly","1997-M01","72.96307591415946","Units"
"United States","Consumer price index (CPI)","All Items","Index","Monthly","1997-M02","73.19237533563702","Units"
"United States","Consumer price index (CPI)","All Items","Index","Monthly","1997-M03","73.37581487281907","Units"
"United States","Consumer price index (CPI)","All Items","Index","Monthly","1997-M04","73.4675346414101","Units"
"United States","Consumer price index (CPI)","All Items","Index","Monthly","1997-M05","73.42167475711458","Units"
"United States","Consumer price index (CPI)","All Items","Index","Monthly","1997-M06","73.51339452570561","Units"
"United States","Consumer price index (CPI)","All Items","Index","Monthly","1997-M07","73.60511429429663","Units"
"United States","Consumer price index (CPI)","All Items","Index","Monthly","1997-M08","73.74269394718317","Units"
"United States","Consumer price index (CPI)","All Items","Index","Monthly","1997-M09","73.92613348436522","Units"
"United States","Consumer price index (CPI)","All Items","Index","Monthly","1997-M10","74.10957302154726","Units"
"United States","Consumer price index (CPI)","All Items","Index","Monthly","1997-M11","74.06371313725175","Units"
"United States","Consumer price index (CPI)","All Items","Index","Monthly","1997-M12","73.97199336866073","Units"
"United States","Consumer price index (CPI)","All Items","Index","Monthly","1998-M01","74.10957302154726","Units"
"United States","Consumer price index (CPI)","All Items","Index","Monthly","1998-M02","74.2471526744338","Units"
"United States","Consumer price index (CPI)","All Items","Index","Monthly","1998-M03","74.38473232732033","Units"
"United States","Consumer price index (CPI)","All Items","Index","Monthly","1998-M04","74.52231198020687","Units"
"United States","Consumer price index (CPI)","All Items","Index","Monthly","1998-M05","74.65989163309341","Units"
"United States","Consumer price index (CPI)","All Items","Index","Monthly","1998-M06","74.75161140168443","Units"
"United States","Consumer price index (CPI)","All Items","Index","Monthly","1998-M07","74.84333117027545","Units"
"United States","Consumer price index (CPI)","All Items","Index","Monthly","1998-M08","74.93505093886648","Units"
"United States","Consumer price index (CPI)","All Items","Index","Monthly","1998-M09","75.0267707074575","Units"
"United States","Consumer price index (CPI)","All Items","Index","Monthly","1998-M10","75.21021024463955","Units"
"United States","Consumer price index (CPI)","All Items","Index","Monthly","1998-M11","75.21021024463955","Units"
"United States","Consumer price index (CPI)","All Items","Index","Monthly","1998-M12","75.16435036034404","Units"
"United States","Consumer price index (CPI)","All Items","Index","Monthly","1999-M01","75.34778989752608","Units"
"United States","Consumer price index (CPI)","All Items","Index","Monthly","1999-M02","75.43950966611711","Units"
"United States","Consumer price index (CPI)","All Items","Index","Monthly","1999-M03","75.66880908759467","Units"
"United States","Consumer price index (CPI)","All Items","Index","Monthly","1999-M04","76.21912769914081","Units"
"United States","Consumer price index (CPI)","All Items","Index","Monthly","1999-M05","76.21912769914081","Units"
"United States","Consumer price index (CPI)","All Items","Index","Monthly","1999-M06","76.21912769914081","Units"
"United States","Consumer price index (CPI)","All Items","Index","Monthly","1999-M07","76.44842712061837","Units"
"United States","Consumer price index (CPI)","All Items","Index","Monthly","1999-M08","76.63186665780042","Units"
"United States","Consumer price index (CPI)","All Items","Index","Monthly","1999-M09","76.99874573216451","Units"
"United States","Consumer price index (CPI)","All Items","Index","Monthly","1999-M10","77.13632538505105","Units"
"United States","Consumer price index (CPI)","All Items","Index","Monthly","1999-M11","77.18218526934656","Units"
"United States","Consumer price index (CPI)","All Items","Index","Monthly","1999-M12","77.18218526934656","Units"
"United States","Consumer price index (CPI)","All Items","Index","Monthly","2000-M01","77.41148469082412","Units"
"United States","Consumer price index (CPI)","All Items","Index","Monthly","2000-M02","77.87008353377924","Units"
"United States","Consumer price index (CPI)","All Items","Index","Monthly","2000-M03","78.51212191391641","Units"
"United States","Consumer price index (CPI)","All Items","Index","Monthly","2000-M04","78.55798179821192","Units"
"United States","Consumer price index (CPI)","All Items","Index","Monthly","2000-M05","78.64970156680294","Units"
"United States","Consumer price index (CPI)","All Items","Index","Monthly","2000-M06","79.06244052546255","Units"
"United States","Consumer price index (CPI)","All Items","Index","Monthly","2000-M07","79.2458800626446","Units"
"United States","Consumer price index (CPI)","All Items","Index","Monthly","2000-M08","79.2458800626446","Units"
"United States","Consumer price index (CPI)","All Items","Index","Monthly","2000-M09","79.65861902130421","Units"
"United States","Consumer price index (CPI)","All Items","Index","Monthly","2000-M10","79.79619867419074","Units"
"United States","Consumer price index (CPI)","All Items","Index","Monthly","2000-M11","79.84205855848625","Units"
"United States","Consumer price index (CPI)","All Items","Index","Monthly","2000-M12","79.79619867419074","Units"
"United States","Consumer price index (CPI)","All Items","Index","Monthly","2001-M01","80.30065740144137","Units"
"United States","Consumer price index (CPI)","All Items","Index","Monthly","2001-M02","80.62167659150996","Units"
"United States","Consumer price index (CPI)","All Items","Index","Monthly","2001-M03","80.805116128692","Units"
"United States","Consumer price index (CPI)","All Items","Index","Monthly","2001-M04","81.12613531876059","Units"
"United States","Consumer price index (CPI)","All Items","Index","Monthly","2001-M05","81.49301439312468","Units"
"United States","Consumer price index (CPI)","All Items","Index","Monthly","2001-M06","81.63059404601122","Units"
"United States","Consumer price index (CPI)","All Items","Index","Monthly","2001-M07","81.40129462453366","Units"
"United States","Consumer price index (CPI)","All Items","Index","Monthly","2001-M08","81.40129462453366","Units"
"United States","Consumer price index (CPI)","All Items","Index","Monthly","2001-M09","81.76817369889775","Units"
"United States","Consumer price index (CPI)","All Items","Index","Monthly","2001-M10","81.49301439312468","Units"
"United States","Consumer price index (CPI)","All Items","Index","Monthly","2001-M11","81.35543474023815","Units"
"United States","Consumer price index (CPI)","All Items","Index","Monthly","2001-M12","81.03441555016956","Units"
"United States","Consumer price index (CPI)","All Items","Index","Monthly","2002-M01","81.21785508735161","Units"
"United States","Consumer price index (CPI)","All Items","Index","Monthly","2002-M02","81.53887427742019","Units"
"United States","Consumer price index (CPI)","All Items","Index","Monthly","2002-M03","81.99747312037531","Units"
"United States","Consumer price index (CPI)","All Items","Index","Monthly","2002-M04","82.45607196333043","Units"
"United States","Consumer price index (CPI)","All Items","Index","Monthly","2002-M05","82.45607196333043","Units"
"United States","Consumer price index (CPI)","All Items","Index","Monthly","2002-M06","82.50193184762594","Units"
"United States","Consumer price index (CPI)","All Items","Index","Monthly","2002-M07","82.59365161621697","Units"
"United States","Consumer price index (CPI)","All Items","Index","Monthly","2002-M08","82.86881092199004","Units"
"United States","Consumer price index (CPI)","All Items","Index","Monthly","2002-M09","83.00639057487658","Units"
"United States","Consumer price index (CPI)","All Items","Index","Monthly","2002-M10","83.14397022776311","Units"
"United States","Consumer price index (CPI)","All Items","Index","Monthly","2002-M11","83.14397022776311","Units"
"United States","Consumer price index (CPI)","All Items","Index","Monthly","2002-M12","82.96053069058106","Units"
"United States","Consumer price index (CPI)","All Items","Index","Monthly","2003-M01","83.32740976494516","Units"
"United States","Consumer price index (CPI)","All Items","Index","Monthly","2003-M02","83.96944814508233","Units"
"United States","Consumer price index (CPI)","All Items","Index","Monthly","2003-M03","84.47390687233296","Units"
"United States","Consumer price index (CPI)","All Items","Index","Monthly","2003-M04","84.29046733515091","Units"
"United States","Consumer price index (CPI)","All Items","Index","Monthly","2003-M05","84.15288768226437","Units"
"United States","Consumer price index (CPI)","All Items","Index","Monthly","2003-M06","84.2446074508554","Units"
"United States","Consumer price index (CPI)","All Items","Index","Monthly","2003-M07","84.33632721944642","Units"
"United States","Consumer price index (CPI)","All Items","Index","Monthly","2003-M08","84.657346409515","Units"
"United States","Consumer price index (CPI)","All Items","Index","Monthly","2003-M09","84.93250571528808","Units"
"United States","Consumer price index (CPI)","All Items","Index","Monthly","2003-M10","84.84078594669705","Units"
"United States","Consumer price index (CPI)","All Items","Index","Monthly","2003-M11","84.61148652521949","Units"
"United States","Consumer price index (CPI)","All Items","Index","Monthly","2003-M12","84.51976675662847","Units"
"United States","Consumer price index (CPI)","All Items","Index","Monthly","2004-M01","84.93250571528808","Units"
"United States","Consumer price index (CPI)","All Items","Index","Monthly","2004-M02","85.3911045582432","Units"
"United States","Consumer price index (CPI)","All Items","Index","Monthly","2004-M03","85.94142316978934","Units"
"United States","Consumer price index (CPI)","All Items","Index","Monthly","2004-M04","86.21658247556241","Units"
"United States","Consumer price index (CPI)","All Items","Index","Monthly","2004-M05","86.72104120281304","Units"
"United States","Consumer price index (CPI)","All Items","Index","Monthly","2004-M06","86.99620050858611","Units"
"United States","Consumer price index (CPI)","All Items","Index","Monthly","2004-M07","86.85862085569958","Units"
"United States","Consumer price index (CPI)","All Items","Index","Monthly","2004-M08","86.90448073999509","Units"
"United States","Consumer price index (CPI)","All Items","Index","Monthly","2004-M09","87.08792027717714","Units"
"United States","Consumer price index (CPI)","All Items","Index","Monthly","2004-M10","87.54651912013226","Units"
"United States","Consumer price index (CPI)","All Items","Index","Monthly","2004-M11","87.59237900442777","Units"
"United States","Consumer price index (CPI)","All Items","Index","Monthly","2004-M12","87.27135981435918","Units"
"United States","Consumer price index (CPI)","All Items","Index","Monthly","2005-M01","87.45479935154123","Units"
"United States","Consumer price index (CPI)","All Items","Index","Monthly","2005-M02","87.95925807879186","Units"
"United States","Consumer price index (CPI)","All Items","Index","Monthly","2005-M03","88.64715634322454","Units"
"United States","Consumer price index (CPI)","All Items","Index","Monthly","2005-M04","89.2433348390662","Units"
"United States","Consumer price index (CPI)","All Items","Index","Monthly","2005-M05","89.15161507047517","Units"
"United States","Consumer price index (CPI)","All Items","Index","Monthly","2005-M06","89.19747495477068","Units"
"United States","Consumer price index (CPI)","All Items","Index","Monthly","2005-M07","89.61021391343029","Units"
"United States","Consumer price index (CPI)","All Items","Index","Monthly","2005-M08","90.06881275638541","Units"
"United States","Consumer price index (CPI)","All Items","Index","Monthly","2005-M09","91.1694499794777","Units"
"United States","Consumer price index (CPI)","All Items","Index","Monthly","2005-M10","91.35288951665974","Units"
"United States","Consumer price index (CPI)","All Items","Index","Monthly","2005-M11","90.61913136793155","Units"
"United States","Consumer price index (CPI)","All Items","Index","Monthly","2005-M12","90.25225229356746","Units"
"United States","Consumer price index (CPI)","All Items","Index","Monthly","2006-M01","90.94015055800014","Units"
"United States","Consumer price index (CPI)","All Items","Index","Monthly","2006-M02","91.12359009518219","Units"
"United States","Consumer price index (CPI)","All Items","Index","Monthly","2006-M03","91.62804882243282","Units"
"United States","Consumer price index (CPI)","All Items","Index","Monthly","2006-M04","92.40766685545652","Units"
"United States","Consumer price index (CPI)","All Items","Index","Monthly","2006-M05","92.86626569841164","Units"
"United States","Consumer price index (CPI)","All Items","Index","Monthly","2006-M06","93.04970523559369","Units"
"United States","Consumer price index (CPI)","All Items","Index","Monthly","2006-M07","93.32486454136676","Units"
"United States","Consumer price index (CPI)","All Items","Index","Monthly","2006-M08","93.5083040785488","Units"
"United States","Consumer price index (CPI)","All Items","Index","Monthly","2006-M09","93.04970523559369","Units"
"United States","Consumer price index (CPI)","All Items","Index","Monthly","2006-M10","92.54524650834305","Units"
"United States","Consumer price index (CPI)","All Items","Index","Monthly","2006-M11","92.40766685545652","Units"
"United States","Consumer price index (CPI)","All Items","Index","Monthly","2006-M12","92.54524650834305","Units"
"United States","Consumer price index (CPI)","All Items","Index","Monthly","2007-M01","92.82774339560341","Units"
"United States","Consumer price index (CPI)","All Items","Index","Monthly","2007-M02","93.3244059425238","Units"
"United States","Consumer price index (CPI)","All Items","Index","Monthly","2007-M03","94.17418959851964","Units"
"United States","Consumer price index (CPI)","All Items","Index","Monthly","2007-M04","94.78596045502177","Units"
"United States","Consumer price index (CPI)","All Items","Index","Monthly","2007-M05","95.36517079367408","Units"
"United States","Consumer price index (CPI)","All Items","Index","Monthly","2007-M06","95.549986127385","Units"
"United States","Consumer price index (CPI)","All Items","Index","Monthly","2007-M07","95.52568038870837","Units"
"United States","Consumer price index (CPI)","All Items","Index","Monthly","2007-M08","95.35049563069952","Units"
"United States","Consumer price index (CPI)","All Items","Index","Monthly","2007-M09","95.6132727677128","Units"
"United States","Consumer price index (CPI)","All Items","Index","Monthly","2007-M10","95.81780785167079","Units"
"United States","Consumer price index (CPI)","All Items","Index","Monthly","2007-M11","96.38692901577809","Units"
"United States","Consumer price index (CPI)","All Items","Index","Monthly","2007-M12","96.32226657892142","Units"
"United States","Consumer price index (CPI)","All Items","Index","Monthly","2008-M01","96.80104377096656","Units"
"United States","Consumer price index (CPI)","All Items","Index","Monthly","2008-M02","97.08216486169805","Units"
"United States","Consumer price index (CPI)","All Items","Index","Monthly","2008-M03","97.92369373852069","Units"
"United States","Consumer price index (CPI)","All Items","Index","Monthly","2008-M04","98.51757924014757","Units"
"United States","Consumer price index (CPI)","All Items","Index","Monthly","2008-M05","99.34718454705338","Units"
"United States","Consumer price index (CPI)","All Items","Index","Monthly","2008-M06","100.3483058212244","Units"
"United States","Consumer price index (CPI)","All Items","Index","Monthly","2008-M07","100.8752358917798","Units"
"United States","Consumer price index (CPI)","All Items","Index","Monthly","2008-M08","100.4725861076652","Units"
"United States","Consumer price index (CPI)","All Items","Index","Monthly","2008-M09","100.3336306582498","Units"
"United States","Consumer price index (CPI)","All Items","Index","Monthly","2008-M10","99.32012721531903","Units"
"United States","Consumer price index (CPI)","All Items","Index","Monthly","2008-M11","97.4178592147412","Units"
"United States","Consumer price index (CPI)","All Items","Index","Monthly","2008-M12","96.4103175567688","Units"
"United States","Consumer price index (CPI)","All Items","Index","Monthly","2009-M01","96.82993549807273","Units"
"United States","Consumer price index (CPI)","All Items","Index","Monthly","2009-M02","97.31146428317561","Units"
"United States","Consumer price index (CPI)","All Items","Index","Monthly","2009-M03","97.54810128614045","Units"
"United States","Consumer price index (CPI)","All Items","Index","Monthly","2009-M04","97.79161727174962","Units"
"United States","Consumer price index (CPI)","All Items","Index","Monthly","2009-M05","98.07411415900997","Units"
"United States","Consumer price index (CPI)","All Items","Index","Monthly","2009-M06","98.91656023351853","Units"
"United States","Consumer price index (CPI)","All Items","Index","Monthly","2009-M07","98.75971942922787","Units"
"United States","Consumer price index (CPI)","All Items","Index","Monthly","2009-M08","98.9812226703752","Units"
"United States","Consumer price index (CPI)","All Items","Index","Monthly","2009-M09","99.04313351417414","Units"
"United States","Consumer price index (CPI)","All Items","Index","Monthly","2009-M10","99.1385220735088","Units"
"United States","Consumer price index (CPI)","All Items","Index","Monthly","2009-M11","99.20868769648094","Units"
"United States","Consumer price index (CPI)","All Items","Index","Monthly","2009-M12","99.03396153731504","Units"
"United States","Consumer price index (CPI)","All Items","Index","Monthly","2010-M01","99.37240748341591","Units"
"United States","Consumer price index (CPI)","All Items","Index","Monthly","2010-M02","99.39717182093549","Units"
"United States","Consumer price index (CPI)","All Items","Index","Monthly","2010-M03","99.80532479116555","Units"
"United States","Consumer price index (CPI)","All Items","Index","Monthly","2010-M04","99.97867515380258","Units"
"United States","Consumer price index (CPI)","All Items","Index","Monthly","2010-M05","100.056178358262","Units"
"United States","Consumer price index (CPI)","All Items","Index","Monthly","2010-M06","99.95849680471256","Units"
"United States","Consumer price index (CPI)","All Items","Index","Monthly","2010-M07","99.97959235148849","Units"
"United States","Consumer price index (CPI)","All Items","Index","Monthly","2010-M08","100.117630603218","Units"
"United States","Consumer price index (CPI)","All Items","Index","Monthly","2010-M09","100.1758726562733","Units"
"United States","Consumer price index (CPI)","All Items","Index","Monthly","2010-M10","100.3006115415571","Units"
"United States","Consumer price index (CPI)","All Items","Index","Monthly","2010-M11","100.3428026351089","Units"
"United States","Consumer price index (CPI)","All Items","Index","Monthly","2010-M12","100.5152358000601","Units"
"United States","Consumer price index (CPI)","All Items","Index","Monthly","2011-M01","100.9940129921052","Units"
"United States","Consumer price index (CPI)","All Items","Index","Monthly","2011-M02","101.4920513355545","Units"
"United States","Consumer price index (CPI)","All Items","Index","Monthly","2011-M03","102.4817076386516","Units"
"United States","Consumer price index (CPI)","All Items","Index","Monthly","2011-M04","103.141631373664","Units"
"United States","Consumer price index (CPI)","All Items","Index","Monthly","2011-M05","103.6268289495106","Units"
"United States","Consumer price index (CPI)","All Items","Index","Monthly","2011-M06","103.5158480295154","Units"
"United States","Consumer price index (CPI)","All Items","Index","Monthly","2011-M07","103.6075677981064","Units"
"United States","Consumer price index (CPI)","All Items","Index","Monthly","2011-M08","103.8932748772675","Units"
"United States","Consumer price index (CPI)","All Items","Index","Monthly","2011-M09","104.051032879244","Units"
"United States","Consumer price index (CPI)","All Items","Index","Monthly","2011-M10","103.836408620741","Units"
"United States","Consumer price index (CPI)","All Items","Index","Monthly","2011-M11","103.7488162417366","Units"
"United States","Consumer price index (CPI)","All Items","Index","Monthly","2011-M12","103.4929180873677","Units"
"United States","Consumer price index (CPI)","All Items","Index","Monthly","2012-M01","103.9483067384221","Units"
"United States","Consumer price index (CPI)","All Items","Index","Monthly","2012-M02","104.4059883836913","Units"
"United States","Consumer price index (CPI)","All Items","Index","Monthly","2012-M03","105.1989057831607","Units"
"United States","Consumer price index (CPI)","All Items","Index","Monthly","2012-M04","105.5167147813286","Units"
"United States","Consumer price index (CPI)","All Items","Index","Monthly","2012-M05","105.3928930937307","Units"
"United States","Consumer price index (CPI)","All Items","Index","Monthly","2012-M06","105.2383452836548","Units"
"United States","Consumer price index (CPI)","All Items","Index","Monthly","2012-M07","105.0668293163896","Units"
"United States","Consumer price index (CPI)","All Items","Index","Monthly","2012-M08","105.6515428411574","Units"
"United States","Consumer price index (CPI)","All Items","Index","Monthly","2012-M09","106.1229824517153","Units"
"United States","Consumer price index (CPI)","All Items","Index","Monthly","2012-M10","106.0817085558493","Units"
"United States","Consumer price index (CPI)","All Items","Index","Monthly","2012-M11","105.5790842239705","Units"
"United States","Consumer price index (CPI)","All Items","Index","Monthly","2012-M12","105.2947529413383","Units"
"United States","Consumer price index (CPI)","All Items","Index","Monthly","2013-M01","105.6061415557048","Units"
"United States","Consumer price index (CPI)","All Items","Index","Monthly","2013-M02","106.4710589735182","Units"
"United States","Consumer price index (CPI)","All Items","Index","Monthly","2013-M03","106.749428471192","Units"
"United States","Consumer price index (CPI)","All Items","Index","Monthly","2013-M04","106.6384475511968","Units"
"United States","Consumer price index (CPI)","All Items","Index","Monthly","2013-M05","106.8283074721802","Units"
"United States","Consumer price index (CPI)","All Items","Index","Monthly","2013-M06","107.0846642253922","Units"
"United States","Consumer price index (CPI)","All Items","Index","Monthly","2013-M07","107.126855318944","Units"
"United States","Consumer price index (CPI)","All Items","Index","Monthly","2013-M08","107.2557215938144","Units"
"United States","Consumer price index (CPI)","All Items","Index","Monthly","2013-M09","107.3804604790982","Units"
"United States","Consumer price index (CPI)","All Items","Index","Monthly","2013-M10","107.1039253767963","Units"
"United States","Consumer price index (CPI)","All Items","Index","Monthly","2013-M11","106.8851737287067","Units"
"United States","Consumer price index (CPI)","All Items","Index","Monthly","2013-M12","106.8760017518476","Units"
"United States","Consumer price index (CPI)","All Items","Index","Monthly","2014-M01","107.2736069486897","Units"
"United States","Consumer price index (CPI)","All Items","Index","Monthly","2014-M02","107.6702949478458","Units"
"United States","Consumer price index (CPI)","All Items","Index","Monthly","2014-M03","108.363696398394","Units"
"United States","Consumer price index (CPI)","All Items","Index","Monthly","2014-M04","108.720944897056","Units"
"United States","Consumer price index (CPI)","All Items","Index","Monthly","2014-M05","109.1006647390229","Units"
"United States","Consumer price index (CPI)","All Items","Index","Monthly","2014-M06","109.303824026452","Units"
"United States","Consumer price index (CPI)","All Items","Index","Monthly","2014-M07","109.2611743340571","Units"
"United States","Consumer price index (CPI)","All Items","Index","Monthly","2014-M08","109.078651994561","Units"
"United States","Consumer price index (CPI)","All Items","Index","Monthly","2014-M09","109.16074118745","Units"
"United States","Consumer price index (CPI)","All Items","Index","Monthly","2014-M10","108.8864990793628","Units"
"United States","Consumer price index (CPI)","All Items","Index","Monthly","2014-M11","108.2985753626944","Units"
"United States","Consumer price index (CPI)","All Items","Index","Monthly","2014-M12","107.6845115119774","Units"
"United States","Consumer price index (CPI)","All Items","Index","Monthly","2015-M01","107.177759790512","Units"
"United States","Consumer price index (CPI)","All Items","Index","Monthly","2015-M02","107.6432376161115","Units"
"United States","Consumer price index (CPI)","All Items","Index","Monthly","2015-M03","108.2839001997198","Units"
"United States","Consumer price index (CPI)","All Items","Index","Monthly","2015-M04","108.5040276443382","Units"
"United States","Consumer price index (CPI)","All Items","Index","Monthly","2015-M05","109.0570978489421","Units"
"United States","Consumer price index (CPI)","All Items","Index","Monthly","2015-M06","109.4391106851237","Units"
"United States","Consumer price index (CPI)","All Items","Index","Monthly","2015-M07","109.446448266611","Units"
"United States","Consumer price index (CPI)","All Items","Index","Monthly","2015-M08","109.2914418576922","Units"
"United States","Consumer price index (CPI)","All Items","Index","Monthly","2015-M09","109.1213016869558","Units"
"United States","Consumer price index (CPI)","All Items","Index","Monthly","2015-M10","109.0722316107596","Units"
"United States","Consumer price index (CPI)","All Items","Index","Monthly","2015-M11","108.8420149915962","Units"
"United States","Consumer price index (CPI)","All Items","Index","Monthly","2015-M12","108.4700913299596","Units"
"United States","Consumer price index (CPI)","All Items","Index","Monthly","2016-M01","108.649403477555","Units"
"United States","Consumer price index (CPI)","All Items","Index","Monthly","2016-M02","108.7388302519313","Units"
"United States","Consumer price index (CPI)","All Items","Index","Monthly","2016-M03","109.2070596705884","Units"
"United States","Consumer price index (CPI)","All Items","Index","Monthly","2016-M04","109.7248177642848","Units"
"United States","Consumer price index (CPI)","All Items","Index","Monthly","2016-M05","110.1687414442653","Units"
"United States","Consumer price index (CPI)","All Items","Index","Monthly","2016-M06","110.5305759313569","Units"
"United States","Consumer price index (CPI)","All Items","Index","Monthly","2016-M07","110.3517223826044","Units"
"United States","Consumer price index (CPI)","All Items","Index","Monthly","2016-M08","110.4530727268975","Units"
"United States","Consumer price index (CPI)","All Items","Index","Monthly","2016-M09","110.7186014569685","Units"
"United States","Consumer price index (CPI)","All Items","Index","Monthly","2016-M10","110.856639708698","Units"
"United States","Consumer price index (CPI)","All Items","Index","Monthly","2016-M11","110.6842065437469","Units"
"United States","Consumer price index (CPI)","All Items","Index","Monthly","2016-M12","110.7204358523403","Units"
"United States","Consumer price index (CPI)","All Items","Index","Monthly","2017-M01","111.3656844243782","Units"
"United States","Consumer price index (CPI)","All Items","Index","Monthly","2017-M02","111.7160539403959","Units"
"United States","Consumer price index (CPI)","All Items","Index","Monthly","2017-M03","111.806856511301","Units"
"United States","Consumer price index (CPI)","All Items","Index","Monthly","2017-M04","112.1384234747576","Units"
"United States","Consumer price index (CPI)","All Items","Index","Monthly","2017-M05","112.2342706329352","Units"
"United States","Consumer price index (CPI)","All Items","Index","Monthly","2017-M06","112.3360795760712","Units"
"United States","Consumer price index (CPI)","All Items","Index","Monthly","2017-M07","112.2585763716118","Units"
"United States","Consumer price index (CPI)","All Items","Index","Monthly","2017-M08","112.5947293234979","Units"
"United States","Consumer price index (CPI)","All Items","Index","Monthly","2017-M09","113.1909078193396","Units"
"United States","Consumer price index (CPI)","All Items","Index","Monthly","2017-M10","113.1193663998386","Units"
"United States","Consumer price index (CPI)","All Items","Index","Monthly","2017-M11","113.1221179928963","Units"
"United States","Consumer price index (CPI)","All Items","Index","Monthly","2017-M12","113.0556211606678","Units"
"United States","Consumer price index (CPI)","All Items","Index","Monthly","2018-M01","113.6715194067565","Units"
"United States","Consumer price index (CPI)","All Items","Index","Monthly","2018-M02","114.1869845062381","Units"
"United States","Consumer price index (CPI)","All Items","Index","Monthly","2018-M03","114.4451756548218","Units"
"United States","Consumer price index (CPI)","All Items","Index","Monthly","2018-M04","114.9001057070333","Units"
"United States","Consumer price index (CPI)","All Items","Index","Monthly","2018-M05","115.3779657013925","Units"
"United States","Consumer price index (CPI)","All Items","Index","Monthly","2018-M06","115.5618638374175","Units"
"United States","Consumer price index (CPI)","All Items","Index","Monthly","2018-M07","115.5696600177478","Units"
"United States","Consumer price index (CPI)","All Items","Index","Monthly","2018-M08","115.6338638557615","Units"
"United States","Consumer price index (CPI)","All Items","Index","Monthly","2018-M09","115.7682333167473","Units"
"United States","Consumer price index (CPI)","All Items","Index","Monthly","2018-M10","115.9727684007053","Units"
"United States","Consumer price index (CPI)","All Items","Index","Monthly","2018-M11","115.5843351807223","Units"
"United States","Consumer price index (CPI)","All Items","Index","Monthly","2018-M12","115.2151631121435","Units"
"United States","Consumer price index (CPI)","All Items","Index","Monthly","2019-M01","115.434831957919","Units"
"United States","Consumer price index (CPI)","All Items","Index","Monthly","2019-M02","115.9227811268232","Units"
"United States","Consumer price index (CPI)","All Items","Index","Monthly","2019-M03","116.5767430768772","Units"
"United States","Consumer price index (CPI)","All Items","Index","Monthly","2019-M04","117.1940171194948","Units"
"United States","Consumer price index (CPI)","All Items","Index","Monthly","2019-M05","117.4434948900624","Units"
"United States","Consumer price index (CPI)","All Items","Index","Monthly","2019-M06","117.4668834310531","Units"
"United States","Consumer price index (CPI)","All Items","Index","Monthly","2019-M07","117.6631637358379","Units"
"United States","Consumer price index (CPI)","All Items","Index","Monthly","2019-M08","117.6572019508795","Units"
"United States","Consumer price index (CPI)","All Items","Index","Monthly","2019-M09","117.7493803183135","Units"
"United States","Consumer price index (CPI)","All Items","Index","Monthly","2019-M10","118.0185778391281","Units"
"United States","Consumer price index (CPI)","All Items","Index","Monthly","2019-M11","117.9552911988003","Units"
"United States","Consumer price index (CPI)","All Items","Index","Monthly","2019-M12","117.8479790695488","Units"
"United States","Consumer price index (CPI)","All Items","Index","Monthly","2020-M01","118.3052021159751","Units"
"United States","Consumer price index (CPI)","All Items","Index","Monthly","2020-M02","118.6294314979443","Units"
"United States","Consumer price index (CPI)","All Items","Index","Monthly","2020-M03","118.3712403493606","Units"
"United States","Consumer price index (CPI)","All Items","Index","Monthly","2020-M04","117.5796987464201","Units"
"United States","Consumer price index (CPI)","All Items","Index","Monthly","2020-M05","117.5819917406348","Units"
"United States","Consumer price index (CPI)","All Items","Index","Monthly","2020-M06","118.2254059173009","Units"
"United States","Consumer price index (CPI)","All Items","Index","Monthly","2020-M07","118.8234188085143","Units"
"United States","Consumer price index (CPI)","All Items","Index","Monthly","2020-M08","119.1980940632087","Units"
"United States","Consumer price index (CPI)","All Items","Index","Monthly","2020-M09","119.3641068443584","Units"
"United States","Consumer price index (CPI)","All Items","Index","Monthly","2020-M10","119.4136355193976","Units"
"United States","Consumer price index (CPI)","All Items","Index","Monthly","2020-M11","119.3407183033677","Units"
"United States","Consumer price index (CPI)","All Items","Index","Monthly","2020-M12","119.4530750198917","Units"
"United States","Consumer price index (CPI)","All Items","Index","Monthly","2021-M01","119.961202537886","Units"
"United States","Consumer price index (CPI)","All Items","Index","Monthly","2021-M02","120.6179160809977","Units"
"United States","Consumer price index (CPI)","All Items","Index","Monthly","2021-M03","121.4722857254231","Units"
"United States","Consumer price index (CPI)","All Items","Index","Monthly","2021-M04","122.4706554065364","Units"
"United States","Consumer price index (CPI)","All Items","Index","Monthly","2021-M05","123.4525155293033","Units"
"United States","Consumer price index (CPI)","All Items","Index","Monthly","2021-M06","124.5994712355341","Units"
"United States","Consumer price index (CPI)","All Items","Index","Monthly","2021-M07","125.1988599232764","Units"
"United States","Consumer price index (CPI)","All Items","Index","Monthly","2021-M08","125.4575096707031","Units"
"United States","Consumer price index (CPI)","All Items","Index","Monthly","2021-M09","125.7982486110187","Units"
"United States","Consumer price index (CPI)","All Items","Index","Monthly","2021-M10","126.8433953741135","Units"
"United States","Consumer price index (CPI)","All Items","Index","Monthly","2021-M11","127.4666312016895","Units"
"United States","Consumer price index (CPI)","All Items","Index","Monthly","2021-M12","127.8582746135731","Units"
"United States","Consumer price index (CPI)","All Items","Index","Monthly","2022-M01","128.9341474991459","Units"
"United States","Consumer price index (CPI)","All Items","Index","Monthly","2022-M02","130.1118293278546","Units"
"United States","Consumer price index (CPI)","All Items","Index","Monthly","2022-M03","131.8490017449686","Units"
"United States","Consumer price index (CPI)","All Items","Index","Monthly","2022-M04","132.5850528879116","Units"
"United States","Consumer price index (CPI)","All Items","Index","Monthly","2022-M05","134.0466074004095","Units"
"United States","Consumer price index (CPI)","All Items","Index","Monthly","2022-M06","135.8878817548743","Units"
"United States","Consumer price index (CPI)","All Items","Index","Monthly","2022-M07","135.8718307953709","Units"
"United States","Consumer price index (CPI)","All Items","Index","Monthly","2022-M08","135.8236779168606","Units"
"United States","Consumer price index (CPI)","All Items","Index","Monthly","2022-M09","136.115805379823","Units"
"United States","Consumer price index (CPI)","All Items","Index","Monthly","2022-M10","136.667958386741","Units"
"United States","Consumer price index (CPI)","All Items","Index","Monthly","2022-M11","136.5299201350115","Units"
"United States","Consumer price index (CPI)","All Items","Index","Monthly","2022-M12","136.1107607925505","Units"
"United States","Consumer price index (CPI)","All Items","Index","Monthly","2023-M01","137.199015846883","Units"
"United States","Consumer price index (CPI)","All Items","Index","Monthly","2023-M02","137.9648759146181","Units"
"United States","Consumer price index (CPI)","All Items","Index","Monthly","2023-M03","138.4216403622014","Units"
"United States","Consumer price index (CPI)","All Items","Index","Monthly","2023-M04","139.1219207953938","Units"
"United States","Consumer price index (CPI)","All Items","Index","Monthly","2023-M05","139.4722903114115","Units"
"United States","Consumer price index (CPI)","All Items","Index","Monthly","2023-M06","139.9226343751935","Units"
"United States","Consumer price index (CPI)","All Items","Index","Monthly","2023-M07","140.1895389017933","Units"
"United States","Consumer price index (CPI)","All Items","Index","Monthly","2023-M08","140.8017683571384","Units"
"United States","Consumer price index (CPI)","All Items","Index","Monthly","2023-M09","141.1516792743132","Units"
"United States","Consumer price index (CPI)","All Items","Index","Monthly","2023-M10","141.0975646108445","Units"
"United States","Consumer price index (CPI)","All Items","Index","Monthly","2023-M11","140.8132333282123","Units"
"United States","Consumer price index (CPI)","All Items","Index","Monthly","2023-M12","140.673360681111","Units"
"United States","Consumer price index (CPI)","All Items","Index","Monthly","2024-M01","141.439679347689","Units"
"United States","Consumer price index (CPI)","All Items","Index","Monthly","2024-M02","142.3151445388903","Units"
"United States","Consumer price index (CPI)","All Items","Index","Monthly","2024-M03","143.2350938178583","Units"
"United States","Consumer price index (CPI)","All Items","Index","Monthly","2024-M04","143.7927500108917","Units"
"United States","Consumer price index (CPI)","All Items","Index","Monthly","2024-M05","144.0316800080713","Units"
"United States","Consumer price index (CPI)","All Items","Index","Monthly","2024-M06","144.0802914854246","Units"
"United States","Consumer price index (CPI)","All Items","Index","Monthly","2024-M07","144.2476800631032","Units"
"United States","Consumer price index (CPI)","All Items","Index","Monthly","2024-M08","144.3650813668997","Units"
"United States","Consumer price index (CPI)","All Items","Index","Monthly","2024-M09","144.596673782592","Units"
"United States","Consumer price index (CPI)","All Items","Index","Monthly","2024-M10","144.7631451625847","Units"
"United States","Consumer price index (CPI)","All Items","Index","Monthly","2024-M11","144.6847247604394","Units"
"United States","Consumer price index (CPI)","All Items","Index","Monthly","2024-M12","144.7360878308504","Units"
"United States","Consumer price index (CPI)","All Items","Index","Monthly","2025-M01","145.6835530403957","Units"
"United States","Consumer price index (CPI)","All Items","Index","Monthly","2025-M02","146.3306360078053","Units"
"United States","Consumer price index (CPI)","All Items","Index","Monthly","2025-M03","146.6594513782042","Units"
"United States","Consumer price index (CPI)","All Items","Index","Monthly","2025-M04","147.1162158257875","Units"
"United States","Consumer price index (CPI)","All Items","Index","Monthly","2025-M05","147.4234770505674","Units"
"United States","Consumer price index (CPI)","All Items","Index","Monthly","2025-M06","147.9261013824462","Units"
"United States","Consumer price index (CPI)","All Items","Index","Monthly","2025-M07","148.1494390189653","Units"
"United States","Consumer price index (CPI)","All Items","Index","Monthly","2025-M08","148.5750187452277","Units"
"United States","Consumer price index (CPI)","All Items","Index","Monthly","2025-M09","148.9529041918227","Units"
"United States","Consumer price index (CPI)","All Items","Index","Monthly","2025-M11","148.6419741762991","Units"
"United States","Consumer price index (CPI)","All Items","Index","Monthly","2025-M12","148.6107894549782","Units"
"United States","Consumer price index (CPI)","All Items","Index","Monthly","2026-M01","149.1601908688384","Units"
