"COUNTRY","INDEX_TYPE","COICOP_1999","TYPE_OF_TRANSFORMATION","FREQUENCY","TIME_PERIOD","OBS_VALUE","SCALE"
"Germany","Consumer price index (CPI)","All Items","Index","Quarterly","1955-Q1","19.78060333333333","Units"
"Germany","Consumer price index (CPI)","All Items","Index","Quarterly","1955-Q2","19.71872333333333","Units"
"Germany","Consumer price index (CPI)","All Items","Index","Quarterly","1955-Q3","19.90436333333333","Units"
"Germany","Consumer price index (CPI)","All Items","Index","Quarterly","1955-Q4","20.17250333333333","Units"
"Germany","Consumer price index (CPI)","All Items","Index","Quarterly","1956-Q1","20.25501","Units"
"Germany","Consumer price index (CPI)","All Items","Index","Quarterly","1956-Q2","20.44064666666667","Units"
"Germany","Consumer price index (CPI)","All Items","Index","Quarterly","1956-Q3","20.42002","Units"
"Germany","Consumer price index (CPI)","All Items","Index","Quarterly","1956-Q4","20.54378","Units"
"Germany","Consumer price index (CPI)","All Items","Index","Quarterly","1957-Q1","20.62628666666667","Units"
"Germany","Consumer price index (CPI)","All Items","Index","Quarterly","1957-Q2","20.75004","Units"
"Germany","Consumer price index (CPI)","All Items","Index","Quarterly","1957-Q3","20.97693","Units"
"Germany","Consumer price index (CPI)","All Items","Index","Quarterly","1957-Q4","21.01818333333333","Units"
"Germany","Consumer price index (CPI)","All Items","Index","Quarterly","1958-Q1","21.26569666666667","Units"
"Germany","Consumer price index (CPI)","All Items","Index","Quarterly","1958-Q2","21.43070666666667","Units"
"Germany","Consumer price index (CPI)","All Items","Index","Quarterly","1958-Q3","21.20382","Units"
"Germany","Consumer price index (CPI)","All Items","Index","Quarterly","1958-Q4","21.24507","Units"
"Germany","Consumer price index (CPI)","All Items","Index","Quarterly","1959-Q1","21.28632","Units"
"Germany","Consumer price index (CPI)","All Items","Index","Quarterly","1959-Q2","21.3482","Units"
"Germany","Consumer price index (CPI)","All Items","Index","Quarterly","1959-Q3","21.55446666666667","Units"
"Germany","Consumer price index (CPI)","All Items","Index","Quarterly","1959-Q4","21.71947333333333","Units"
"Germany","Consumer price index (CPI)","All Items","Index","Quarterly","1960-Q1","21.69885","Units"
"Germany","Consumer price index (CPI)","All Items","Index","Quarterly","1960-Q2","21.82260333333333","Units"
"Germany","Consumer price index (CPI)","All Items","Index","Quarterly","1960-Q3","21.82260333333333","Units"
"Germany","Consumer price index (CPI)","All Items","Index","Quarterly","1960-Q4","21.88448333333333","Units"
"Germany","Consumer price index (CPI)","All Items","Index","Quarterly","1961-Q1","22.09075","Units"
"Germany","Consumer price index (CPI)","All Items","Index","Quarterly","1961-Q2","22.25576","Units"
"Germany","Consumer price index (CPI)","All Items","Index","Quarterly","1961-Q3","22.40014","Units"
"Germany","Consumer price index (CPI)","All Items","Index","Quarterly","1961-Q4","22.48264666666667","Units"
"Germany","Consumer price index (CPI)","All Items","Index","Quarterly","1962-Q1","22.83329666666667","Units"
"Germany","Consumer price index (CPI)","All Items","Index","Quarterly","1962-Q2","22.95705","Units"
"Germany","Consumer price index (CPI)","All Items","Index","Quarterly","1962-Q3","22.93642333333333","Units"
"Germany","Consumer price index (CPI)","All Items","Index","Quarterly","1962-Q4","23.03955666666667","Units"
"Germany","Consumer price index (CPI)","All Items","Index","Quarterly","1963-Q1","23.57584","Units"
"Germany","Consumer price index (CPI)","All Items","Index","Quarterly","1963-Q2","23.61709333333333","Units"
"Germany","Consumer price index (CPI)","All Items","Index","Quarterly","1963-Q3","23.49333333333333","Units"
"Germany","Consumer price index (CPI)","All Items","Index","Quarterly","1963-Q4","23.80273","Units"
"Germany","Consumer price index (CPI)","All Items","Index","Quarterly","1964-Q1","24.11212333333333","Units"
"Germany","Consumer price index (CPI)","All Items","Index","Quarterly","1964-Q2","24.11212333333333","Units"
"Germany","Consumer price index (CPI)","All Items","Index","Quarterly","1964-Q3","24.13275","Units"
"Germany","Consumer price index (CPI)","All Items","Index","Quarterly","1964-Q4","24.33901333333333","Units"
"Germany","Consumer price index (CPI)","All Items","Index","Quarterly","1965-Q1","24.60715333333333","Units"
"Germany","Consumer price index (CPI)","All Items","Index","Quarterly","1965-Q2","24.85467","Units"
"Germany","Consumer price index (CPI)","All Items","Index","Quarterly","1965-Q3","25.06093","Units"
"Germany","Consumer price index (CPI)","All Items","Index","Quarterly","1965-Q4","25.30845","Units"
"Germany","Consumer price index (CPI)","All Items","Index","Quarterly","1966-Q1","25.61784","Units"
"Germany","Consumer price index (CPI)","All Items","Index","Quarterly","1966-Q2","25.86536","Units"
"Germany","Consumer price index (CPI)","All Items","Index","Quarterly","1966-Q3","25.82410666666667","Units"
"Germany","Consumer price index (CPI)","All Items","Index","Quarterly","1966-Q4","26.05099333333333","Units"
"Germany","Consumer price index (CPI)","All Items","Index","Quarterly","1967-Q1","26.25725666666667","Units"
"Germany","Consumer price index (CPI)","All Items","Index","Quarterly","1967-Q2","26.33976333333333","Units"
"Germany","Consumer price index (CPI)","All Items","Index","Quarterly","1967-Q3","26.27788333333333","Units"
"Germany","Consumer price index (CPI)","All Items","Index","Quarterly","1967-Q4","26.33976333333333","Units"
"Germany","Consumer price index (CPI)","All Items","Index","Quarterly","1968-Q1","26.64915333333333","Units"
"Germany","Consumer price index (CPI)","All Items","Index","Quarterly","1968-Q2","26.66978","Units"
"Germany","Consumer price index (CPI)","All Items","Index","Quarterly","1968-Q3","26.62852666666667","Units"
"Germany","Consumer price index (CPI)","All Items","Index","Quarterly","1968-Q4","26.81416666666667","Units"
"Germany","Consumer price index (CPI)","All Items","Index","Quarterly","1969-Q1","27.08231","Units"
"Germany","Consumer price index (CPI)","All Items","Index","Quarterly","1969-Q2","27.20606333333333","Units"
"Germany","Consumer price index (CPI)","All Items","Index","Quarterly","1969-Q3","27.18543666666667","Units"
"Germany","Consumer price index (CPI)","All Items","Index","Quarterly","1969-Q4","27.32982333333333","Units"
"Germany","Consumer price index (CPI)","All Items","Index","Quarterly","1970-Q1","27.86610666666667","Units"
"Germany","Consumer price index (CPI)","All Items","Index","Quarterly","1970-Q2","28.11362666666667","Units"
"Germany","Consumer price index (CPI)","All Items","Index","Quarterly","1970-Q3","28.15488","Units"
"Germany","Consumer price index (CPI)","All Items","Index","Quarterly","1970-Q4","28.42301666666667","Units"
"Germany","Consumer price index (CPI)","All Items","Index","Quarterly","1971-Q1","29.10368666666667","Units"
"Germany","Consumer price index (CPI)","All Items","Index","Quarterly","1971-Q2","29.53683666666667","Units"
"Germany","Consumer price index (CPI)","All Items","Index","Quarterly","1971-Q3","29.78435666666667","Units"
"Germany","Consumer price index (CPI)","All Items","Index","Quarterly","1971-Q4","30.03186666666667","Units"
"Germany","Consumer price index (CPI)","All Items","Index","Quarterly","1972-Q1","30.65065666666667","Units"
"Germany","Consumer price index (CPI)","All Items","Index","Quarterly","1972-Q2","30.98067333333333","Units"
"Germany","Consumer price index (CPI)","All Items","Index","Quarterly","1972-Q3","31.41383","Units"
"Germany","Consumer price index (CPI)","All Items","Index","Quarterly","1972-Q4","31.90886","Units"
"Germany","Consumer price index (CPI)","All Items","Index","Quarterly","1973-Q1","32.63077666666667","Units"
"Germany","Consumer price index (CPI)","All Items","Index","Quarterly","1973-Q2","33.27019333333333","Units"
"Germany","Consumer price index (CPI)","All Items","Index","Quarterly","1973-Q3","33.60022","Units"
"Germany","Consumer price index (CPI)","All Items","Index","Quarterly","1973-Q4","34.23962666666667","Units"
"Germany","Consumer price index (CPI)","All Items","Index","Quarterly","1974-Q1","35.06468","Units"
"Germany","Consumer price index (CPI)","All Items","Index","Quarterly","1974-Q2","35.62159333333333","Units"
"Germany","Consumer price index (CPI)","All Items","Index","Quarterly","1974-Q3","35.95161","Units"
"Germany","Consumer price index (CPI)","All Items","Index","Quarterly","1974-Q4","36.44664333333333","Units"
"Germany","Consumer price index (CPI)","All Items","Index","Quarterly","1975-Q1","37.12731","Units"
"Germany","Consumer price index (CPI)","All Items","Index","Quarterly","1975-Q2","37.84923","Units"
"Germany","Consumer price index (CPI)","All Items","Index","Quarterly","1975-Q3","38.13799666666667","Units"
"Germany","Consumer price index (CPI)","All Items","Index","Quarterly","1975-Q4","38.42676666666667","Units"
"Germany","Consumer price index (CPI)","All Items","Index","Quarterly","1976-Q1","39.06618","Units"
"Germany","Consumer price index (CPI)","All Items","Index","Quarterly","1976-Q2","39.47870666666667","Units"
"Germany","Consumer price index (CPI)","All Items","Index","Quarterly","1976-Q3","39.58183666666667","Units"
"Germany","Consumer price index (CPI)","All Items","Index","Quarterly","1976-Q4","39.84998","Units"
"Germany","Consumer price index (CPI)","All Items","Index","Quarterly","1977-Q1","40.55127333333333","Units"
"Germany","Consumer price index (CPI)","All Items","Index","Quarterly","1977-Q2","40.98442333333333","Units"
"Germany","Consumer price index (CPI)","All Items","Index","Quarterly","1977-Q3","41.10817666666667","Units"
"Germany","Consumer price index (CPI)","All Items","Index","Quarterly","1977-Q4","41.23193666666667","Units"
"Germany","Consumer price index (CPI)","All Items","Index","Quarterly","1978-Q1","41.76822333333333","Units"
"Germany","Consumer price index (CPI)","All Items","Index","Quarterly","1978-Q2","42.16012333333333","Units"
"Germany","Consumer price index (CPI)","All Items","Index","Quarterly","1978-Q3","42.13949666666667","Units"
"Germany","Consumer price index (CPI)","All Items","Index","Quarterly","1978-Q4","42.26325333333333","Units"
"Germany","Consumer price index (CPI)","All Items","Index","Quarterly","1979-Q1","42.98517333333333","Units"
"Germany","Consumer price index (CPI)","All Items","Index","Quarterly","1979-Q2","43.54208","Units"
"Germany","Consumer price index (CPI)","All Items","Index","Quarterly","1979-Q3","44.09899333333333","Units"
"Germany","Consumer price index (CPI)","All Items","Index","Quarterly","1979-Q4","44.51152","Units"
"Germany","Consumer price index (CPI)","All Items","Index","Quarterly","1980-Q1","45.35719666666667","Units"
"Germany","Consumer price index (CPI)","All Items","Index","Quarterly","1980-Q2","46.12036666666667","Units"
"Germany","Consumer price index (CPI)","All Items","Index","Quarterly","1980-Q3","46.38851333333333","Units"
"Germany","Consumer price index (CPI)","All Items","Index","Quarterly","1980-Q4","46.80103666666667","Units"
"Germany","Consumer price index (CPI)","All Items","Index","Quarterly","1981-Q1","47.95611","Units"
"Germany","Consumer price index (CPI)","All Items","Index","Quarterly","1981-Q2","48.80178666666667","Units"
"Germany","Consumer price index (CPI)","All Items","Index","Quarterly","1981-Q3","49.48245333333333","Units"
"Germany","Consumer price index (CPI)","All Items","Index","Quarterly","1981-Q4","50.14249333333333","Units"
"Germany","Consumer price index (CPI)","All Items","Index","Quarterly","1982-Q1","50.78191","Units"
"Germany","Consumer price index (CPI)","All Items","Index","Quarterly","1982-Q2","51.42132333333333","Units"
"Germany","Consumer price index (CPI)","All Items","Index","Quarterly","1982-Q3","51.99886","Units"
"Germany","Consumer price index (CPI)","All Items","Index","Quarterly","1982-Q4","52.47326333333333","Units"
"Germany","Consumer price index (CPI)","All Items","Index","Quarterly","1983-Q1","52.84454","Units"
"Germany","Consumer price index (CPI)","All Items","Index","Quarterly","1983-Q2","53.11268","Units"
"Germany","Consumer price index (CPI)","All Items","Index","Quarterly","1983-Q3","53.62833666666667","Units"
"Germany","Consumer price index (CPI)","All Items","Index","Quarterly","1983-Q4","53.89647666666667","Units"
"Germany","Consumer price index (CPI)","All Items","Index","Quarterly","1984-Q1","54.35025666666667","Units"
"Germany","Consumer price index (CPI)","All Items","Index","Quarterly","1984-Q2","54.61839666666667","Units"
"Germany","Consumer price index (CPI)","All Items","Index","Quarterly","1984-Q3","54.63902","Units"
"Germany","Consumer price index (CPI)","All Items","Index","Quarterly","1984-Q4","55.01029666666667","Units"
"Germany","Consumer price index (CPI)","All Items","Index","Quarterly","1985-Q1","55.60846","Units"
"Germany","Consumer price index (CPI)","All Items","Index","Quarterly","1985-Q2","55.8766","Units"
"Germany","Consumer price index (CPI)","All Items","Index","Quarterly","1985-Q3","55.77346666666667","Units"
"Germany","Consumer price index (CPI)","All Items","Index","Quarterly","1985-Q4","55.8766","Units"
"Germany","Consumer price index (CPI)","All Items","Index","Quarterly","1986-Q1","56.02098333333333","Units"
"Germany","Consumer price index (CPI)","All Items","Index","Quarterly","1986-Q2","55.8766","Units"
"Germany","Consumer price index (CPI)","All Items","Index","Quarterly","1986-Q3","55.58783333333333","Units"
"Germany","Consumer price index (CPI)","All Items","Index","Quarterly","1986-Q4","55.36094333333333","Units"
"Germany","Consumer price index (CPI)","All Items","Index","Quarterly","1987-Q1","55.73221333333333","Units"
"Germany","Consumer price index (CPI)","All Items","Index","Quarterly","1987-Q2","55.89722666666667","Units"
"Germany","Consumer price index (CPI)","All Items","Index","Quarterly","1987-Q3","55.8766","Units"
"Germany","Consumer price index (CPI)","All Items","Index","Quarterly","1987-Q4","55.89722666666667","Units"
"Germany","Consumer price index (CPI)","All Items","Index","Quarterly","1988-Q1","56.26849666666667","Units"
"Germany","Consumer price index (CPI)","All Items","Index","Quarterly","1988-Q2","56.53664","Units"
"Germany","Consumer price index (CPI)","All Items","Index","Quarterly","1988-Q3","56.59851666666667","Units"
"Germany","Consumer price index (CPI)","All Items","Index","Quarterly","1988-Q4","56.84603666666667","Units"
"Germany","Consumer price index (CPI)","All Items","Index","Quarterly","1989-Q1","57.62983666666667","Units"
"Germany","Consumer price index (CPI)","All Items","Index","Quarterly","1989-Q2","58.16612","Units"
"Germany","Consumer price index (CPI)","All Items","Index","Quarterly","1989-Q3","58.18674666666667","Units"
"Germany","Consumer price index (CPI)","All Items","Index","Quarterly","1989-Q4","58.55801666666667","Units"
"Germany","Consumer price index (CPI)","All Items","Index","Quarterly","1990-Q1","59.19743333333333","Units"
"Germany","Consumer price index (CPI)","All Items","Index","Quarterly","1990-Q2","59.50682333333333","Units"
"Germany","Consumer price index (CPI)","All Items","Index","Quarterly","1990-Q3","59.77497","Units"
"Germany","Consumer price index (CPI)","All Items","Index","Quarterly","1990-Q4","60.33188","Units"
"Germany","Consumer price index (CPI)","All Items","Index","Quarterly","1991-Q1","60.88013","Units"
"Germany","Consumer price index (CPI)","All Items","Index","Quarterly","1991-Q2","61.47005","Units"
"Germany","Consumer price index (CPI)","All Items","Index","Quarterly","1991-Q3","62.47292","Units"
"Germany","Consumer price index (CPI)","All Items","Index","Quarterly","1991-Q4","63.65277","Units"
"Germany","Consumer price index (CPI)","All Items","Index","Quarterly","1992-Q1","64.47866333333333","Units"
"Germany","Consumer price index (CPI)","All Items","Index","Quarterly","1992-Q2","65.21606333333333","Units"
"Germany","Consumer price index (CPI)","All Items","Index","Quarterly","1992-Q3","65.57002","Units"
"Germany","Consumer price index (CPI)","All Items","Index","Quarterly","1992-Q4","65.77649333333333","Units"
"Germany","Consumer price index (CPI)","All Items","Index","Quarterly","1993-Q1","67.48727333333333","Units"
"Germany","Consumer price index (CPI)","All Items","Index","Quarterly","1993-Q2","68.07719666666667","Units"
"Germany","Consumer price index (CPI)","All Items","Index","Quarterly","1993-Q3","68.54913333333333","Units"
"Germany","Consumer price index (CPI)","All Items","Index","Quarterly","1993-Q4","68.60812666666667","Units"
"Germany","Consumer price index (CPI)","All Items","Index","Quarterly","1994-Q1","69.49301666666667","Units"
"Germany","Consumer price index (CPI)","All Items","Index","Quarterly","1994-Q2","69.96495333333333","Units"
"Germany","Consumer price index (CPI)","All Items","Index","Quarterly","1994-Q3","70.31890333333333","Units"
"Germany","Consumer price index (CPI)","All Items","Index","Quarterly","1994-Q4","70.28940666666667","Units"
"Germany","Consumer price index (CPI)","All Items","Index","Quarterly","1995-Q1","70.93832333333333","Units"
"Germany","Consumer price index (CPI)","All Items","Index","Quarterly","1995-Q2","71.17429666666667","Units"
"Germany","Consumer price index (CPI)","All Items","Index","Quarterly","1995-Q3","71.41026","Units"
"Germany","Consumer price index (CPI)","All Items","Index","Quarterly","1995-Q4","71.32178","Units"
"Germany","Consumer price index (CPI)","All Items","Index","Quarterly","1996-Q1","71.97069","Units"
"Germany","Consumer price index (CPI)","All Items","Index","Quarterly","1996-Q2","72.20666333333333","Units"
"Germany","Consumer price index (CPI)","All Items","Index","Quarterly","1996-Q3","72.38364","Units"
"Germany","Consumer price index (CPI)","All Items","Index","Quarterly","1996-Q4","72.41313666666667","Units"
"Germany","Consumer price index (CPI)","All Items","Index","Quarterly","1997-Q1","73.23902666666667","Units"
"Germany","Consumer price index (CPI)","All Items","Index","Quarterly","1997-Q2","73.32752","Units"
"Germany","Consumer price index (CPI)","All Items","Index","Quarterly","1997-Q3","74.06492333333333","Units"
"Germany","Consumer price index (CPI)","All Items","Index","Quarterly","1997-Q4","73.94694333333333","Units"
"Germany","Consumer price index (CPI)","All Items","Index","Quarterly","1998-Q1","74.15341333333333","Units"
"Germany","Consumer price index (CPI)","All Items","Index","Quarterly","1998-Q2","74.33039","Units"
"Germany","Consumer price index (CPI)","All Items","Index","Quarterly","1998-Q3","74.50736333333333","Units"
"Germany","Consumer price index (CPI)","All Items","Index","Quarterly","1998-Q4","74.27139666666667","Units"
"Germany","Consumer price index (CPI)","All Items","Index","Quarterly","1999-Q1","74.30089333333333","Units"
"Germany","Consumer price index (CPI)","All Items","Index","Quarterly","1999-Q2","74.71383666666667","Units"
"Germany","Consumer price index (CPI)","All Items","Index","Quarterly","1999-Q3","75.00880333333333","Units"
"Germany","Consumer price index (CPI)","All Items","Index","Quarterly","1999-Q4","74.97930333333333","Units"
"Germany","Consumer price index (CPI)","All Items","Index","Quarterly","2000-Q1","75.45124333333333","Units"
"Germany","Consumer price index (CPI)","All Items","Index","Quarterly","2000-Q2","75.53973333333333","Units"
"Germany","Consumer price index (CPI)","All Items","Index","Quarterly","2000-Q3","76.04116666666667","Units"
"Germany","Consumer price index (CPI)","All Items","Index","Quarterly","2000-Q4","76.27713666666667","Units"
"Germany","Consumer price index (CPI)","All Items","Index","Quarterly","2001-Q1","76.74907333333333","Units"
"Germany","Consumer price index (CPI)","All Items","Index","Quarterly","2001-Q2","77.45698333333333","Units"
"Germany","Consumer price index (CPI)","All Items","Index","Quarterly","2001-Q3","77.57497333333333","Units"
"Germany","Consumer price index (CPI)","All Items","Index","Quarterly","2001-Q4","77.54547333333333","Units"
"Germany","Consumer price index (CPI)","All Items","Index","Quarterly","2002-Q1","78.28287666666667","Units"
"Germany","Consumer price index (CPI)","All Items","Index","Quarterly","2002-Q2","78.45985333333333","Units"
"Germany","Consumer price index (CPI)","All Items","Index","Quarterly","2002-Q3","78.51884666666667","Units"
"Germany","Consumer price index (CPI)","All Items","Index","Quarterly","2002-Q4","78.45985666666667","Units"
"Germany","Consumer price index (CPI)","All Items","Index","Quarterly","2003-Q1","79.16776333333333","Units"
"Germany","Consumer price index (CPI)","All Items","Index","Quarterly","2003-Q2","79.07927333333333","Units"
"Germany","Consumer price index (CPI)","All Items","Index","Quarterly","2003-Q3","79.34474","Units"
"Germany","Consumer price index (CPI)","All Items","Index","Quarterly","2003-Q4","79.37423333333333","Units"
"Germany","Consumer price index (CPI)","All Items","Index","Quarterly","2004-Q1","79.93466333333333","Units"
"Germany","Consumer price index (CPI)","All Items","Index","Quarterly","2004-Q2","80.55408666666667","Units"
"Germany","Consumer price index (CPI)","All Items","Index","Quarterly","2004-Q3","80.79005","Units"
"Germany","Consumer price index (CPI)","All Items","Index","Quarterly","2004-Q4","80.96703","Units"
"Germany","Consumer price index (CPI)","All Items","Index","Quarterly","2005-Q1","81.23249666666667","Units"
"Germany","Consumer price index (CPI)","All Items","Index","Quarterly","2005-Q2","81.55695333333333","Units"
"Germany","Consumer price index (CPI)","All Items","Index","Quarterly","2005-Q3","82.11738","Units"
"Germany","Consumer price index (CPI)","All Items","Index","Quarterly","2005-Q4","82.32385666666667","Units"
"Germany","Consumer price index (CPI)","All Items","Index","Quarterly","2006-Q1","82.61881333333333","Units"
"Germany","Consumer price index (CPI)","All Items","Index","Quarterly","2006-Q2","83.06126","Units"
"Germany","Consumer price index (CPI)","All Items","Index","Quarterly","2006-Q3","83.32672333333333","Units"
"Germany","Consumer price index (CPI)","All Items","Index","Quarterly","2006-Q4","83.38571333333333","Units"
"Germany","Consumer price index (CPI)","All Items","Index","Quarterly","2007-Q1","84.09362666666667","Units"
"Germany","Consumer price index (CPI)","All Items","Index","Quarterly","2007-Q2","84.77204","Units"
"Germany","Consumer price index (CPI)","All Items","Index","Quarterly","2007-Q3","85.21448","Units"
"Germany","Consumer price index (CPI)","All Items","Index","Quarterly","2007-Q4","85.95188666666667","Units"
"Germany","Consumer price index (CPI)","All Items","Index","Quarterly","2008-Q1","86.57130333333333","Units"
"Germany","Consumer price index (CPI)","All Items","Index","Quarterly","2008-Q2","87.22021666666667","Units"
"Germany","Consumer price index (CPI)","All Items","Index","Quarterly","2008-Q3","87.83964","Units"
"Germany","Consumer price index (CPI)","All Items","Index","Quarterly","2008-Q4","87.33820666666667","Units"
"Germany","Consumer price index (CPI)","All Items","Index","Quarterly","2009-Q1","87.27921","Units"
"Germany","Consumer price index (CPI)","All Items","Index","Quarterly","2009-Q2","87.45619","Units"
"Germany","Consumer price index (CPI)","All Items","Index","Quarterly","2009-Q3","87.63316666666667","Units"
"Germany","Consumer price index (CPI)","All Items","Index","Quarterly","2009-Q4","87.69216333333333","Units"
"Germany","Consumer price index (CPI)","All Items","Index","Quarterly","2010-Q1","87.98712333333333","Units"
"Germany","Consumer price index (CPI)","All Items","Index","Quarterly","2010-Q2","88.42956666666667","Units"
"Germany","Consumer price index (CPI)","All Items","Index","Quarterly","2010-Q3","88.60654333333333","Units"
"Germany","Consumer price index (CPI)","All Items","Index","Quarterly","2010-Q4","88.90150333333333","Units"
"Germany","Consumer price index (CPI)","All Items","Index","Quarterly","2011-Q1","89.63891","Units"
"Germany","Consumer price index (CPI)","All Items","Index","Quarterly","2011-Q2","90.19933666666667","Units"
"Germany","Consumer price index (CPI)","All Items","Index","Quarterly","2011-Q3","90.55329","Units"
"Germany","Consumer price index (CPI)","All Items","Index","Quarterly","2011-Q4","90.87775","Units"
"Germany","Consumer price index (CPI)","All Items","Index","Quarterly","2012-Q1","91.55616","Units"
"Germany","Consumer price index (CPI)","All Items","Index","Quarterly","2012-Q2","91.88061666666667","Units"
"Germany","Consumer price index (CPI)","All Items","Index","Quarterly","2012-Q3","92.38205","Units"
"Germany","Consumer price index (CPI)","All Items","Index","Quarterly","2012-Q4","92.70651333333333","Units"
"Germany","Consumer price index (CPI)","All Items","Index","Quarterly","2013-Q1","92.97197666666667","Units"
"Germany","Consumer price index (CPI)","All Items","Index","Quarterly","2013-Q2","93.26694","Units"
"Germany","Consumer price index (CPI)","All Items","Index","Quarterly","2013-Q3","93.88636","Units"
"Germany","Consumer price index (CPI)","All Items","Index","Quarterly","2013-Q4","93.94535","Units"
"Germany","Consumer price index (CPI)","All Items","Index","Quarterly","2014-Q1","94.09283","Units"
"Germany","Consumer price index (CPI)","All Items","Index","Quarterly","2014-Q2","94.26980666666667","Units"
"Germany","Consumer price index (CPI)","All Items","Index","Quarterly","2014-Q3","94.68275","Units"
"Germany","Consumer price index (CPI)","All Items","Index","Quarterly","2014-Q4","94.41729","Units"
"Germany","Consumer price index (CPI)","All Items","Index","Quarterly","2015-Q1","94.04474333333333","Units"
"Germany","Consumer price index (CPI)","All Items","Index","Quarterly","2015-Q2","95.18314666666667","Units"
"Germany","Consumer price index (CPI)","All Items","Index","Quarterly","2015-Q3","95.37287666666667","Units"
"Germany","Consumer price index (CPI)","All Items","Index","Quarterly","2015-Q4","94.80367666666667","Units"
"Germany","Consumer price index (CPI)","All Items","Index","Quarterly","2016-Q1","94.32934","Units"
"Germany","Consumer price index (CPI)","All Items","Index","Quarterly","2016-Q2","95.30963","Units"
"Germany","Consumer price index (CPI)","All Items","Index","Quarterly","2016-Q3","95.84721","Units"
"Germany","Consumer price index (CPI)","All Items","Index","Quarterly","2016-Q4","95.78397333333333","Units"
"Germany","Consumer price index (CPI)","All Items","Index","Quarterly","2017-Q1","95.87883666666667","Units"
"Germany","Consumer price index (CPI)","All Items","Index","Quarterly","2017-Q2","96.66938666666667","Units"
"Germany","Consumer price index (CPI)","All Items","Index","Quarterly","2017-Q3","97.33346","Units"
"Germany","Consumer price index (CPI)","All Items","Index","Quarterly","2017-Q4","97.14372333333333","Units"
"Germany","Consumer price index (CPI)","All Items","Index","Quarterly","2018-Q1","97.14372666666667","Units"
"Germany","Consumer price index (CPI)","All Items","Index","Quarterly","2018-Q2","98.34537333333333","Units"
"Germany","Consumer price index (CPI)","All Items","Index","Quarterly","2018-Q3","99.16755333333333","Units"
"Germany","Consumer price index (CPI)","All Items","Index","Quarterly","2018-Q4","99.07268666666667","Units"
"Germany","Consumer price index (CPI)","All Items","Index","Quarterly","2019-Q1","98.47186","Units"
"Germany","Consumer price index (CPI)","All Items","Index","Quarterly","2019-Q2","100.0213433333333","Units"
"Germany","Consumer price index (CPI)","All Items","Index","Quarterly","2019-Q3","100.6221666666667","Units"
"Germany","Consumer price index (CPI)","All Items","Index","Quarterly","2019-Q4","100.3059566666667","Units"
"Germany","Consumer price index (CPI)","All Items","Index","Quarterly","2020-Q1","100.0666666666667","Units"
"Germany","Consumer price index (CPI)","All Items","Index","Quarterly","2020-Q2","100.4333333333333","Units"
"Germany","Consumer price index (CPI)","All Items","Index","Quarterly","2020-Q3","99.7","Units"
"Germany","Consumer price index (CPI)","All Items","Index","Quarterly","2020-Q4","99.8","Units"
"Germany","Consumer price index (CPI)","All Items","Index","Quarterly","2021-Q1","101.5666666666667","Units"
"Germany","Consumer price index (CPI)","All Items","Index","Quarterly","2021-Q2","102.6333333333333","Units"
"Germany","Consumer price index (CPI)","All Items","Index","Quarterly","2021-Q3","103.5666666666667","Units"
"Germany","Consumer price index (CPI)","All Items","Index","Quarterly","2021-Q4","104.5","Units"
"Germany","Consumer price index (CPI)","All Items","Index","Quarterly","2022-Q1","106.4333333333333","Units"
"Germany","Consumer price index (CPI)","All Items","Index","Quarterly","2022-Q2","109.4666666666667","Units"
"Germany","Consumer price index (CPI)","All Items","Index","Quarterly","2022-Q3","111.2333333333333","Units"
"Germany","Consumer price index (CPI)","All Items","Index","Quarterly","2022-Q4","113.4666666666667","Units"
"Germany","Consumer price index (CPI)","All Items","Index","Quarterly","2023-Q1","115.2","Units"
"Germany","Consumer price index (CPI)","All Items","Index","Quarterly","2023-Q2","116.6333333333333","Units"
"Germany","Consumer price index (CPI)","All Items","Index","Quarterly","2023-Q3","117.4666666666667","Units"
"Germany","Consumer price index (CPI)","All Items","Index","Quarterly","2023-Q4","117.5","Units"
"Germany","Consumer price index (CPI)","All Items","Index","Quarterly","2024-Q1","118.1","Units"
"Germany","Consumer price index (CPI)","All Items","Index","Quarterly","2024-Q2","119.3","Units"
"Germany","Consumer price index (CPI)","All Items","Index","Quarterly","2024-Q3","119.7333333333333","Units"
"Germany","Consumer price index (CPI)","All Items","Index","Quarterly","2024-Q4","120.2","Units"
"Germany","Consumer price index (CPI)","All Items","Index","Quarterly","2025-Q1","120.7666666666667","Units"
"Germany","Consumer price index (CPI)","All Items","Index","Quarterly","2025-Q2","121.7666666666667","Units"
"Germany","Consumer price index (CPI)","All Items","Index","Quarterly","2025-Q3","122.3666666666667","Units"
"Germany","Consumer price index (CPI)","All Items","Index","Quarterly","2025-Q4","122.8","Units"
"Germany","Consumer price index (CPI)","All Items","Index","Annual","1955","19.89404833333333","Units"
"Germany","Consumer price index (CPI)","All Items","Index","Annual","1956","20.41486416666667","Units"
"Germany","Consumer price index (CPI)","All Items","Index","Annual","1957","20.84286","Units"
"Germany","Consumer price index (CPI)","All Items","Index","Annual","1958","21.28632333333334","Units"
"Germany","Consumer price index (CPI)","All Items","Index","Annual","1959","21.477115","Units"
"Germany","Consumer price index (CPI)","All Items","Index","Annual","1960","21.807135","Units"
"Germany","Consumer price index (CPI)","All Items","Index","Annual","1961","22.30732416666667","Units"
"Germany","Consumer price index (CPI)","All Items","Index","Annual","1962","22.94158166666667","Units"
"Germany","Consumer price index (CPI)","All Items","Index","Annual","1963","23.62224916666666","Units"
"Germany","Consumer price index (CPI)","All Items","Index","Annual","1964","24.1740025","Units"
"Germany","Consumer price index (CPI)","All Items","Index","Annual","1965","24.95780083333333","Units"
"Germany","Consumer price index (CPI)","All Items","Index","Annual","1966","25.839575","Units"
"Germany","Consumer price index (CPI)","All Items","Index","Annual","1967","26.30366666666668","Units"
"Germany","Consumer price index (CPI)","All Items","Index","Annual","1968","26.69040666666668","Units"
"Germany","Consumer price index (CPI)","All Items","Index","Annual","1969","27.20090833333332","Units"
"Germany","Consumer price index (CPI)","All Items","Index","Annual","1970","28.1394075","Units"
"Germany","Consumer price index (CPI)","All Items","Index","Annual","1971","29.61418666666668","Units"
"Germany","Consumer price index (CPI)","All Items","Index","Annual","1972","31.238505","Units"
"Germany","Consumer price index (CPI)","All Items","Index","Annual","1973","33.43520416666668","Units"
"Germany","Consumer price index (CPI)","All Items","Index","Annual","1974","35.77113166666665","Units"
"Germany","Consumer price index (CPI)","All Items","Index","Annual","1975","37.88532583333335","Units"
"Germany","Consumer price index (CPI)","All Items","Index","Annual","1976","39.49417583333332","Units"
"Germany","Consumer price index (CPI)","All Items","Index","Annual","1977","40.9689525","Units"
"Germany","Consumer price index (CPI)","All Items","Index","Annual","1978","42.08277416666665","Units"
"Germany","Consumer price index (CPI)","All Items","Index","Annual","1979","43.78444166666668","Units"
"Germany","Consumer price index (CPI)","All Items","Index","Annual","1980","46.16677833333335","Units"
"Germany","Consumer price index (CPI)","All Items","Index","Annual","1981","49.09571083333332","Units"
"Germany","Consumer price index (CPI)","All Items","Index","Annual","1982","51.66883916666665","Units"
"Germany","Consumer price index (CPI)","All Items","Index","Annual","1983","53.37050833333335","Units"
"Germany","Consumer price index (CPI)","All Items","Index","Annual","1984","54.6544925","Units"
"Germany","Consumer price index (CPI)","All Items","Index","Annual","1985","55.78378166666668","Units"
"Germany","Consumer price index (CPI)","All Items","Index","Annual","1986","55.71158999999998","Units"
"Germany","Consumer price index (CPI)","All Items","Index","Annual","1987","55.85081666666668","Units"
"Germany","Consumer price index (CPI)","All Items","Index","Annual","1988","56.56242250000002","Units"
"Germany","Consumer price index (CPI)","All Items","Index","Annual","1989","58.13518000000002","Units"
"Germany","Consumer price index (CPI)","All Items","Index","Annual","1990","59.70277666666668","Units"
"Germany","Consumer price index (CPI)","All Items","Index","Annual","1991","62.1189675","Units"
"Germany","Consumer price index (CPI)","All Items","Index","Annual","1992","65.26031","Units"
"Germany","Consumer price index (CPI)","All Items","Index","Annual","1993","68.1804325","Units"
"Germany","Consumer price index (CPI)","All Items","Index","Annual","1994","70.01657","Units"
"Germany","Consumer price index (CPI)","All Items","Index","Annual","1995","71.211165","Units"
"Germany","Consumer price index (CPI)","All Items","Index","Annual","1996","72.2435325","Units"
"Germany","Consumer price index (CPI)","All Items","Index","Annual","1997","73.64460333333332","Units"
"Germany","Consumer price index (CPI)","All Items","Index","Annual","1998","74.31564083333332","Units"
"Germany","Consumer price index (CPI)","All Items","Index","Annual","1999","74.75070916666665","Units"
"Germany","Consumer price index (CPI)","All Items","Index","Annual","2000","75.82732000000002","Units"
"Germany","Consumer price index (CPI)","All Items","Index","Annual","2001","77.33162583333332","Units"
"Germany","Consumer price index (CPI)","All Items","Index","Annual","2002","78.43035833333335","Units"
"Germany","Consumer price index (CPI)","All Items","Index","Annual","2003","79.2415025","Units"
"Germany","Consumer price index (CPI)","All Items","Index","Annual","2004","80.5614575","Units"
"Germany","Consumer price index (CPI)","All Items","Index","Annual","2005","81.80767166666668","Units"
"Germany","Consumer price index (CPI)","All Items","Index","Annual","2006","83.09812749999998","Units"
"Germany","Consumer price index (CPI)","All Items","Index","Annual","2007","85.00800833333335","Units"
"Germany","Consumer price index (CPI)","All Items","Index","Annual","2008","87.24234166666668","Units"
"Germany","Consumer price index (CPI)","All Items","Index","Annual","2009","87.5151825","Units"
"Germany","Consumer price index (CPI)","All Items","Index","Annual","2010","88.48118416666665","Units"
"Germany","Consumer price index (CPI)","All Items","Index","Annual","2011","90.31732166666668","Units"
"Germany","Consumer price index (CPI)","All Items","Index","Annual","2012","92.131335","Units"
"Germany","Consumer price index (CPI)","All Items","Index","Annual","2013","93.51765666666668","Units"
"Germany","Consumer price index (CPI)","All Items","Index","Annual","2014","94.36566916666668","Units"
"Germany","Consumer price index (CPI)","All Items","Index","Annual","2015","94.85111083333335","Units"
"Germany","Consumer price index (CPI)","All Items","Index","Annual","2016","95.31753833333332","Units"
"Germany","Consumer price index (CPI)","All Items","Index","Annual","2017","96.75635166666665","Units"
"Germany","Consumer price index (CPI)","All Items","Index","Annual","2018","98.432335","Units"
"Germany","Consumer price index (CPI)","All Items","Index","Annual","2019","99.85533166666668","Units"
"Germany","Consumer price index (CPI)","All Items","Index","Annual","2020","100","Units"
"Germany","Consumer price index (CPI)","All Items","Index","Annual","2021","103.0666666666667","Units"
"Germany","Consumer price index (CPI)","All Items","Index","Annual","2022","110.15","Units"
"Germany","Consumer price index (CPI)","All Items","Index","Annual","2023","116.7","Units"
"Germany","Consumer price index (CPI)","All Items","Index","Annual","2024","119.3333333333333","Units"
"Germany","Consumer price index (CPI)","All Items","Index","Annual","2025","121.925","Units"
"Germany","Consumer price index (CPI)","All Items","Index","Monthly","1955-M01","19.86311","Units"
"Germany","Consumer price index (CPI)","All Items","Index","Monthly","1955-M02","19.73935","Units"
"Germany","Consumer price index (CPI)","All Items","Index","Monthly","1955-M03","19.73935","Units"
"Germany","Consumer price index (CPI)","All Items","Index","Monthly","1955-M04","19.73935","Units"
"Germany","Consumer price index (CPI)","All Items","Index","Monthly","1955-M05","19.67747","Units"
"Germany","Consumer price index (CPI)","All Items","Index","Monthly","1955-M06","19.73935","Units"
"Germany","Consumer price index (CPI)","All Items","Index","Monthly","1955-M07","19.98687","Units"
"Germany","Consumer price index (CPI)","All Items","Index","Monthly","1955-M08","19.86311","Units"
"Germany","Consumer price index (CPI)","All Items","Index","Monthly","1955-M09","19.86311","Units"
"Germany","Consumer price index (CPI)","All Items","Index","Monthly","1955-M10","20.11063","Units"
"Germany","Consumer price index (CPI)","All Items","Index","Monthly","1955-M11","20.1725","Units"
"Germany","Consumer price index (CPI)","All Items","Index","Monthly","1955-M12","20.23438","Units"
"Germany","Consumer price index (CPI)","All Items","Index","Monthly","1956-M01","20.11063","Units"
"Germany","Consumer price index (CPI)","All Items","Index","Monthly","1956-M02","20.1725","Units"
"Germany","Consumer price index (CPI)","All Items","Index","Monthly","1956-M03","20.4819","Units"
"Germany","Consumer price index (CPI)","All Items","Index","Monthly","1956-M04","20.4819","Units"
"Germany","Consumer price index (CPI)","All Items","Index","Monthly","1956-M05","20.42002","Units"
"Germany","Consumer price index (CPI)","All Items","Index","Monthly","1956-M06","20.42002","Units"
"Germany","Consumer price index (CPI)","All Items","Index","Monthly","1956-M07","20.4819","Units"
"Germany","Consumer price index (CPI)","All Items","Index","Monthly","1956-M08","20.35814","Units"
"Germany","Consumer price index (CPI)","All Items","Index","Monthly","1956-M09","20.42002","Units"
"Germany","Consumer price index (CPI)","All Items","Index","Monthly","1956-M10","20.4819","Units"
"Germany","Consumer price index (CPI)","All Items","Index","Monthly","1956-M11","20.54378","Units"
"Germany","Consumer price index (CPI)","All Items","Index","Monthly","1956-M12","20.60566","Units"
"Germany","Consumer price index (CPI)","All Items","Index","Monthly","1957-M01","20.66754","Units"
"Germany","Consumer price index (CPI)","All Items","Index","Monthly","1957-M02","20.66754","Units"
"Germany","Consumer price index (CPI)","All Items","Index","Monthly","1957-M03","20.54378","Units"
"Germany","Consumer price index (CPI)","All Items","Index","Monthly","1957-M04","20.66754","Units"
"Germany","Consumer price index (CPI)","All Items","Index","Monthly","1957-M05","20.72941","Units"
"Germany","Consumer price index (CPI)","All Items","Index","Monthly","1957-M06","20.85317","Units"
"Germany","Consumer price index (CPI)","All Items","Index","Monthly","1957-M07","21.03881","Units"
"Germany","Consumer price index (CPI)","All Items","Index","Monthly","1957-M08","20.97693","Units"
"Germany","Consumer price index (CPI)","All Items","Index","Monthly","1957-M09","20.91505","Units"
"Germany","Consumer price index (CPI)","All Items","Index","Monthly","1957-M10","20.97693","Units"
"Germany","Consumer price index (CPI)","All Items","Index","Monthly","1957-M11","21.03881","Units"
"Germany","Consumer price index (CPI)","All Items","Index","Monthly","1957-M12","21.03881","Units"
"Germany","Consumer price index (CPI)","All Items","Index","Monthly","1958-M01","21.22445","Units"
"Germany","Consumer price index (CPI)","All Items","Index","Monthly","1958-M02","21.28632","Units"
"Germany","Consumer price index (CPI)","All Items","Index","Monthly","1958-M03","21.28632","Units"
"Germany","Consumer price index (CPI)","All Items","Index","Monthly","1958-M04","21.28632","Units"
"Germany","Consumer price index (CPI)","All Items","Index","Monthly","1958-M05","21.47196","Units"
"Germany","Consumer price index (CPI)","All Items","Index","Monthly","1958-M06","21.53384","Units"
"Germany","Consumer price index (CPI)","All Items","Index","Monthly","1958-M07","21.41008","Units"
"Germany","Consumer price index (CPI)","All Items","Index","Monthly","1958-M08","21.16257","Units"
"Germany","Consumer price index (CPI)","All Items","Index","Monthly","1958-M09","21.03881","Units"
"Germany","Consumer price index (CPI)","All Items","Index","Monthly","1958-M10","21.16257","Units"
"Germany","Consumer price index (CPI)","All Items","Index","Monthly","1958-M11","21.28632","Units"
"Germany","Consumer price index (CPI)","All Items","Index","Monthly","1958-M12","21.28632","Units"
"Germany","Consumer price index (CPI)","All Items","Index","Monthly","1959-M01","21.28632","Units"
"Germany","Consumer price index (CPI)","All Items","Index","Monthly","1959-M02","21.28632","Units"
"Germany","Consumer price index (CPI)","All Items","Index","Monthly","1959-M03","21.28632","Units"
"Germany","Consumer price index (CPI)","All Items","Index","Monthly","1959-M04","21.28632","Units"
"Germany","Consumer price index (CPI)","All Items","Index","Monthly","1959-M05","21.28632","Units"
"Germany","Consumer price index (CPI)","All Items","Index","Monthly","1959-M06","21.47196","Units"
"Germany","Consumer price index (CPI)","All Items","Index","Monthly","1959-M07","21.53384","Units"
"Germany","Consumer price index (CPI)","All Items","Index","Monthly","1959-M08","21.59572","Units"
"Germany","Consumer price index (CPI)","All Items","Index","Monthly","1959-M09","21.53384","Units"
"Germany","Consumer price index (CPI)","All Items","Index","Monthly","1959-M10","21.59572","Units"
"Germany","Consumer price index (CPI)","All Items","Index","Monthly","1959-M11","21.78135","Units"
"Germany","Consumer price index (CPI)","All Items","Index","Monthly","1959-M12","21.78135","Units"
"Germany","Consumer price index (CPI)","All Items","Index","Monthly","1960-M01","21.78135","Units"
"Germany","Consumer price index (CPI)","All Items","Index","Monthly","1960-M02","21.6576","Units"
"Germany","Consumer price index (CPI)","All Items","Index","Monthly","1960-M03","21.6576","Units"
"Germany","Consumer price index (CPI)","All Items","Index","Monthly","1960-M04","21.78135","Units"
"Germany","Consumer price index (CPI)","All Items","Index","Monthly","1960-M05","21.84323","Units"
"Germany","Consumer price index (CPI)","All Items","Index","Monthly","1960-M06","21.84323","Units"
"Germany","Consumer price index (CPI)","All Items","Index","Monthly","1960-M07","21.84323","Units"
"Germany","Consumer price index (CPI)","All Items","Index","Monthly","1960-M08","21.84323","Units"
"Germany","Consumer price index (CPI)","All Items","Index","Monthly","1960-M09","21.78135","Units"
"Germany","Consumer price index (CPI)","All Items","Index","Monthly","1960-M10","21.84323","Units"
"Germany","Consumer price index (CPI)","All Items","Index","Monthly","1960-M11","21.90511","Units"
"Germany","Consumer price index (CPI)","All Items","Index","Monthly","1960-M12","21.90511","Units"
"Germany","Consumer price index (CPI)","All Items","Index","Monthly","1961-M01","22.09075","Units"
"Germany","Consumer price index (CPI)","All Items","Index","Monthly","1961-M02","22.09075","Units"
"Germany","Consumer price index (CPI)","All Items","Index","Monthly","1961-M03","22.09075","Units"
"Germany","Consumer price index (CPI)","All Items","Index","Monthly","1961-M04","22.09075","Units"
"Germany","Consumer price index (CPI)","All Items","Index","Monthly","1961-M05","22.27639","Units"
"Germany","Consumer price index (CPI)","All Items","Index","Monthly","1961-M06","22.40014","Units"
"Germany","Consumer price index (CPI)","All Items","Index","Monthly","1961-M07","22.40014","Units"
"Germany","Consumer price index (CPI)","All Items","Index","Monthly","1961-M08","22.40014","Units"
"Germany","Consumer price index (CPI)","All Items","Index","Monthly","1961-M09","22.40014","Units"
"Germany","Consumer price index (CPI)","All Items","Index","Monthly","1961-M10","22.40014","Units"
"Germany","Consumer price index (CPI)","All Items","Index","Monthly","1961-M11","22.5239","Units"
"Germany","Consumer price index (CPI)","All Items","Index","Monthly","1961-M12","22.5239","Units"
"Germany","Consumer price index (CPI)","All Items","Index","Monthly","1962-M01","22.77142","Units"
"Germany","Consumer price index (CPI)","All Items","Index","Monthly","1962-M02","22.8333","Units"
"Germany","Consumer price index (CPI)","All Items","Index","Monthly","1962-M03","22.89517","Units"
"Germany","Consumer price index (CPI)","All Items","Index","Monthly","1962-M04","22.95705","Units"
"Germany","Consumer price index (CPI)","All Items","Index","Monthly","1962-M05","22.95705","Units"
"Germany","Consumer price index (CPI)","All Items","Index","Monthly","1962-M06","22.95705","Units"
"Germany","Consumer price index (CPI)","All Items","Index","Monthly","1962-M07","23.01893","Units"
"Germany","Consumer price index (CPI)","All Items","Index","Monthly","1962-M08","22.89517","Units"
"Germany","Consumer price index (CPI)","All Items","Index","Monthly","1962-M09","22.89517","Units"
"Germany","Consumer price index (CPI)","All Items","Index","Monthly","1962-M10","22.95705","Units"
"Germany","Consumer price index (CPI)","All Items","Index","Monthly","1962-M11","23.01893","Units"
"Germany","Consumer price index (CPI)","All Items","Index","Monthly","1962-M12","23.14269","Units"
"Germany","Consumer price index (CPI)","All Items","Index","Monthly","1963-M01","23.45208","Units"
"Germany","Consumer price index (CPI)","All Items","Index","Monthly","1963-M02","23.63772","Units"
"Germany","Consumer price index (CPI)","All Items","Index","Monthly","1963-M03","23.63772","Units"
"Germany","Consumer price index (CPI)","All Items","Index","Monthly","1963-M04","23.6996","Units"
"Germany","Consumer price index (CPI)","All Items","Index","Monthly","1963-M05","23.63772","Units"
"Germany","Consumer price index (CPI)","All Items","Index","Monthly","1963-M06","23.51396","Units"
"Germany","Consumer price index (CPI)","All Items","Index","Monthly","1963-M07","23.51396","Units"
"Germany","Consumer price index (CPI)","All Items","Index","Monthly","1963-M08","23.45208","Units"
"Germany","Consumer price index (CPI)","All Items","Index","Monthly","1963-M09","23.51396","Units"
"Germany","Consumer price index (CPI)","All Items","Index","Monthly","1963-M10","23.6996","Units"
"Germany","Consumer price index (CPI)","All Items","Index","Monthly","1963-M11","23.76148","Units"
"Germany","Consumer price index (CPI)","All Items","Index","Monthly","1963-M12","23.94711","Units"
"Germany","Consumer price index (CPI)","All Items","Index","Monthly","1964-M01","24.07087","Units"
"Germany","Consumer price index (CPI)","All Items","Index","Monthly","1964-M02","24.13275","Units"
"Germany","Consumer price index (CPI)","All Items","Index","Monthly","1964-M03","24.13275","Units"
"Germany","Consumer price index (CPI)","All Items","Index","Monthly","1964-M04","24.13275","Units"
"Germany","Consumer price index (CPI)","All Items","Index","Monthly","1964-M05","24.13275","Units"
"Germany","Consumer price index (CPI)","All Items","Index","Monthly","1964-M06","24.07087","Units"
"Germany","Consumer price index (CPI)","All Items","Index","Monthly","1964-M07","24.13275","Units"
"Germany","Consumer price index (CPI)","All Items","Index","Monthly","1964-M08","24.13275","Units"
"Germany","Consumer price index (CPI)","All Items","Index","Monthly","1964-M09","24.13275","Units"
"Germany","Consumer price index (CPI)","All Items","Index","Monthly","1964-M10","24.19463","Units"
"Germany","Consumer price index (CPI)","All Items","Index","Monthly","1964-M11","24.31839","Units"
"Germany","Consumer price index (CPI)","All Items","Index","Monthly","1964-M12","24.50402","Units"
"Germany","Consumer price index (CPI)","All Items","Index","Monthly","1965-M01","24.5659","Units"
"Germany","Consumer price index (CPI)","All Items","Index","Monthly","1965-M02","24.5659","Units"
"Germany","Consumer price index (CPI)","All Items","Index","Monthly","1965-M03","24.68966","Units"
"Germany","Consumer price index (CPI)","All Items","Index","Monthly","1965-M04","24.75154","Units"
"Germany","Consumer price index (CPI)","All Items","Index","Monthly","1965-M05","24.81342","Units"
"Germany","Consumer price index (CPI)","All Items","Index","Monthly","1965-M06","24.99905","Units"
"Germany","Consumer price index (CPI)","All Items","Index","Monthly","1965-M07","25.06093","Units"
"Germany","Consumer price index (CPI)","All Items","Index","Monthly","1965-M08","25.06093","Units"
"Germany","Consumer price index (CPI)","All Items","Index","Monthly","1965-M09","25.06093","Units"
"Germany","Consumer price index (CPI)","All Items","Index","Monthly","1965-M10","25.18469","Units"
"Germany","Consumer price index (CPI)","All Items","Index","Monthly","1965-M11","25.30845","Units"
"Germany","Consumer price index (CPI)","All Items","Index","Monthly","1965-M12","25.43221","Units"
"Germany","Consumer price index (CPI)","All Items","Index","Monthly","1966-M01","25.55596","Units"
"Germany","Consumer price index (CPI)","All Items","Index","Monthly","1966-M02","25.61784","Units"
"Germany","Consumer price index (CPI)","All Items","Index","Monthly","1966-M03","25.67972","Units"
"Germany","Consumer price index (CPI)","All Items","Index","Monthly","1966-M04","25.86536","Units"
"Germany","Consumer price index (CPI)","All Items","Index","Monthly","1966-M05","25.86536","Units"
"Germany","Consumer price index (CPI)","All Items","Index","Monthly","1966-M06","25.86536","Units"
"Germany","Consumer price index (CPI)","All Items","Index","Monthly","1966-M07","25.86536","Units"
"Germany","Consumer price index (CPI)","All Items","Index","Monthly","1966-M08","25.80348","Units"
"Germany","Consumer price index (CPI)","All Items","Index","Monthly","1966-M09","25.80348","Units"
"Germany","Consumer price index (CPI)","All Items","Index","Monthly","1966-M10","25.86536","Units"
"Germany","Consumer price index (CPI)","All Items","Index","Monthly","1966-M11","26.11287","Units"
"Germany","Consumer price index (CPI)","All Items","Index","Monthly","1966-M12","26.17475","Units"
"Germany","Consumer price index (CPI)","All Items","Index","Monthly","1967-M01","26.23663","Units"
"Germany","Consumer price index (CPI)","All Items","Index","Monthly","1967-M02","26.23663","Units"
"Germany","Consumer price index (CPI)","All Items","Index","Monthly","1967-M03","26.29851","Units"
"Germany","Consumer price index (CPI)","All Items","Index","Monthly","1967-M04","26.29851","Units"
"Germany","Consumer price index (CPI)","All Items","Index","Monthly","1967-M05","26.36039","Units"
"Germany","Consumer price index (CPI)","All Items","Index","Monthly","1967-M06","26.36039","Units"
"Germany","Consumer price index (CPI)","All Items","Index","Monthly","1967-M07","26.36039","Units"
"Germany","Consumer price index (CPI)","All Items","Index","Monthly","1967-M08","26.23663","Units"
"Germany","Consumer price index (CPI)","All Items","Index","Monthly","1967-M09","26.23663","Units"
"Germany","Consumer price index (CPI)","All Items","Index","Monthly","1967-M10","26.29851","Units"
"Germany","Consumer price index (CPI)","All Items","Index","Monthly","1967-M11","26.36039","Units"
"Germany","Consumer price index (CPI)","All Items","Index","Monthly","1967-M12","26.36039","Units"
"Germany","Consumer price index (CPI)","All Items","Index","Monthly","1968-M01","26.6079","Units"
"Germany","Consumer price index (CPI)","All Items","Index","Monthly","1968-M02","26.66978","Units"
"Germany","Consumer price index (CPI)","All Items","Index","Monthly","1968-M03","26.66978","Units"
"Germany","Consumer price index (CPI)","All Items","Index","Monthly","1968-M04","26.66978","Units"
"Germany","Consumer price index (CPI)","All Items","Index","Monthly","1968-M05","26.66978","Units"
"Germany","Consumer price index (CPI)","All Items","Index","Monthly","1968-M06","26.66978","Units"
"Germany","Consumer price index (CPI)","All Items","Index","Monthly","1968-M07","26.66978","Units"
"Germany","Consumer price index (CPI)","All Items","Index","Monthly","1968-M08","26.6079","Units"
"Germany","Consumer price index (CPI)","All Items","Index","Monthly","1968-M09","26.6079","Units"
"Germany","Consumer price index (CPI)","All Items","Index","Monthly","1968-M10","26.66978","Units"
"Germany","Consumer price index (CPI)","All Items","Index","Monthly","1968-M11","26.85542","Units"
"Germany","Consumer price index (CPI)","All Items","Index","Monthly","1968-M12","26.9173","Units"
"Germany","Consumer price index (CPI)","All Items","Index","Monthly","1969-M01","26.97918","Units"
"Germany","Consumer price index (CPI)","All Items","Index","Monthly","1969-M02","27.10294","Units"
"Germany","Consumer price index (CPI)","All Items","Index","Monthly","1969-M03","27.16481","Units"
"Germany","Consumer price index (CPI)","All Items","Index","Monthly","1969-M04","27.16481","Units"
"Germany","Consumer price index (CPI)","All Items","Index","Monthly","1969-M05","27.22669","Units"
"Germany","Consumer price index (CPI)","All Items","Index","Monthly","1969-M06","27.22669","Units"
"Germany","Consumer price index (CPI)","All Items","Index","Monthly","1969-M07","27.22669","Units"
"Germany","Consumer price index (CPI)","All Items","Index","Monthly","1969-M08","27.16481","Units"
"Germany","Consumer price index (CPI)","All Items","Index","Monthly","1969-M09","27.16481","Units"
"Germany","Consumer price index (CPI)","All Items","Index","Monthly","1969-M10","27.22669","Units"
"Germany","Consumer price index (CPI)","All Items","Index","Monthly","1969-M11","27.28857","Units"
"Germany","Consumer price index (CPI)","All Items","Index","Monthly","1969-M12","27.47421","Units"
"Germany","Consumer price index (CPI)","All Items","Index","Monthly","1970-M01","27.7836","Units"
"Germany","Consumer price index (CPI)","All Items","Index","Monthly","1970-M02","27.84548","Units"
"Germany","Consumer price index (CPI)","All Items","Index","Monthly","1970-M03","27.96924","Units"
"Germany","Consumer price index (CPI)","All Items","Index","Monthly","1970-M04","28.093","Units"
"Germany","Consumer price index (CPI)","All Items","Index","Monthly","1970-M05","28.093","Units"
"Germany","Consumer price index (CPI)","All Items","Index","Monthly","1970-M06","28.15488","Units"
"Germany","Consumer price index (CPI)","All Items","Index","Monthly","1970-M07","28.15488","Units"
"Germany","Consumer price index (CPI)","All Items","Index","Monthly","1970-M08","28.15488","Units"
"Germany","Consumer price index (CPI)","All Items","Index","Monthly","1970-M09","28.15488","Units"
"Germany","Consumer price index (CPI)","All Items","Index","Monthly","1970-M10","28.27863","Units"
"Germany","Consumer price index (CPI)","All Items","Index","Monthly","1970-M11","28.40239","Units"
"Germany","Consumer price index (CPI)","All Items","Index","Monthly","1970-M12","28.58803","Units"
"Germany","Consumer price index (CPI)","All Items","Index","Monthly","1971-M01","28.89742","Units"
"Germany","Consumer price index (CPI)","All Items","Index","Monthly","1971-M02","29.14494","Units"
"Germany","Consumer price index (CPI)","All Items","Index","Monthly","1971-M03","29.2687","Units"
"Germany","Consumer price index (CPI)","All Items","Index","Monthly","1971-M04","29.45433","Units"
"Germany","Consumer price index (CPI)","All Items","Index","Monthly","1971-M05","29.51621","Units"
"Germany","Consumer price index (CPI)","All Items","Index","Monthly","1971-M06","29.63997","Units"
"Germany","Consumer price index (CPI)","All Items","Index","Monthly","1971-M07","29.76373","Units"
"Germany","Consumer price index (CPI)","All Items","Index","Monthly","1971-M08","29.76373","Units"
"Germany","Consumer price index (CPI)","All Items","Index","Monthly","1971-M09","29.82561","Units"
"Germany","Consumer price index (CPI)","All Items","Index","Monthly","1971-M10","29.94936","Units"
"Germany","Consumer price index (CPI)","All Items","Index","Monthly","1971-M11","30.01124","Units"
"Germany","Consumer price index (CPI)","All Items","Index","Monthly","1971-M12","30.135","Units"
"Germany","Consumer price index (CPI)","All Items","Index","Monthly","1972-M01","30.50627","Units"
"Germany","Consumer price index (CPI)","All Items","Index","Monthly","1972-M02","30.63003","Units"
"Germany","Consumer price index (CPI)","All Items","Index","Monthly","1972-M03","30.81567","Units"
"Germany","Consumer price index (CPI)","All Items","Index","Monthly","1972-M04","30.93942","Units"
"Germany","Consumer price index (CPI)","All Items","Index","Monthly","1972-M05","30.93942","Units"
"Germany","Consumer price index (CPI)","All Items","Index","Monthly","1972-M06","31.06318","Units"
"Germany","Consumer price index (CPI)","All Items","Index","Monthly","1972-M07","31.3107","Units"
"Germany","Consumer price index (CPI)","All Items","Index","Monthly","1972-M08","31.3107","Units"
"Germany","Consumer price index (CPI)","All Items","Index","Monthly","1972-M09","31.62009","Units"
"Germany","Consumer price index (CPI)","All Items","Index","Monthly","1972-M10","31.74385","Units"
"Germany","Consumer price index (CPI)","All Items","Index","Monthly","1972-M11","31.92949","Units"
"Germany","Consumer price index (CPI)","All Items","Index","Monthly","1972-M12","32.05324","Units"
"Germany","Consumer price index (CPI)","All Items","Index","Monthly","1973-M01","32.42451","Units"
"Germany","Consumer price index (CPI)","All Items","Index","Monthly","1973-M02","32.61015","Units"
"Germany","Consumer price index (CPI)","All Items","Index","Monthly","1973-M03","32.85767","Units"
"Germany","Consumer price index (CPI)","All Items","Index","Monthly","1973-M04","33.0433","Units"
"Germany","Consumer price index (CPI)","All Items","Index","Monthly","1973-M05","33.29082","Units"
"Germany","Consumer price index (CPI)","All Items","Index","Monthly","1973-M06","33.47646","Units"
"Germany","Consumer price index (CPI)","All Items","Index","Monthly","1973-M07","33.60022","Units"
"Germany","Consumer price index (CPI)","All Items","Index","Monthly","1973-M08","33.60022","Units"
"Germany","Consumer price index (CPI)","All Items","Index","Monthly","1973-M09","33.60022","Units"
"Germany","Consumer price index (CPI)","All Items","Index","Monthly","1973-M10","33.84773","Units"
"Germany","Consumer price index (CPI)","All Items","Index","Monthly","1973-M11","34.28088","Units"
"Germany","Consumer price index (CPI)","All Items","Index","Monthly","1973-M12","34.59027","Units"
"Germany","Consumer price index (CPI)","All Items","Index","Monthly","1974-M01","34.83779","Units"
"Germany","Consumer price index (CPI)","All Items","Index","Monthly","1974-M02","35.14719","Units"
"Germany","Consumer price index (CPI)","All Items","Index","Monthly","1974-M03","35.20906","Units"
"Germany","Consumer price index (CPI)","All Items","Index","Monthly","1974-M04","35.45658","Units"
"Germany","Consumer price index (CPI)","All Items","Index","Monthly","1974-M05","35.64222","Units"
"Germany","Consumer price index (CPI)","All Items","Index","Monthly","1974-M06","35.76598","Units"
"Germany","Consumer price index (CPI)","All Items","Index","Monthly","1974-M07","35.88973","Units"
"Germany","Consumer price index (CPI)","All Items","Index","Monthly","1974-M08","35.95161","Units"
"Germany","Consumer price index (CPI)","All Items","Index","Monthly","1974-M09","36.01349","Units"
"Germany","Consumer price index (CPI)","All Items","Index","Monthly","1974-M10","36.26101","Units"
"Germany","Consumer price index (CPI)","All Items","Index","Monthly","1974-M11","36.50852","Units"
"Germany","Consumer price index (CPI)","All Items","Index","Monthly","1974-M12","36.5704","Units"
"Germany","Consumer price index (CPI)","All Items","Index","Monthly","1975-M01","36.94167","Units"
"Germany","Consumer price index (CPI)","All Items","Index","Monthly","1975-M02","37.12731","Units"
"Germany","Consumer price index (CPI)","All Items","Index","Monthly","1975-M03","37.31295","Units"
"Germany","Consumer price index (CPI)","All Items","Index","Monthly","1975-M04","37.62234","Units"
"Germany","Consumer price index (CPI)","All Items","Index","Monthly","1975-M05","37.80798","Units"
"Germany","Consumer price index (CPI)","All Items","Index","Monthly","1975-M06","38.11737","Units"
"Germany","Consumer price index (CPI)","All Items","Index","Monthly","1975-M07","38.11737","Units"
"Germany","Consumer price index (CPI)","All Items","Index","Monthly","1975-M08","38.05549","Units"
"Germany","Consumer price index (CPI)","All Items","Index","Monthly","1975-M09","38.24113","Units"
"Germany","Consumer price index (CPI)","All Items","Index","Monthly","1975-M10","38.30301","Units"
"Germany","Consumer price index (CPI)","All Items","Index","Monthly","1975-M11","38.42677","Units"
"Germany","Consumer price index (CPI)","All Items","Index","Monthly","1975-M12","38.55052","Units"
"Germany","Consumer price index (CPI)","All Items","Index","Monthly","1976-M01","38.85992","Units"
"Germany","Consumer price index (CPI)","All Items","Index","Monthly","1976-M02","39.10743","Units"
"Germany","Consumer price index (CPI)","All Items","Index","Monthly","1976-M03","39.23119","Units"
"Germany","Consumer price index (CPI)","All Items","Index","Monthly","1976-M04","39.41683","Units"
"Germany","Consumer price index (CPI)","All Items","Index","Monthly","1976-M05","39.47871","Units"
"Germany","Consumer price index (CPI)","All Items","Index","Monthly","1976-M06","39.54058","Units"
"Germany","Consumer price index (CPI)","All Items","Index","Monthly","1976-M07","39.47871","Units"
"Germany","Consumer price index (CPI)","All Items","Index","Monthly","1976-M08","39.60246","Units"
"Germany","Consumer price index (CPI)","All Items","Index","Monthly","1976-M09","39.66434","Units"
"Germany","Consumer price index (CPI)","All Items","Index","Monthly","1976-M10","39.72622","Units"
"Germany","Consumer price index (CPI)","All Items","Index","Monthly","1976-M11","39.84998","Units"
"Germany","Consumer price index (CPI)","All Items","Index","Monthly","1976-M12","39.97374","Units"
"Germany","Consumer price index (CPI)","All Items","Index","Monthly","1977-M01","40.40689","Units"
"Germany","Consumer price index (CPI)","All Items","Index","Monthly","1977-M02","40.59253","Units"
"Germany","Consumer price index (CPI)","All Items","Index","Monthly","1977-M03","40.6544","Units"
"Germany","Consumer price index (CPI)","All Items","Index","Monthly","1977-M04","40.84004","Units"
"Germany","Consumer price index (CPI)","All Items","Index","Monthly","1977-M05","40.9638","Units"
"Germany","Consumer price index (CPI)","All Items","Index","Monthly","1977-M06","41.14943","Units"
"Germany","Consumer price index (CPI)","All Items","Index","Monthly","1977-M07","41.08755","Units"
"Germany","Consumer price index (CPI)","All Items","Index","Monthly","1977-M08","41.08755","Units"
"Germany","Consumer price index (CPI)","All Items","Index","Monthly","1977-M09","41.14943","Units"
"Germany","Consumer price index (CPI)","All Items","Index","Monthly","1977-M10","41.14943","Units"
"Germany","Consumer price index (CPI)","All Items","Index","Monthly","1977-M11","41.21131","Units"
"Germany","Consumer price index (CPI)","All Items","Index","Monthly","1977-M12","41.33507","Units"
"Germany","Consumer price index (CPI)","All Items","Index","Monthly","1978-M01","41.64447","Units"
"Germany","Consumer price index (CPI)","All Items","Index","Monthly","1978-M02","41.76822","Units"
"Germany","Consumer price index (CPI)","All Items","Index","Monthly","1978-M03","41.89198","Units"
"Germany","Consumer price index (CPI)","All Items","Index","Monthly","1978-M04","42.07762","Units"
"Germany","Consumer price index (CPI)","All Items","Index","Monthly","1978-M05","42.1395","Units"
"Germany","Consumer price index (CPI)","All Items","Index","Monthly","1978-M06","42.26325","Units"
"Germany","Consumer price index (CPI)","All Items","Index","Monthly","1978-M07","42.20137","Units"
"Germany","Consumer price index (CPI)","All Items","Index","Monthly","1978-M08","42.1395","Units"
"Germany","Consumer price index (CPI)","All Items","Index","Monthly","1978-M09","42.07762","Units"
"Germany","Consumer price index (CPI)","All Items","Index","Monthly","1978-M10","42.1395","Units"
"Germany","Consumer price index (CPI)","All Items","Index","Monthly","1978-M11","42.26325","Units"
"Germany","Consumer price index (CPI)","All Items","Index","Monthly","1978-M12","42.38701","Units"
"Germany","Consumer price index (CPI)","All Items","Index","Monthly","1979-M01","42.82016","Units"
"Germany","Consumer price index (CPI)","All Items","Index","Monthly","1979-M02","42.94392","Units"
"Germany","Consumer price index (CPI)","All Items","Index","Monthly","1979-M03","43.19144","Units"
"Germany","Consumer price index (CPI)","All Items","Index","Monthly","1979-M04","43.37707","Units"
"Germany","Consumer price index (CPI)","All Items","Index","Monthly","1979-M05","43.50083","Units"
"Germany","Consumer price index (CPI)","All Items","Index","Monthly","1979-M06","43.74834","Units"
"Germany","Consumer price index (CPI)","All Items","Index","Monthly","1979-M07","43.99586","Units"
"Germany","Consumer price index (CPI)","All Items","Index","Monthly","1979-M08","44.05774","Units"
"Germany","Consumer price index (CPI)","All Items","Index","Monthly","1979-M09","44.24338","Units"
"Germany","Consumer price index (CPI)","All Items","Index","Monthly","1979-M10","44.30526","Units"
"Germany","Consumer price index (CPI)","All Items","Index","Monthly","1979-M11","44.55277","Units"
"Germany","Consumer price index (CPI)","All Items","Index","Monthly","1979-M12","44.67653","Units"
"Germany","Consumer price index (CPI)","All Items","Index","Monthly","1980-M01","44.92405","Units"
"Germany","Consumer price index (CPI)","All Items","Index","Monthly","1980-M02","45.48095","Units"
"Germany","Consumer price index (CPI)","All Items","Index","Monthly","1980-M03","45.66659","Units"
"Germany","Consumer price index (CPI)","All Items","Index","Monthly","1980-M04","45.9141","Units"
"Germany","Consumer price index (CPI)","All Items","Index","Monthly","1980-M05","46.16162","Units"
"Germany","Consumer price index (CPI)","All Items","Index","Monthly","1980-M06","46.28538","Units"
"Germany","Consumer price index (CPI)","All Items","Index","Monthly","1980-M07","46.34726","Units"
"Germany","Consumer price index (CPI)","All Items","Index","Monthly","1980-M08","46.40914","Units"
"Germany","Consumer price index (CPI)","All Items","Index","Monthly","1980-M09","46.40914","Units"
"Germany","Consumer price index (CPI)","All Items","Index","Monthly","1980-M10","46.47102","Units"
"Germany","Consumer price index (CPI)","All Items","Index","Monthly","1980-M11","46.78041","Units"
"Germany","Consumer price index (CPI)","All Items","Index","Monthly","1980-M12","47.15168","Units"
"Germany","Consumer price index (CPI)","All Items","Index","Monthly","1981-M01","47.58484","Units"
"Germany","Consumer price index (CPI)","All Items","Index","Monthly","1981-M02","47.95611","Units"
"Germany","Consumer price index (CPI)","All Items","Index","Monthly","1981-M03","48.32738","Units"
"Germany","Consumer price index (CPI)","All Items","Index","Monthly","1981-M04","48.5749","Units"
"Germany","Consumer price index (CPI)","All Items","Index","Monthly","1981-M05","48.82241","Units"
"Germany","Consumer price index (CPI)","All Items","Index","Monthly","1981-M06","49.00805","Units"
"Germany","Consumer price index (CPI)","All Items","Index","Monthly","1981-M07","49.31744","Units"
"Germany","Consumer price index (CPI)","All Items","Index","Monthly","1981-M08","49.4412","Units"
"Germany","Consumer price index (CPI)","All Items","Index","Monthly","1981-M09","49.68872","Units"
"Germany","Consumer price index (CPI)","All Items","Index","Monthly","1981-M10","49.93623","Units"
"Germany","Consumer price index (CPI)","All Items","Index","Monthly","1981-M11","50.18375","Units"
"Germany","Consumer price index (CPI)","All Items","Index","Monthly","1981-M12","50.3075","Units"
"Germany","Consumer price index (CPI)","All Items","Index","Monthly","1982-M01","50.74065","Units"
"Germany","Consumer price index (CPI)","All Items","Index","Monthly","1982-M02","50.80254","Units"
"Germany","Consumer price index (CPI)","All Items","Index","Monthly","1982-M03","50.80254","Units"
"Germany","Consumer price index (CPI)","All Items","Index","Monthly","1982-M04","50.98817","Units"
"Germany","Consumer price index (CPI)","All Items","Index","Monthly","1982-M05","51.35944","Units"
"Germany","Consumer price index (CPI)","All Items","Index","Monthly","1982-M06","51.91636","Units"
"Germany","Consumer price index (CPI)","All Items","Index","Monthly","1982-M07","51.97823","Units"
"Germany","Consumer price index (CPI)","All Items","Index","Monthly","1982-M08","51.91636","Units"
"Germany","Consumer price index (CPI)","All Items","Index","Monthly","1982-M09","52.10199","Units"
"Germany","Consumer price index (CPI)","All Items","Index","Monthly","1982-M10","52.34951","Units"
"Germany","Consumer price index (CPI)","All Items","Index","Monthly","1982-M11","52.47326","Units"
"Germany","Consumer price index (CPI)","All Items","Index","Monthly","1982-M12","52.59702","Units"
"Germany","Consumer price index (CPI)","All Items","Index","Monthly","1983-M01","52.84454","Units"
"Germany","Consumer price index (CPI)","All Items","Index","Monthly","1983-M02","52.84454","Units"
"Germany","Consumer price index (CPI)","All Items","Index","Monthly","1983-M03","52.84454","Units"
"Germany","Consumer price index (CPI)","All Items","Index","Monthly","1983-M04","52.9683","Units"
"Germany","Consumer price index (CPI)","All Items","Index","Monthly","1983-M05","53.09205","Units"
"Germany","Consumer price index (CPI)","All Items","Index","Monthly","1983-M06","53.27769","Units"
"Germany","Consumer price index (CPI)","All Items","Index","Monthly","1983-M07","53.46333","Units"
"Germany","Consumer price index (CPI)","All Items","Index","Monthly","1983-M08","53.64896","Units"
"Germany","Consumer price index (CPI)","All Items","Index","Monthly","1983-M09","53.77272","Units"
"Germany","Consumer price index (CPI)","All Items","Index","Monthly","1983-M10","53.77272","Units"
"Germany","Consumer price index (CPI)","All Items","Index","Monthly","1983-M11","53.89648","Units"
"Germany","Consumer price index (CPI)","All Items","Index","Monthly","1983-M12","54.02023","Units"
"Germany","Consumer price index (CPI)","All Items","Index","Monthly","1984-M01","54.20587","Units"
"Germany","Consumer price index (CPI)","All Items","Index","Monthly","1984-M02","54.39151","Units"
"Germany","Consumer price index (CPI)","All Items","Index","Monthly","1984-M03","54.45339","Units"
"Germany","Consumer price index (CPI)","All Items","Index","Monthly","1984-M04","54.51527","Units"
"Germany","Consumer price index (CPI)","All Items","Index","Monthly","1984-M05","54.57714","Units"
"Germany","Consumer price index (CPI)","All Items","Index","Monthly","1984-M06","54.76278","Units"
"Germany","Consumer price index (CPI)","All Items","Index","Monthly","1984-M07","54.7009","Units"
"Germany","Consumer price index (CPI)","All Items","Index","Monthly","1984-M08","54.57714","Units"
"Germany","Consumer price index (CPI)","All Items","Index","Monthly","1984-M09","54.63902","Units"
"Germany","Consumer price index (CPI)","All Items","Index","Monthly","1984-M10","54.94842","Units"
"Germany","Consumer price index (CPI)","All Items","Index","Monthly","1984-M11","55.0103","Units"
"Germany","Consumer price index (CPI)","All Items","Index","Monthly","1984-M12","55.07217","Units"
"Germany","Consumer price index (CPI)","All Items","Index","Monthly","1985-M01","55.38157","Units"
"Germany","Consumer price index (CPI)","All Items","Index","Monthly","1985-M02","55.62909","Units"
"Germany","Consumer price index (CPI)","All Items","Index","Monthly","1985-M03","55.81472","Units"
"Germany","Consumer price index (CPI)","All Items","Index","Monthly","1985-M04","55.8766","Units"
"Germany","Consumer price index (CPI)","All Items","Index","Monthly","1985-M05","55.8766","Units"
"Germany","Consumer price index (CPI)","All Items","Index","Monthly","1985-M06","55.8766","Units"
"Germany","Consumer price index (CPI)","All Items","Index","Monthly","1985-M07","55.8766","Units"
"Germany","Consumer price index (CPI)","All Items","Index","Monthly","1985-M08","55.69096","Units"
"Germany","Consumer price index (CPI)","All Items","Index","Monthly","1985-M09","55.75284","Units"
"Germany","Consumer price index (CPI)","All Items","Index","Monthly","1985-M10","55.81472","Units"
"Germany","Consumer price index (CPI)","All Items","Index","Monthly","1985-M11","55.8766","Units"
"Germany","Consumer price index (CPI)","All Items","Index","Monthly","1985-M12","55.93848","Units"
"Germany","Consumer price index (CPI)","All Items","Index","Monthly","1986-M01","56.12411","Units"
"Germany","Consumer price index (CPI)","All Items","Index","Monthly","1986-M02","56.06224","Units"
"Germany","Consumer price index (CPI)","All Items","Index","Monthly","1986-M03","55.8766","Units"
"Germany","Consumer price index (CPI)","All Items","Index","Monthly","1986-M04","55.8766","Units"
"Germany","Consumer price index (CPI)","All Items","Index","Monthly","1986-M05","55.8766","Units"
"Germany","Consumer price index (CPI)","All Items","Index","Monthly","1986-M06","55.8766","Units"
"Germany","Consumer price index (CPI)","All Items","Index","Monthly","1986-M07","55.69096","Units"
"Germany","Consumer price index (CPI)","All Items","Index","Monthly","1986-M08","55.50533","Units"
"Germany","Consumer price index (CPI)","All Items","Index","Monthly","1986-M09","55.56721","Units"
"Germany","Consumer price index (CPI)","All Items","Index","Monthly","1986-M10","55.38157","Units"
"Germany","Consumer price index (CPI)","All Items","Index","Monthly","1986-M11","55.31969","Units"
"Germany","Consumer price index (CPI)","All Items","Index","Monthly","1986-M12","55.38157","Units"
"Germany","Consumer price index (CPI)","All Items","Index","Monthly","1987-M01","55.69096","Units"
"Germany","Consumer price index (CPI)","All Items","Index","Monthly","1987-M02","55.75284","Units"
"Germany","Consumer price index (CPI)","All Items","Index","Monthly","1987-M03","55.75284","Units"
"Germany","Consumer price index (CPI)","All Items","Index","Monthly","1987-M04","55.8766","Units"
"Germany","Consumer price index (CPI)","All Items","Index","Monthly","1987-M05","55.8766","Units"
"Germany","Consumer price index (CPI)","All Items","Index","Monthly","1987-M06","55.93848","Units"
"Germany","Consumer price index (CPI)","All Items","Index","Monthly","1987-M07","55.93848","Units"
"Germany","Consumer price index (CPI)","All Items","Index","Monthly","1987-M08","55.8766","Units"
"Germany","Consumer price index (CPI)","All Items","Index","Monthly","1987-M09","55.81472","Units"
"Germany","Consumer price index (CPI)","All Items","Index","Monthly","1987-M10","55.8766","Units"
"Germany","Consumer price index (CPI)","All Items","Index","Monthly","1987-M11","55.8766","Units"
"Germany","Consumer price index (CPI)","All Items","Index","Monthly","1987-M12","55.93848","Units"
"Germany","Consumer price index (CPI)","All Items","Index","Monthly","1988-M01","56.18599","Units"
"Germany","Consumer price index (CPI)","All Items","Index","Monthly","1988-M02","56.30975","Units"
"Germany","Consumer price index (CPI)","All Items","Index","Monthly","1988-M03","56.30975","Units"
"Germany","Consumer price index (CPI)","All Items","Index","Monthly","1988-M04","56.43351","Units"
"Germany","Consumer price index (CPI)","All Items","Index","Monthly","1988-M05","56.55727","Units"
"Germany","Consumer price index (CPI)","All Items","Index","Monthly","1988-M06","56.61914","Units"
"Germany","Consumer price index (CPI)","All Items","Index","Monthly","1988-M07","56.61914","Units"
"Germany","Consumer price index (CPI)","All Items","Index","Monthly","1988-M08","56.55727","Units"
"Germany","Consumer price index (CPI)","All Items","Index","Monthly","1988-M09","56.61914","Units"
"Germany","Consumer price index (CPI)","All Items","Index","Monthly","1988-M10","56.68103","Units"
"Germany","Consumer price index (CPI)","All Items","Index","Monthly","1988-M11","56.86666","Units"
"Germany","Consumer price index (CPI)","All Items","Index","Monthly","1988-M12","56.99042","Units"
"Germany","Consumer price index (CPI)","All Items","Index","Monthly","1989-M01","57.48545","Units"
"Germany","Consumer price index (CPI)","All Items","Index","Monthly","1989-M02","57.67109","Units"
"Germany","Consumer price index (CPI)","All Items","Index","Monthly","1989-M03","57.73297","Units"
"Germany","Consumer price index (CPI)","All Items","Index","Monthly","1989-M04","58.10424","Units"
"Germany","Consumer price index (CPI)","All Items","Index","Monthly","1989-M05","58.16612","Units"
"Germany","Consumer price index (CPI)","All Items","Index","Monthly","1989-M06","58.228","Units"
"Germany","Consumer price index (CPI)","All Items","Index","Monthly","1989-M07","58.16612","Units"
"Germany","Consumer price index (CPI)","All Items","Index","Monthly","1989-M08","58.16612","Units"
"Germany","Consumer price index (CPI)","All Items","Index","Monthly","1989-M09","58.228","Units"
"Germany","Consumer price index (CPI)","All Items","Index","Monthly","1989-M10","58.41363","Units"
"Germany","Consumer price index (CPI)","All Items","Index","Monthly","1989-M11","58.53739","Units"
"Germany","Consumer price index (CPI)","All Items","Index","Monthly","1989-M12","58.72303","Units"
"Germany","Consumer price index (CPI)","All Items","Index","Monthly","1990-M01","59.03242","Units"
"Germany","Consumer price index (CPI)","All Items","Index","Monthly","1990-M02","59.27994","Units"
"Germany","Consumer price index (CPI)","All Items","Index","Monthly","1990-M03","59.27994","Units"
"Germany","Consumer price index (CPI)","All Items","Index","Monthly","1990-M04","59.40369","Units"
"Germany","Consumer price index (CPI)","All Items","Index","Monthly","1990-M05","59.52745","Units"
"Germany","Consumer price index (CPI)","All Items","Index","Monthly","1990-M06","59.58933","Units"
"Germany","Consumer price index (CPI)","All Items","Index","Monthly","1990-M07","59.58933","Units"
"Germany","Consumer price index (CPI)","All Items","Index","Monthly","1990-M08","59.77497","Units"
"Germany","Consumer price index (CPI)","All Items","Index","Monthly","1990-M09","59.96061","Units"
"Germany","Consumer price index (CPI)","All Items","Index","Monthly","1990-M10","60.39376","Units"
"Germany","Consumer price index (CPI)","All Items","Index","Monthly","1990-M11","60.27","Units"
"Germany","Consumer price index (CPI)","All Items","Index","Monthly","1990-M12","60.33188","Units"
"Germany","Consumer price index (CPI)","All Items","Index","Monthly","1991-M01","60.70315","Units"
"Germany","Consumer price index (CPI)","All Items","Index","Monthly","1991-M02","60.96862","Units"
"Germany","Consumer price index (CPI)","All Items","Index","Monthly","1991-M03","60.96862","Units"
"Germany","Consumer price index (CPI)","All Items","Index","Monthly","1991-M04","61.23408","Units"
"Germany","Consumer price index (CPI)","All Items","Index","Monthly","1991-M05","61.41106","Units"
"Germany","Consumer price index (CPI)","All Items","Index","Monthly","1991-M06","61.76501","Units"
"Germany","Consumer price index (CPI)","All Items","Index","Monthly","1991-M07","62.47292","Units"
"Germany","Consumer price index (CPI)","All Items","Index","Monthly","1991-M08","62.47292","Units"
"Germany","Consumer price index (CPI)","All Items","Index","Monthly","1991-M09","62.47292","Units"
"Germany","Consumer price index (CPI)","All Items","Index","Monthly","1991-M10","63.4463","Units"
"Germany","Consumer price index (CPI)","All Items","Index","Monthly","1991-M11","63.71176","Units"
"Germany","Consumer price index (CPI)","All Items","Index","Monthly","1991-M12","63.80025","Units"
"Germany","Consumer price index (CPI)","All Items","Index","Monthly","1992-M01","64.15421","Units"
"Germany","Consumer price index (CPI)","All Items","Index","Monthly","1992-M02","64.50816","Units"
"Germany","Consumer price index (CPI)","All Items","Index","Monthly","1992-M03","64.77362","Units"
"Germany","Consumer price index (CPI)","All Items","Index","Monthly","1992-M04","65.03909","Units"
"Germany","Consumer price index (CPI)","All Items","Index","Monthly","1992-M05","65.21606","Units"
"Germany","Consumer price index (CPI)","All Items","Index","Monthly","1992-M06","65.39304","Units"
"Germany","Consumer price index (CPI)","All Items","Index","Monthly","1992-M07","65.57002","Units"
"Germany","Consumer price index (CPI)","All Items","Index","Monthly","1992-M08","65.57002","Units"
"Germany","Consumer price index (CPI)","All Items","Index","Monthly","1992-M09","65.57002","Units"
"Germany","Consumer price index (CPI)","All Items","Index","Monthly","1992-M10","65.57002","Units"
"Germany","Consumer price index (CPI)","All Items","Index","Monthly","1992-M11","65.83549","Units"
"Germany","Consumer price index (CPI)","All Items","Index","Monthly","1992-M12","65.92397","Units"
"Germany","Consumer price index (CPI)","All Items","Index","Monthly","1993-M01","67.07433","Units"
"Germany","Consumer price index (CPI)","All Items","Index","Monthly","1993-M02","67.60526","Units"
"Germany","Consumer price index (CPI)","All Items","Index","Monthly","1993-M03","67.78223","Units"
"Germany","Consumer price index (CPI)","All Items","Index","Monthly","1993-M04","67.95921","Units"
"Germany","Consumer price index (CPI)","All Items","Index","Monthly","1993-M05","68.0477","Units"
"Germany","Consumer price index (CPI)","All Items","Index","Monthly","1993-M06","68.22468","Units"
"Germany","Consumer price index (CPI)","All Items","Index","Monthly","1993-M07","68.57863","Units"
"Germany","Consumer price index (CPI)","All Items","Index","Monthly","1993-M08","68.57863","Units"
"Germany","Consumer price index (CPI)","All Items","Index","Monthly","1993-M09","68.49014","Units"
"Germany","Consumer price index (CPI)","All Items","Index","Monthly","1993-M10","68.49014","Units"
"Germany","Consumer price index (CPI)","All Items","Index","Monthly","1993-M11","68.57863","Units"
"Germany","Consumer price index (CPI)","All Items","Index","Monthly","1993-M12","68.75561","Units"
"Germany","Consumer price index (CPI)","All Items","Index","Monthly","1994-M01","69.10957","Units"
"Germany","Consumer price index (CPI)","All Items","Index","Monthly","1994-M02","69.6405","Units"
"Germany","Consumer price index (CPI)","All Items","Index","Monthly","1994-M03","69.72898","Units"
"Germany","Consumer price index (CPI)","All Items","Index","Monthly","1994-M04","69.81747","Units"
"Germany","Consumer price index (CPI)","All Items","Index","Monthly","1994-M05","69.99445","Units"
"Germany","Consumer price index (CPI)","All Items","Index","Monthly","1994-M06","70.08294","Units"
"Germany","Consumer price index (CPI)","All Items","Index","Monthly","1994-M07","70.25991","Units"
"Germany","Consumer price index (CPI)","All Items","Index","Monthly","1994-M08","70.43689","Units"
"Germany","Consumer price index (CPI)","All Items","Index","Monthly","1994-M09","70.25991","Units"
"Germany","Consumer price index (CPI)","All Items","Index","Monthly","1994-M10","70.17142","Units"
"Germany","Consumer price index (CPI)","All Items","Index","Monthly","1994-M11","70.25991","Units"
"Germany","Consumer price index (CPI)","All Items","Index","Monthly","1994-M12","70.43689","Units"
"Germany","Consumer price index (CPI)","All Items","Index","Monthly","1995-M01","70.70235","Units"
"Germany","Consumer price index (CPI)","All Items","Index","Monthly","1995-M02","71.05631","Units"
"Germany","Consumer price index (CPI)","All Items","Index","Monthly","1995-M03","71.05631","Units"
"Germany","Consumer price index (CPI)","All Items","Index","Monthly","1995-M04","71.1448","Units"
"Germany","Consumer price index (CPI)","All Items","Index","Monthly","1995-M05","71.1448","Units"
"Germany","Consumer price index (CPI)","All Items","Index","Monthly","1995-M06","71.23329","Units"
"Germany","Consumer price index (CPI)","All Items","Index","Monthly","1995-M07","71.41026","Units"
"Germany","Consumer price index (CPI)","All Items","Index","Monthly","1995-M08","71.41026","Units"
"Germany","Consumer price index (CPI)","All Items","Index","Monthly","1995-M09","71.41026","Units"
"Germany","Consumer price index (CPI)","All Items","Index","Monthly","1995-M10","71.23329","Units"
"Germany","Consumer price index (CPI)","All Items","Index","Monthly","1995-M11","71.23329","Units"
"Germany","Consumer price index (CPI)","All Items","Index","Monthly","1995-M12","71.49876","Units"
"Germany","Consumer price index (CPI)","All Items","Index","Monthly","1996-M01","71.67573","Units"
"Germany","Consumer price index (CPI)","All Items","Index","Monthly","1996-M02","72.11817","Units"
"Germany","Consumer price index (CPI)","All Items","Index","Monthly","1996-M03","72.11817","Units"
"Germany","Consumer price index (CPI)","All Items","Index","Monthly","1996-M04","72.11817","Units"
"Germany","Consumer price index (CPI)","All Items","Index","Monthly","1996-M05","72.20667","Units"
"Germany","Consumer price index (CPI)","All Items","Index","Monthly","1996-M06","72.29515","Units"
"Germany","Consumer price index (CPI)","All Items","Index","Monthly","1996-M07","72.38364","Units"
"Germany","Consumer price index (CPI)","All Items","Index","Monthly","1996-M08","72.38364","Units"
"Germany","Consumer price index (CPI)","All Items","Index","Monthly","1996-M09","72.38364","Units"
"Germany","Consumer price index (CPI)","All Items","Index","Monthly","1996-M10","72.38364","Units"
"Germany","Consumer price index (CPI)","All Items","Index","Monthly","1996-M11","72.29515","Units"
"Germany","Consumer price index (CPI)","All Items","Index","Monthly","1996-M12","72.56062","Units"
"Germany","Consumer price index (CPI)","All Items","Index","Monthly","1997-M01","73.18004","Units"
"Germany","Consumer price index (CPI)","All Items","Index","Monthly","1997-M02","73.26852","Units"
"Germany","Consumer price index (CPI)","All Items","Index","Monthly","1997-M03","73.26852","Units"
"Germany","Consumer price index (CPI)","All Items","Index","Monthly","1997-M04","73.18004","Units"
"Germany","Consumer price index (CPI)","All Items","Index","Monthly","1997-M05","73.35702","Units"
"Germany","Consumer price index (CPI)","All Items","Index","Monthly","1997-M06","73.4455","Units"
"Germany","Consumer price index (CPI)","All Items","Index","Monthly","1997-M07","74.06493","Units"
"Germany","Consumer price index (CPI)","All Items","Index","Monthly","1997-M08","74.15341","Units"
"Germany","Consumer price index (CPI)","All Items","Index","Monthly","1997-M09","73.97643","Units"
"Germany","Consumer price index (CPI)","All Items","Index","Monthly","1997-M10","73.88795","Units"
"Germany","Consumer price index (CPI)","All Items","Index","Monthly","1997-M11","73.88795","Units"
"Germany","Consumer price index (CPI)","All Items","Index","Monthly","1997-M12","74.06493","Units"
"Germany","Consumer price index (CPI)","All Items","Index","Monthly","1998-M01","74.06493","Units"
"Germany","Consumer price index (CPI)","All Items","Index","Monthly","1998-M02","74.2419","Units"
"Germany","Consumer price index (CPI)","All Items","Index","Monthly","1998-M03","74.15341","Units"
"Germany","Consumer price index (CPI)","All Items","Index","Monthly","1998-M04","74.2419","Units"
"Germany","Consumer price index (CPI)","All Items","Index","Monthly","1998-M05","74.33039","Units"
"Germany","Consumer price index (CPI)","All Items","Index","Monthly","1998-M06","74.41888","Units"
"Germany","Consumer price index (CPI)","All Items","Index","Monthly","1998-M07","74.68434","Units"
"Germany","Consumer price index (CPI)","All Items","Index","Monthly","1998-M08","74.50736","Units"
"Germany","Consumer price index (CPI)","All Items","Index","Monthly","1998-M09","74.33039","Units"
"Germany","Consumer price index (CPI)","All Items","Index","Monthly","1998-M10","74.2419","Units"
"Germany","Consumer price index (CPI)","All Items","Index","Monthly","1998-M11","74.2419","Units"
"Germany","Consumer price index (CPI)","All Items","Index","Monthly","1998-M12","74.33039","Units"
"Germany","Consumer price index (CPI)","All Items","Index","Monthly","1999-M01","74.2419","Units"
"Germany","Consumer price index (CPI)","All Items","Index","Monthly","1999-M02","74.33039","Units"
"Germany","Consumer price index (CPI)","All Items","Index","Monthly","1999-M03","74.33039","Units"
"Germany","Consumer price index (CPI)","All Items","Index","Monthly","1999-M04","74.68434","Units"
"Germany","Consumer price index (CPI)","All Items","Index","Monthly","1999-M05","74.68434","Units"
"Germany","Consumer price index (CPI)","All Items","Index","Monthly","1999-M06","74.77283","Units"
"Germany","Consumer price index (CPI)","All Items","Index","Monthly","1999-M07","75.12679","Units"
"Germany","Consumer price index (CPI)","All Items","Index","Monthly","1999-M08","75.0383","Units"
"Germany","Consumer price index (CPI)","All Items","Index","Monthly","1999-M09","74.86132","Units"
"Germany","Consumer price index (CPI)","All Items","Index","Monthly","1999-M10","74.77283","Units"
"Germany","Consumer price index (CPI)","All Items","Index","Monthly","1999-M11","74.94981","Units"
"Germany","Consumer price index (CPI)","All Items","Index","Monthly","1999-M12","75.21527","Units"
"Germany","Consumer price index (CPI)","All Items","Index","Monthly","2000-M01","75.39225","Units"
"Germany","Consumer price index (CPI)","All Items","Index","Monthly","2000-M02","75.48074","Units"
"Germany","Consumer price index (CPI)","All Items","Index","Monthly","2000-M03","75.48074","Units"
"Germany","Consumer price index (CPI)","All Items","Index","Monthly","2000-M04","75.48074","Units"
"Germany","Consumer price index (CPI)","All Items","Index","Monthly","2000-M05","75.39225","Units"
"Germany","Consumer price index (CPI)","All Items","Index","Monthly","2000-M06","75.74621","Units"
"Germany","Consumer price index (CPI)","All Items","Index","Monthly","2000-M07","76.10016","Units"
"Germany","Consumer price index (CPI)","All Items","Index","Monthly","2000-M08","75.92318","Units"
"Germany","Consumer price index (CPI)","All Items","Index","Monthly","2000-M09","76.10016","Units"
"Germany","Consumer price index (CPI)","All Items","Index","Monthly","2000-M10","76.01167","Units"
"Germany","Consumer price index (CPI)","All Items","Index","Monthly","2000-M11","76.10016","Units"
"Germany","Consumer price index (CPI)","All Items","Index","Monthly","2000-M12","76.71958","Units"
"Germany","Consumer price index (CPI)","All Items","Index","Monthly","2001-M01","76.45412","Units"
"Germany","Consumer price index (CPI)","All Items","Index","Monthly","2001-M02","76.89655","Units"
"Germany","Consumer price index (CPI)","All Items","Index","Monthly","2001-M03","76.89655","Units"
"Germany","Consumer price index (CPI)","All Items","Index","Monthly","2001-M04","77.25051","Units"
"Germany","Consumer price index (CPI)","All Items","Index","Monthly","2001-M05","77.51598","Units"
"Germany","Consumer price index (CPI)","All Items","Index","Monthly","2001-M06","77.60446","Units"
"Germany","Consumer price index (CPI)","All Items","Index","Monthly","2001-M07","77.69296","Units"
"Germany","Consumer price index (CPI)","All Items","Index","Monthly","2001-M08","77.51598","Units"
"Germany","Consumer price index (CPI)","All Items","Index","Monthly","2001-M09","77.51598","Units"
"Germany","Consumer price index (CPI)","All Items","Index","Monthly","2001-M10","77.42749","Units"
"Germany","Consumer price index (CPI)","All Items","Index","Monthly","2001-M11","77.25051","Units"
"Germany","Consumer price index (CPI)","All Items","Index","Monthly","2001-M12","77.95842","Units"
"Germany","Consumer price index (CPI)","All Items","Index","Monthly","2002-M01","78.04691","Units"
"Germany","Consumer price index (CPI)","All Items","Index","Monthly","2002-M02","78.31237","Units"
"Germany","Consumer price index (CPI)","All Items","Index","Monthly","2002-M03","78.48935","Units"
"Germany","Consumer price index (CPI)","All Items","Index","Monthly","2002-M04","78.40086","Units"
"Germany","Consumer price index (CPI)","All Items","Index","Monthly","2002-M05","78.48935","Units"
"Germany","Consumer price index (CPI)","All Items","Index","Monthly","2002-M06","78.48935","Units"
"Germany","Consumer price index (CPI)","All Items","Index","Monthly","2002-M07","78.57784","Units"
"Germany","Consumer price index (CPI)","All Items","Index","Monthly","2002-M08","78.48935","Units"
"Germany","Consumer price index (CPI)","All Items","Index","Monthly","2002-M09","78.48935","Units"
"Germany","Consumer price index (CPI)","All Items","Index","Monthly","2002-M10","78.40086","Units"
"Germany","Consumer price index (CPI)","All Items","Index","Monthly","2002-M11","78.1354","Units"
"Germany","Consumer price index (CPI)","All Items","Index","Monthly","2002-M12","78.84331","Units"
"Germany","Consumer price index (CPI)","All Items","Index","Monthly","2003-M01","78.84331","Units"
"Germany","Consumer price index (CPI)","All Items","Index","Monthly","2003-M02","79.28574","Units"
"Germany","Consumer price index (CPI)","All Items","Index","Monthly","2003-M03","79.37424","Units"
"Germany","Consumer price index (CPI)","All Items","Index","Monthly","2003-M04","79.10877","Units"
"Germany","Consumer price index (CPI)","All Items","Index","Monthly","2003-M05","78.93179","Units"
"Germany","Consumer price index (CPI)","All Items","Index","Monthly","2003-M06","79.19726","Units"
"Germany","Consumer price index (CPI)","All Items","Index","Monthly","2003-M07","79.37424","Units"
"Germany","Consumer price index (CPI)","All Items","Index","Monthly","2003-M08","79.37424","Units"
"Germany","Consumer price index (CPI)","All Items","Index","Monthly","2003-M09","79.28574","Units"
"Germany","Consumer price index (CPI)","All Items","Index","Monthly","2003-M10","79.28574","Units"
"Germany","Consumer price index (CPI)","All Items","Index","Monthly","2003-M11","79.10877","Units"
"Germany","Consumer price index (CPI)","All Items","Index","Monthly","2003-M12","79.72819","Units"
"Germany","Consumer price index (CPI)","All Items","Index","Monthly","2004-M01","79.72819","Units"
"Germany","Consumer price index (CPI)","All Items","Index","Monthly","2004-M02","79.90517","Units"
"Germany","Consumer price index (CPI)","All Items","Index","Monthly","2004-M03","80.17063","Units"
"Germany","Consumer price index (CPI)","All Items","Index","Monthly","2004-M04","80.4361","Units"
"Germany","Consumer price index (CPI)","All Items","Index","Monthly","2004-M05","80.61308","Units"
"Germany","Consumer price index (CPI)","All Items","Index","Monthly","2004-M06","80.61308","Units"
"Germany","Consumer price index (CPI)","All Items","Index","Monthly","2004-M07","80.79005","Units"
"Germany","Consumer price index (CPI)","All Items","Index","Monthly","2004-M08","80.87854","Units"
"Germany","Consumer price index (CPI)","All Items","Index","Monthly","2004-M09","80.70156","Units"
"Germany","Consumer price index (CPI)","All Items","Index","Monthly","2004-M10","80.79005","Units"
"Germany","Consumer price index (CPI)","All Items","Index","Monthly","2004-M11","80.61308","Units"
"Germany","Consumer price index (CPI)","All Items","Index","Monthly","2004-M12","81.49796","Units"
"Germany","Consumer price index (CPI)","All Items","Index","Monthly","2005-M01","80.87854","Units"
"Germany","Consumer price index (CPI)","All Items","Index","Monthly","2005-M02","81.2325","Units"
"Germany","Consumer price index (CPI)","All Items","Index","Monthly","2005-M03","81.58645","Units"
"Germany","Consumer price index (CPI)","All Items","Index","Monthly","2005-M04","81.40947","Units"
"Germany","Consumer price index (CPI)","All Items","Index","Monthly","2005-M05","81.58645","Units"
"Germany","Consumer price index (CPI)","All Items","Index","Monthly","2005-M06","81.67494","Units"
"Germany","Consumer price index (CPI)","All Items","Index","Monthly","2005-M07","82.02889","Units"
"Germany","Consumer price index (CPI)","All Items","Index","Monthly","2005-M08","82.11738","Units"
"Germany","Consumer price index (CPI)","All Items","Index","Monthly","2005-M09","82.20587","Units"
"Germany","Consumer price index (CPI)","All Items","Index","Monthly","2005-M10","82.29436","Units"
"Germany","Consumer price index (CPI)","All Items","Index","Monthly","2005-M11","82.02889","Units"
"Germany","Consumer price index (CPI)","All Items","Index","Monthly","2005-M12","82.64832","Units"
"Germany","Consumer price index (CPI)","All Items","Index","Monthly","2006-M01","82.38284","Units"
"Germany","Consumer price index (CPI)","All Items","Index","Monthly","2006-M02","82.7368","Units"
"Germany","Consumer price index (CPI)","All Items","Index","Monthly","2006-M03","82.7368","Units"
"Germany","Consumer price index (CPI)","All Items","Index","Monthly","2006-M04","83.00227","Units"
"Germany","Consumer price index (CPI)","All Items","Index","Monthly","2006-M05","83.00227","Units"
"Germany","Consumer price index (CPI)","All Items","Index","Monthly","2006-M06","83.17924","Units"
"Germany","Consumer price index (CPI)","All Items","Index","Monthly","2006-M07","83.5332","Units"
"Germany","Consumer price index (CPI)","All Items","Index","Monthly","2006-M08","83.35622","Units"
"Germany","Consumer price index (CPI)","All Items","Index","Monthly","2006-M09","83.09075","Units"
"Germany","Consumer price index (CPI)","All Items","Index","Monthly","2006-M10","83.17924","Units"
"Germany","Consumer price index (CPI)","All Items","Index","Monthly","2006-M11","83.17924","Units"
"Germany","Consumer price index (CPI)","All Items","Index","Monthly","2006-M12","83.79866","Units"
"Germany","Consumer price index (CPI)","All Items","Index","Monthly","2007-M01","83.79866","Units"
"Germany","Consumer price index (CPI)","All Items","Index","Monthly","2007-M02","84.15262","Units"
"Germany","Consumer price index (CPI)","All Items","Index","Monthly","2007-M03","84.3296","Units"
"Germany","Consumer price index (CPI)","All Items","Index","Monthly","2007-M04","84.77204","Units"
"Germany","Consumer price index (CPI)","All Items","Index","Monthly","2007-M05","84.77204","Units"
"Germany","Consumer price index (CPI)","All Items","Index","Monthly","2007-M06","84.77204","Units"
"Germany","Consumer price index (CPI)","All Items","Index","Monthly","2007-M07","85.21448","Units"
"Germany","Consumer price index (CPI)","All Items","Index","Monthly","2007-M08","85.12599","Units"
"Germany","Consumer price index (CPI)","All Items","Index","Monthly","2007-M09","85.30297","Units"
"Germany","Consumer price index (CPI)","All Items","Index","Monthly","2007-M10","85.47995","Units"
"Germany","Consumer price index (CPI)","All Items","Index","Monthly","2007-M11","85.92239","Units"
"Germany","Consumer price index (CPI)","All Items","Index","Monthly","2007-M12","86.45332","Units"
"Germany","Consumer price index (CPI)","All Items","Index","Monthly","2008-M01","86.18785","Units"
"Germany","Consumer price index (CPI)","All Items","Index","Monthly","2008-M02","86.54181","Units"
"Germany","Consumer price index (CPI)","All Items","Index","Monthly","2008-M03","86.98425","Units"
"Germany","Consumer price index (CPI)","All Items","Index","Monthly","2008-M04","86.80727","Units"
"Germany","Consumer price index (CPI)","All Items","Index","Monthly","2008-M05","87.3382","Units"
"Germany","Consumer price index (CPI)","All Items","Index","Monthly","2008-M06","87.51518","Units"
"Germany","Consumer price index (CPI)","All Items","Index","Monthly","2008-M07","88.04611","Units"
"Germany","Consumer price index (CPI)","All Items","Index","Monthly","2008-M08","87.78065","Units"
"Germany","Consumer price index (CPI)","All Items","Index","Monthly","2008-M09","87.69216","Units"
"Germany","Consumer price index (CPI)","All Items","Index","Monthly","2008-M10","87.51518","Units"
"Germany","Consumer price index (CPI)","All Items","Index","Monthly","2008-M11","87.07274","Units"
"Germany","Consumer price index (CPI)","All Items","Index","Monthly","2008-M12","87.4267","Units"
"Germany","Consumer price index (CPI)","All Items","Index","Monthly","2009-M01","86.98425","Units"
"Germany","Consumer price index (CPI)","All Items","Index","Monthly","2009-M02","87.51518","Units"
"Germany","Consumer price index (CPI)","All Items","Index","Monthly","2009-M03","87.3382","Units"
"Germany","Consumer price index (CPI)","All Items","Index","Monthly","2009-M04","87.4267","Units"
"Germany","Consumer price index (CPI)","All Items","Index","Monthly","2009-M05","87.3382","Units"
"Germany","Consumer price index (CPI)","All Items","Index","Monthly","2009-M06","87.60367","Units"
"Germany","Consumer price index (CPI)","All Items","Index","Monthly","2009-M07","87.60367","Units"
"Germany","Consumer price index (CPI)","All Items","Index","Monthly","2009-M08","87.78065","Units"
"Germany","Consumer price index (CPI)","All Items","Index","Monthly","2009-M09","87.51518","Units"
"Germany","Consumer price index (CPI)","All Items","Index","Monthly","2009-M10","87.51518","Units"
"Germany","Consumer price index (CPI)","All Items","Index","Monthly","2009-M11","87.4267","Units"
"Germany","Consumer price index (CPI)","All Items","Index","Monthly","2009-M12","88.13461","Units"
"Germany","Consumer price index (CPI)","All Items","Index","Monthly","2010-M01","87.60367","Units"
"Germany","Consumer price index (CPI)","All Items","Index","Monthly","2010-M02","87.95763","Units"
"Germany","Consumer price index (CPI)","All Items","Index","Monthly","2010-M03","88.40007","Units"
"Germany","Consumer price index (CPI)","All Items","Index","Monthly","2010-M04","88.48856","Units"
"Germany","Consumer price index (CPI)","All Items","Index","Monthly","2010-M05","88.40007","Units"
"Germany","Consumer price index (CPI)","All Items","Index","Monthly","2010-M06","88.40007","Units"
"Germany","Consumer price index (CPI)","All Items","Index","Monthly","2010-M07","88.57705","Units"
"Germany","Consumer price index (CPI)","All Items","Index","Monthly","2010-M08","88.66553","Units"
"Germany","Consumer price index (CPI)","All Items","Index","Monthly","2010-M09","88.57705","Units"
"Germany","Consumer price index (CPI)","All Items","Index","Monthly","2010-M10","88.66553","Units"
"Germany","Consumer price index (CPI)","All Items","Index","Monthly","2010-M11","88.75402","Units"
"Germany","Consumer price index (CPI)","All Items","Index","Monthly","2010-M12","89.28496","Units"
"Germany","Consumer price index (CPI)","All Items","Index","Monthly","2011-M01","89.10798","Units"
"Germany","Consumer price index (CPI)","All Items","Index","Monthly","2011-M02","89.63891","Units"
"Germany","Consumer price index (CPI)","All Items","Index","Monthly","2011-M03","90.16984","Units"
"Germany","Consumer price index (CPI)","All Items","Index","Monthly","2011-M04","90.16984","Units"
"Germany","Consumer price index (CPI)","All Items","Index","Monthly","2011-M05","90.16984","Units"
"Germany","Consumer price index (CPI)","All Items","Index","Monthly","2011-M06","90.25833","Units"
"Germany","Consumer price index (CPI)","All Items","Index","Monthly","2011-M07","90.4353","Units"
"Germany","Consumer price index (CPI)","All Items","Index","Monthly","2011-M08","90.5238","Units"
"Germany","Consumer price index (CPI)","All Items","Index","Monthly","2011-M09","90.70077","Units"
"Germany","Consumer price index (CPI)","All Items","Index","Monthly","2011-M10","90.70077","Units"
"Germany","Consumer price index (CPI)","All Items","Index","Monthly","2011-M11","90.87775","Units"
"Germany","Consumer price index (CPI)","All Items","Index","Monthly","2011-M12","91.05473","Units"
"Germany","Consumer price index (CPI)","All Items","Index","Monthly","2012-M01","90.96624","Units"
"Germany","Consumer price index (CPI)","All Items","Index","Monthly","2012-M02","91.58566","Units"
"Germany","Consumer price index (CPI)","All Items","Index","Monthly","2012-M03","92.11658","Units"
"Germany","Consumer price index (CPI)","All Items","Index","Monthly","2012-M04","91.93961","Units"
"Germany","Consumer price index (CPI)","All Items","Index","Monthly","2012-M05","91.93961","Units"
"Germany","Consumer price index (CPI)","All Items","Index","Monthly","2012-M06","91.76263","Units"
"Germany","Consumer price index (CPI)","All Items","Index","Monthly","2012-M07","92.11658","Units"
"Germany","Consumer price index (CPI)","All Items","Index","Monthly","2012-M08","92.47054","Units"
"Germany","Consumer price index (CPI)","All Items","Index","Monthly","2012-M09","92.55903","Units"
"Germany","Consumer price index (CPI)","All Items","Index","Monthly","2012-M10","92.55903","Units"
"Germany","Consumer price index (CPI)","All Items","Index","Monthly","2012-M11","92.64752","Units"
"Germany","Consumer price index (CPI)","All Items","Index","Monthly","2012-M12","92.91299","Units"
"Germany","Consumer price index (CPI)","All Items","Index","Monthly","2013-M01","92.47054","Units"
"Germany","Consumer price index (CPI)","All Items","Index","Monthly","2013-M02","93.00147","Units"
"Germany","Consumer price index (CPI)","All Items","Index","Monthly","2013-M03","93.44392","Units"
"Germany","Consumer price index (CPI)","All Items","Index","Monthly","2013-M04","93.00147","Units"
"Germany","Consumer price index (CPI)","All Items","Index","Monthly","2013-M05","93.35543","Units"
"Germany","Consumer price index (CPI)","All Items","Index","Monthly","2013-M06","93.44392","Units"
"Germany","Consumer price index (CPI)","All Items","Index","Monthly","2013-M07","93.88636","Units"
"Germany","Consumer price index (CPI)","All Items","Index","Monthly","2013-M08","93.88636","Units"
"Germany","Consumer price index (CPI)","All Items","Index","Monthly","2013-M09","93.88636","Units"
"Germany","Consumer price index (CPI)","All Items","Index","Monthly","2013-M10","93.70938","Units"
"Germany","Consumer price index (CPI)","All Items","Index","Monthly","2013-M11","93.88636","Units"
"Germany","Consumer price index (CPI)","All Items","Index","Monthly","2013-M12","94.24031","Units"
"Germany","Consumer price index (CPI)","All Items","Index","Monthly","2014-M01","93.70938","Units"
"Germany","Consumer price index (CPI)","All Items","Index","Monthly","2014-M02","94.15182","Units"
"Germany","Consumer price index (CPI)","All Items","Index","Monthly","2014-M03","94.41729","Units"
"Germany","Consumer price index (CPI)","All Items","Index","Monthly","2014-M04","94.24031","Units"
"Germany","Consumer price index (CPI)","All Items","Index","Monthly","2014-M05","94.15182","Units"
"Germany","Consumer price index (CPI)","All Items","Index","Monthly","2014-M06","94.41729","Units"
"Germany","Consumer price index (CPI)","All Items","Index","Monthly","2014-M07","94.68275","Units"
"Germany","Consumer price index (CPI)","All Items","Index","Monthly","2014-M08","94.68275","Units"
"Germany","Consumer price index (CPI)","All Items","Index","Monthly","2014-M09","94.68275","Units"
"Germany","Consumer price index (CPI)","All Items","Index","Monthly","2014-M10","94.41729","Units"
"Germany","Consumer price index (CPI)","All Items","Index","Monthly","2014-M11","94.41729","Units"
"Germany","Consumer price index (CPI)","All Items","Index","Monthly","2014-M12","94.41729","Units"
"Germany","Consumer price index (CPI)","All Items","Index","Monthly","2015-M01","93.44392","Units"
"Germany","Consumer price index (CPI)","All Items","Index","Monthly","2015-M02","94.10799","Units"
"Germany","Consumer price index (CPI)","All Items","Index","Monthly","2015-M03","94.58232","Units"
"Germany","Consumer price index (CPI)","All Items","Index","Monthly","2015-M04","95.05666","Units"
"Germany","Consumer price index (CPI)","All Items","Index","Monthly","2015-M05","95.24639","Units"
"Germany","Consumer price index (CPI)","All Items","Index","Monthly","2015-M06","95.24639","Units"
"Germany","Consumer price index (CPI)","All Items","Index","Monthly","2015-M07","95.43612","Units"
"Germany","Consumer price index (CPI)","All Items","Index","Monthly","2015-M08","95.43612","Units"
"Germany","Consumer price index (CPI)","All Items","Index","Monthly","2015-M09","95.24639","Units"
"Germany","Consumer price index (CPI)","All Items","Index","Monthly","2015-M10","95.24639","Units"
"Germany","Consumer price index (CPI)","All Items","Index","Monthly","2015-M11","94.58232","Units"
"Germany","Consumer price index (CPI)","All Items","Index","Monthly","2015-M12","94.58232","Units"
"Germany","Consumer price index (CPI)","All Items","Index","Monthly","2016-M01","93.91825","Units"
"Germany","Consumer price index (CPI)","All Items","Index","Monthly","2016-M02","94.20285","Units"
"Germany","Consumer price index (CPI)","All Items","Index","Monthly","2016-M03","94.86692","Units"
"Germany","Consumer price index (CPI)","All Items","Index","Monthly","2016-M04","94.96178","Units"
"Germany","Consumer price index (CPI)","All Items","Index","Monthly","2016-M05","95.43612","Units"
"Germany","Consumer price index (CPI)","All Items","Index","Monthly","2016-M06","95.53099","Units"
"Germany","Consumer price index (CPI)","All Items","Index","Monthly","2016-M07","95.91045","Units"
"Germany","Consumer price index (CPI)","All Items","Index","Monthly","2016-M08","95.81559","Units"
"Germany","Consumer price index (CPI)","All Items","Index","Monthly","2016-M09","95.81559","Units"
"Germany","Consumer price index (CPI)","All Items","Index","Monthly","2016-M10","96.00533","Units"
"Germany","Consumer price index (CPI)","All Items","Index","Monthly","2016-M11","95.34126","Units"
"Germany","Consumer price index (CPI)","All Items","Index","Monthly","2016-M12","96.00533","Units"
"Germany","Consumer price index (CPI)","All Items","Index","Monthly","2017-M01","95.43612","Units"
"Germany","Consumer price index (CPI)","All Items","Index","Monthly","2017-M02","96.00533","Units"
"Germany","Consumer price index (CPI)","All Items","Index","Monthly","2017-M03","96.19506","Units"
"Germany","Consumer price index (CPI)","All Items","Index","Monthly","2017-M04","96.57452","Units"
"Germany","Consumer price index (CPI)","All Items","Index","Monthly","2017-M05","96.57452","Units"
"Germany","Consumer price index (CPI)","All Items","Index","Monthly","2017-M06","96.85912","Units"
"Germany","Consumer price index (CPI)","All Items","Index","Monthly","2017-M07","97.23859","Units"
"Germany","Consumer price index (CPI)","All Items","Index","Monthly","2017-M08","97.33346","Units"
"Germany","Consumer price index (CPI)","All Items","Index","Monthly","2017-M09","97.42833","Units"
"Germany","Consumer price index (CPI)","All Items","Index","Monthly","2017-M10","97.23859","Units"
"Germany","Consumer price index (CPI)","All Items","Index","Monthly","2017-M11","96.85912","Units"
"Germany","Consumer price index (CPI)","All Items","Index","Monthly","2017-M12","97.33346","Units"
"Germany","Consumer price index (CPI)","All Items","Index","Monthly","2018-M01","96.76426","Units"
"Germany","Consumer price index (CPI)","All Items","Index","Monthly","2018-M02","97.04886","Units"
"Germany","Consumer price index (CPI)","All Items","Index","Monthly","2018-M03","97.61806","Units"
"Germany","Consumer price index (CPI)","All Items","Index","Monthly","2018-M04","97.80779","Units"
"Germany","Consumer price index (CPI)","All Items","Index","Monthly","2018-M05","98.56673","Units"
"Germany","Consumer price index (CPI)","All Items","Index","Monthly","2018-M06","98.6616","Units"
"Germany","Consumer price index (CPI)","All Items","Index","Monthly","2018-M07","99.04106","Units"
"Germany","Consumer price index (CPI)","All Items","Index","Monthly","2018-M08","99.13593","Units"
"Germany","Consumer price index (CPI)","All Items","Index","Monthly","2018-M09","99.32567","Units"
"Germany","Consumer price index (CPI)","All Items","Index","Monthly","2018-M10","99.5154","Units"
"Germany","Consumer price index (CPI)","All Items","Index","Monthly","2018-M11","98.85133","Units"
"Germany","Consumer price index (CPI)","All Items","Index","Monthly","2018-M12","98.85133","Units"
"Germany","Consumer price index (CPI)","All Items","Index","Monthly","2019-M01","98.09239","Units"
"Germany","Consumer price index (CPI)","All Items","Index","Monthly","2019-M02","98.47186","Units"
"Germany","Consumer price index (CPI)","All Items","Index","Monthly","2019-M03","98.85133","Units"
"Germany","Consumer price index (CPI)","All Items","Index","Monthly","2019-M04","99.8","Units"
"Germany","Consumer price index (CPI)","All Items","Index","Monthly","2019-M05","99.98973","Units"
"Germany","Consumer price index (CPI)","All Items","Index","Monthly","2019-M06","100.2743","Units"
"Germany","Consumer price index (CPI)","All Items","Index","Monthly","2019-M07","100.7487","Units"
"Germany","Consumer price index (CPI)","All Items","Index","Monthly","2019-M08","100.5589","Units"
"Germany","Consumer price index (CPI)","All Items","Index","Monthly","2019-M09","100.5589","Units"
"Germany","Consumer price index (CPI)","All Items","Index","Monthly","2019-M10","100.6538","Units"
"Germany","Consumer price index (CPI)","All Items","Index","Monthly","2019-M11","99.89487","Units"
"Germany","Consumer price index (CPI)","All Items","Index","Monthly","2019-M12","100.3692","Units"
"Germany","Consumer price index (CPI)","All Items","Index","Monthly","2020-M01","99.8","Units"
"Germany","Consumer price index (CPI)","All Items","Index","Monthly","2020-M02","100.1","Units"
"Germany","Consumer price index (CPI)","All Items","Index","Monthly","2020-M03","100.3","Units"
"Germany","Consumer price index (CPI)","All Items","Index","Monthly","2020-M04","100.4","Units"
"Germany","Consumer price index (CPI)","All Items","Index","Monthly","2020-M05","100.4","Units"
"Germany","Consumer price index (CPI)","All Items","Index","Monthly","2020-M06","100.5","Units"
"Germany","Consumer price index (CPI)","All Items","Index","Monthly","2020-M07","99.7","Units"
"Germany","Consumer price index (CPI)","All Items","Index","Monthly","2020-M08","99.7","Units"
"Germany","Consumer price index (CPI)","All Items","Index","Monthly","2020-M09","99.7","Units"
"Germany","Consumer price index (CPI)","All Items","Index","Monthly","2020-M10","99.9","Units"
"Germany","Consumer price index (CPI)","All Items","Index","Monthly","2020-M11","99.7","Units"
"Germany","Consumer price index (CPI)","All Items","Index","Monthly","2020-M12","99.8","Units"
"Germany","Consumer price index (CPI)","All Items","Index","Monthly","2021-M01","101","Units"
"Germany","Consumer price index (CPI)","All Items","Index","Monthly","2021-M02","101.6","Units"
"Germany","Consumer price index (CPI)","All Items","Index","Monthly","2021-M03","102.1","Units"
"Germany","Consumer price index (CPI)","All Items","Index","Monthly","2021-M04","102.4","Units"
"Germany","Consumer price index (CPI)","All Items","Index","Monthly","2021-M05","102.6","Units"
"Germany","Consumer price index (CPI)","All Items","Index","Monthly","2021-M06","102.9","Units"
"Germany","Consumer price index (CPI)","All Items","Index","Monthly","2021-M07","103.4","Units"
"Germany","Consumer price index (CPI)","All Items","Index","Monthly","2021-M08","103.5","Units"
"Germany","Consumer price index (CPI)","All Items","Index","Monthly","2021-M09","103.8","Units"
"Germany","Consumer price index (CPI)","All Items","Index","Monthly","2021-M10","104.3","Units"
"Germany","Consumer price index (CPI)","All Items","Index","Monthly","2021-M11","104.5","Units"
"Germany","Consumer price index (CPI)","All Items","Index","Monthly","2021-M12","104.7","Units"
"Germany","Consumer price index (CPI)","All Items","Index","Monthly","2022-M01","105.2","Units"
"Germany","Consumer price index (CPI)","All Items","Index","Monthly","2022-M02","106","Units"
"Germany","Consumer price index (CPI)","All Items","Index","Monthly","2022-M03","108.1","Units"
"Germany","Consumer price index (CPI)","All Items","Index","Monthly","2022-M04","108.8","Units"
"Germany","Consumer price index (CPI)","All Items","Index","Monthly","2022-M05","109.8","Units"
"Germany","Consumer price index (CPI)","All Items","Index","Monthly","2022-M06","109.8","Units"
"Germany","Consumer price index (CPI)","All Items","Index","Monthly","2022-M07","110.3","Units"
"Germany","Consumer price index (CPI)","All Items","Index","Monthly","2022-M08","110.7","Units"
"Germany","Consumer price index (CPI)","All Items","Index","Monthly","2022-M09","112.7","Units"
"Germany","Consumer price index (CPI)","All Items","Index","Monthly","2022-M10","113.5","Units"
"Germany","Consumer price index (CPI)","All Items","Index","Monthly","2022-M11","113.7","Units"
"Germany","Consumer price index (CPI)","All Items","Index","Monthly","2022-M12","113.2","Units"
"Germany","Consumer price index (CPI)","All Items","Index","Monthly","2023-M01","114.3","Units"
"Germany","Consumer price index (CPI)","All Items","Index","Monthly","2023-M02","115.2","Units"
"Germany","Consumer price index (CPI)","All Items","Index","Monthly","2023-M03","116.1","Units"
"Germany","Consumer price index (CPI)","All Items","Index","Monthly","2023-M04","116.6","Units"
"Germany","Consumer price index (CPI)","All Items","Index","Monthly","2023-M05","116.5","Units"
"Germany","Consumer price index (CPI)","All Items","Index","Monthly","2023-M06","116.8","Units"
"Germany","Consumer price index (CPI)","All Items","Index","Monthly","2023-M07","117.1","Units"
"Germany","Consumer price index (CPI)","All Items","Index","Monthly","2023-M08","117.5","Units"
"Germany","Consumer price index (CPI)","All Items","Index","Monthly","2023-M09","117.8","Units"
"Germany","Consumer price index (CPI)","All Items","Index","Monthly","2023-M10","117.8","Units"
"Germany","Consumer price index (CPI)","All Items","Index","Monthly","2023-M11","117.3","Units"
"Germany","Consumer price index (CPI)","All Items","Index","Monthly","2023-M12","117.4","Units"
"Germany","Consumer price index (CPI)","All Items","Index","Monthly","2024-M01","117.6","Units"
"Germany","Consumer price index (CPI)","All Items","Index","Monthly","2024-M02","118.1","Units"
"Germany","Consumer price index (CPI)","All Items","Index","Monthly","2024-M03","118.6","Units"
"Germany","Consumer price index (CPI)","All Items","Index","Monthly","2024-M04","119.2","Units"
"Germany","Consumer price index (CPI)","All Items","Index","Monthly","2024-M05","119.3","Units"
"Germany","Consumer price index (CPI)","All Items","Index","Monthly","2024-M06","119.4","Units"
"Germany","Consumer price index (CPI)","All Items","Index","Monthly","2024-M07","119.8","Units"
"Germany","Consumer price index (CPI)","All Items","Index","Monthly","2024-M08","119.7","Units"
"Germany","Consumer price index (CPI)","All Items","Index","Monthly","2024-M09","119.7","Units"
"Germany","Consumer price index (CPI)","All Items","Index","Monthly","2024-M10","120.2","Units"
"Germany","Consumer price index (CPI)","All Items","Index","Monthly","2024-M11","119.9","Units"
"Germany","Consumer price index (CPI)","All Items","Index","Monthly","2024-M12","120.5","Units"
"Germany","Consumer price index (CPI)","All Items","Index","Monthly","2025-M01","120.3","Units"
"Germany","Consumer price index (CPI)","All Items","Index","Monthly","2025-M02","120.8","Units"
"Germany","Consumer price index (CPI)","All Items","Index","Monthly","2025-M03","121.2","Units"
"Germany","Consumer price index (CPI)","All Items","Index","Monthly","2025-M04","121.7","Units"
"Germany","Consumer price index (CPI)","All Items","Index","Monthly","2025-M05","121.8","Units"
"Germany","Consumer price index (CPI)","All Items","Index","Monthly","2025-M06","121.8","Units"
"Germany","Consumer price index (CPI)","All Items","Index","Monthly","2025-M07","122.2","Units"
"Germany","Consumer price index (CPI)","All Items","Index","Monthly","2025-M08","122.3","Units"
"Germany","Consumer price index (CPI)","All Items","Index","Monthly","2025-M09","122.6","Units"
"Germany","Consumer price index (CPI)","All Items","Index","Monthly","2025-M10","123","Units"
"Germany","Consumer price index (CPI)","All Items","Index","Monthly","2025-M11","122.7","Units"
"Germany","Consumer price index (CPI)","All Items","Index","Monthly","2025-M12","122.7","Units"
"Germany","Consumer price index (CPI)","All Items","Index","Monthly","2026-M01","122.8","Units"
