"COUNTRY","INDICATOR","UNIT","FREQUENCY","TIME_PERIOD","OBS_VALUE","SCALE"
"Germany","Total reserves (gold at national valuation)","US dollar","Monthly","1950-M12","190","Millions"
"Germany","Total reserves (gold at national valuation)","US dollar","Monthly","1951-M12","455.5714285782313","Millions"
"Germany","Total reserves (gold at national valuation)","US dollar","Monthly","1952-M12","960.476190509637","Millions"
"Germany","Total reserves (gold at national valuation)","US dollar","Monthly","1953-M12","1774.600476268141","Millions"
"Germany","Total reserves (gold at national valuation)","US dollar","Monthly","1954-M12","2577.720296353688","Millions"
"Germany","Total reserves (gold at national valuation)","US dollar","Monthly","1955-M12","3011.233535992535","Millions"
"Germany","Total reserves (gold at national valuation)","US dollar","Monthly","1956-M12","4203.24667448572","Millions"
"Germany","Total reserves (gold at national valuation)","US dollar","Monthly","1957-M01","4275.80373995865","Millions"
"Germany","Total reserves (gold at national valuation)","US dollar","Monthly","1957-M02","4378.82143678717","Millions"
"Germany","Total reserves (gold at national valuation)","US dollar","Monthly","1957-M03","4460.73293126368","Millions"
"Germany","Total reserves (gold at national valuation)","US dollar","Monthly","1957-M04","4593.43788848468","Millions"
"Germany","Total reserves (gold at national valuation)","US dollar","Monthly","1957-M05","4714.77002140418","Millions"
"Germany","Total reserves (gold at national valuation)","US dollar","Monthly","1957-M06","4836.59855082792","Millions"
"Germany","Total reserves (gold at national valuation)","US dollar","Monthly","1957-M07","4825.81397574942","Millions"
"Germany","Total reserves (gold at national valuation)","US dollar","Monthly","1957-M08","5153.54973011951","Millions"
"Germany","Total reserves (gold at national valuation)","US dollar","Monthly","1957-M09","5399.8815937253","Millions"
"Germany","Total reserves (gold at national valuation)","US dollar","Monthly","1957-M10","5309.46198937111","Millions"
"Germany","Total reserves (gold at national valuation)","US dollar","Monthly","1957-M11","5282.61824251044","Millions"
"Germany","Total reserves (gold at national valuation)","US dollar","Monthly","1957-M12","5193.95831914212","Millions"
"Germany","Total reserves (gold at national valuation)","US dollar","Monthly","1958-M01","5126.2606252823","Millions"
"Germany","Total reserves (gold at national valuation)","US dollar","Monthly","1958-M02","5099.80081449055","Millions"
"Germany","Total reserves (gold at national valuation)","US dollar","Monthly","1958-M03","5172.68249975222","Millions"
"Germany","Total reserves (gold at national valuation)","US dollar","Monthly","1958-M04","5249.1245044126","Millions"
"Germany","Total reserves (gold at national valuation)","US dollar","Monthly","1958-M05","5403.25433654994","Millions"
"Germany","Total reserves (gold at national valuation)","US dollar","Monthly","1958-M06","5413.84890276428","Millions"
"Germany","Total reserves (gold at national valuation)","US dollar","Monthly","1958-M07","5500.99269503687","Millions"
"Germany","Total reserves (gold at national valuation)","US dollar","Monthly","1958-M08","5590.20477326464","Millions"
"Germany","Total reserves (gold at national valuation)","US dollar","Monthly","1958-M09","5633.00546222525","Millions"
"Germany","Total reserves (gold at national valuation)","US dollar","Monthly","1958-M10","5700.22391932778","Millions"
"Germany","Total reserves (gold at national valuation)","US dollar","Monthly","1958-M11","5783.34403525182","Millions"
"Germany","Total reserves (gold at national valuation)","US dollar","Monthly","1958-M12","5894.70778639251","Millions"
"Germany","Total reserves (gold at national valuation)","US dollar","Monthly","1959-M01","4635.71749992666","Millions"
"Germany","Total reserves (gold at national valuation)","US dollar","Monthly","1959-M02","4559.14003604706","Millions"
"Germany","Total reserves (gold at national valuation)","US dollar","Monthly","1959-M03","4256.42815113259","Millions"
"Germany","Total reserves (gold at national valuation)","US dollar","Monthly","1959-M04","4113.21017275164","Millions"
"Germany","Total reserves (gold at national valuation)","US dollar","Monthly","1959-M05","4229.3112590785","Millions"
"Germany","Total reserves (gold at national valuation)","US dollar","Monthly","1959-M06","4288.27465021047","Millions"
"Germany","Total reserves (gold at national valuation)","US dollar","Monthly","1959-M07","4282.30268824428","Millions"
"Germany","Total reserves (gold at national valuation)","US dollar","Monthly","1959-M08","4215.58441992438","Millions"
"Germany","Total reserves (gold at national valuation)","US dollar","Monthly","1959-M09","4246.9857210637","Millions"
"Germany","Total reserves (gold at national valuation)","US dollar","Monthly","1959-M10","4355.40604133663","Millions"
"Germany","Total reserves (gold at national valuation)","US dollar","Monthly","1959-M11","4562.5961937585","Millions"
"Germany","Total reserves (gold at national valuation)","US dollar","Monthly","1959-M12","4811.47434116477","Millions"
"Germany","Total reserves (gold at national valuation)","US dollar","Monthly","1960-M01","4724.15578531513","Millions"
"Germany","Total reserves (gold at national valuation)","US dollar","Monthly","1960-M02","4806.36283037685","Millions"
"Germany","Total reserves (gold at national valuation)","US dollar","Monthly","1960-M03","4966.45601579936","Millions"
"Germany","Total reserves (gold at national valuation)","US dollar","Monthly","1960-M04","5236.12062415449","Millions"
"Germany","Total reserves (gold at national valuation)","US dollar","Monthly","1960-M05","5417.0918471847","Millions"
"Germany","Total reserves (gold at national valuation)","US dollar","Monthly","1960-M06","5843.76690714421","Millions"
"Germany","Total reserves (gold at national valuation)","US dollar","Monthly","1960-M07","6124.72853785116","Millions"
"Germany","Total reserves (gold at national valuation)","US dollar","Monthly","1960-M08","6358.68057623484","Millions"
"Germany","Total reserves (gold at national valuation)","US dollar","Monthly","1960-M09","6643.27290237623","Millions"
"Germany","Total reserves (gold at national valuation)","US dollar","Monthly","1960-M10","6878.94807071075","Millions"
"Germany","Total reserves (gold at national valuation)","US dollar","Monthly","1960-M11","6909.71814983537","Millions"
"Germany","Total reserves (gold at national valuation)","US dollar","Monthly","1960-M12","7053.73822895998","Millions"
"Germany","Total reserves (gold at national valuation)","US dollar","Monthly","1961-M01","6987.74674401697","Millions"
"Germany","Total reserves (gold at national valuation)","US dollar","Monthly","1961-M02","7057.50971296172","Millions"
"Germany","Total reserves (gold at national valuation)","US dollar","Monthly","1961-M03","7446.15251971461","Millions"
"Germany","Total reserves (gold at national valuation)","US dollar","Monthly","1961-M04","7111.59562260896","Millions"
"Germany","Total reserves (gold at national valuation)","US dollar","Monthly","1961-M05","7159.2182880248","Millions"
"Germany","Total reserves (gold at national valuation)","US dollar","Monthly","1961-M06","7299.59367954056","Millions"
"Germany","Total reserves (gold at national valuation)","US dollar","Monthly","1961-M07","7186.6474441504","Millions"
"Germany","Total reserves (gold at national valuation)","US dollar","Monthly","1961-M08","7108.42864956172","Millions"
"Germany","Total reserves (gold at national valuation)","US dollar","Monthly","1961-M09","7135.83328821364","Millions"
"Germany","Total reserves (gold at national valuation)","US dollar","Monthly","1961-M10","6908.70033718235","Millions"
"Germany","Total reserves (gold at national valuation)","US dollar","Monthly","1961-M11","6791.2304719609","Millions"
"Germany","Total reserves (gold at national valuation)","US dollar","Monthly","1961-M12","7166.98749497453","Millions"
"Germany","Total reserves (gold at national valuation)","US dollar","Monthly","1962-M01","6460.48968439089","Millions"
"Germany","Total reserves (gold at national valuation)","US dollar","Monthly","1962-M02","6444.19648003649","Millions"
"Germany","Total reserves (gold at national valuation)","US dollar","Monthly","1962-M03","6649.12011355997","Millions"
"Germany","Total reserves (gold at national valuation)","US dollar","Monthly","1962-M04","6552.62335507788","Millions"
"Germany","Total reserves (gold at national valuation)","US dollar","Monthly","1962-M05","6589.7055988364","Millions"
"Germany","Total reserves (gold at national valuation)","US dollar","Monthly","1962-M06","6831.71838532627","Millions"
"Germany","Total reserves (gold at national valuation)","US dollar","Monthly","1962-M07","6738.21117208988","Millions"
"Germany","Total reserves (gold at national valuation)","US dollar","Monthly","1962-M08","6781.26495904488","Millions"
"Germany","Total reserves (gold at national valuation)","US dollar","Monthly","1962-M09","6999.95335507788","Millions"
"Germany","Total reserves (gold at national valuation)","US dollar","Monthly","1962-M10","7048.54923838914","Millions"
"Germany","Total reserves (gold at national valuation)","US dollar","Monthly","1962-M11","6982.58054284655","Millions"
"Germany","Total reserves (gold at national valuation)","US dollar","Monthly","1962-M12","6960.27092138115","Millions"
"Germany","Total reserves (gold at national valuation)","US dollar","Monthly","1963-M01","6791.48970243331","Millions"
"Germany","Total reserves (gold at national valuation)","US dollar","Monthly","1963-M02","6815.37465000169","Millions"
"Germany","Total reserves (gold at national valuation)","US dollar","Monthly","1963-M03","6967.06539676417","Millions"
"Germany","Total reserves (gold at national valuation)","US dollar","Monthly","1963-M04","6976.69987266575","Millions"
"Germany","Total reserves (gold at national valuation)","US dollar","Monthly","1963-M05","7219.19292179755","Millions"
"Germany","Total reserves (gold at national valuation)","US dollar","Monthly","1963-M06","7230.78727897371","Millions"
"Germany","Total reserves (gold at national valuation)","US dollar","Monthly","1963-M07","7294.70307497469","Millions"
"Germany","Total reserves (gold at national valuation)","US dollar","Monthly","1963-M08","7350.99524083847","Millions"
"Germany","Total reserves (gold at national valuation)","US dollar","Monthly","1963-M09","7429.25458865854","Millions"
"Germany","Total reserves (gold at national valuation)","US dollar","Monthly","1963-M10","7461.92722756051","Millions"
"Germany","Total reserves (gold at national valuation)","US dollar","Monthly","1963-M11","7616.06880821528","Millions"
"Germany","Total reserves (gold at national valuation)","US dollar","Monthly","1963-M12","7673.53212816122","Millions"
"Germany","Total reserves (gold at national valuation)","US dollar","Monthly","1964-M01","7590.80042479256","Millions"
"Germany","Total reserves (gold at national valuation)","US dollar","Monthly","1964-M02","7804.88882118874","Millions"
"Germany","Total reserves (gold at national valuation)","US dollar","Monthly","1964-M03","7783.76855341706","Millions"
"Germany","Total reserves (gold at national valuation)","US dollar","Monthly","1964-M04","7633.83982841057","Millions"
"Germany","Total reserves (gold at national valuation)","US dollar","Monthly","1964-M05","7577.90357722339","Millions"
"Germany","Total reserves (gold at national valuation)","US dollar","Monthly","1964-M06","7882.48037839136","Millions"
"Germany","Total reserves (gold at national valuation)","US dollar","Monthly","1964-M07","7765.88250418597","Millions"
"Germany","Total reserves (gold at national valuation)","US dollar","Monthly","1964-M08","7739.10894387474","Millions"
"Germany","Total reserves (gold at national valuation)","US dollar","Monthly","1964-M09","7781.94490896996","Millions"
"Germany","Total reserves (gold at national valuation)","US dollar","Monthly","1964-M10","7712.07540037117","Millions"
"Germany","Total reserves (gold at national valuation)","US dollar","Monthly","1964-M11","7596.73530774206","Millions"
"Germany","Total reserves (gold at national valuation)","US dollar","Monthly","1964-M12","7905.57437120243","Millions"
"Germany","Total reserves (gold at national valuation)","US dollar","Monthly","1965-M01","7501.14427457856","Millions"
"Germany","Total reserves (gold at national valuation)","US dollar","Monthly","1965-M02","7598.74956082433","Millions"
"Germany","Total reserves (gold at national valuation)","US dollar","Monthly","1965-M03","7764.98360075094","Millions"
"Germany","Total reserves (gold at national valuation)","US dollar","Monthly","1965-M04","7724.08946017828","Millions"
"Germany","Total reserves (gold at national valuation)","US dollar","Monthly","1965-M05","7550.78961439257","Millions"
"Germany","Total reserves (gold at national valuation)","US dollar","Monthly","1965-M06","7449.14080045314","Millions"
"Germany","Total reserves (gold at national valuation)","US dollar","Monthly","1965-M07","7348.16431515223","Millions"
"Germany","Total reserves (gold at national valuation)","US dollar","Monthly","1965-M08","7261.96881509101","Millions"
"Germany","Total reserves (gold at national valuation)","US dollar","Monthly","1965-M09","7353.73405753042","Millions"
"Germany","Total reserves (gold at national valuation)","US dollar","Monthly","1965-M10","7401.56874532134","Millions"
"Germany","Total reserves (gold at national valuation)","US dollar","Monthly","1965-M11","7429.88965087735","Millions"
"Germany","Total reserves (gold at national valuation)","US dollar","Monthly","1965-M12","7424.0546326153","Millions"
"Germany","Total reserves (gold at national valuation)","US dollar","Monthly","1966-M01","7262.83218469539","Millions"
"Germany","Total reserves (gold at national valuation)","US dollar","Monthly","1966-M02","7212.9288851109","Millions"
"Germany","Total reserves (gold at national valuation)","US dollar","Monthly","1966-M03","7154.14429214102","Millions"
"Germany","Total reserves (gold at national valuation)","US dollar","Monthly","1966-M04","7162.73408524697","Millions"
"Germany","Total reserves (gold at national valuation)","US dollar","Monthly","1966-M05","7177.08430480636","Millions"
"Germany","Total reserves (gold at national valuation)","US dollar","Monthly","1966-M06","7412.69775377137","Millions"
"Germany","Total reserves (gold at national valuation)","US dollar","Monthly","1966-M07","7670.00856377479","Millions"
"Germany","Total reserves (gold at national valuation)","US dollar","Monthly","1966-M08","7664.59288229198","Millions"
"Germany","Total reserves (gold at national valuation)","US dollar","Monthly","1966-M09","7685.17976842836","Millions"
"Germany","Total reserves (gold at national valuation)","US dollar","Monthly","1966-M10","7864.42177667235","Millions"
"Germany","Total reserves (gold at national valuation)","US dollar","Monthly","1966-M11","7909.07687816343","Millions"
"Germany","Total reserves (gold at national valuation)","US dollar","Monthly","1966-M12","8054.13897023534","Millions"
"Germany","Total reserves (gold at national valuation)","US dollar","Monthly","1967-M01","7789.90835068864","Millions"
"Germany","Total reserves (gold at national valuation)","US dollar","Monthly","1967-M02","7974.80696764971","Millions"
"Germany","Total reserves (gold at national valuation)","US dollar","Monthly","1967-M03","8048.99513089198","Millions"
"Germany","Total reserves (gold at national valuation)","US dollar","Monthly","1967-M04","8008.32533428718","Millions"
"Germany","Total reserves (gold at national valuation)","US dollar","Monthly","1967-M05","7859.89291565743","Millions"
"Germany","Total reserves (gold at national valuation)","US dollar","Monthly","1967-M06","7809.31234034249","Millions"
"Germany","Total reserves (gold at national valuation)","US dollar","Monthly","1967-M07","7844.1277901435","Millions"
"Germany","Total reserves (gold at national valuation)","US dollar","Monthly","1967-M08","7895.5077224121","Millions"
"Germany","Total reserves (gold at national valuation)","US dollar","Monthly","1967-M09","8012.6539039044","Millions"
"Germany","Total reserves (gold at national valuation)","US dollar","Monthly","1967-M10","8063.37690320748","Millions"
"Germany","Total reserves (gold at national valuation)","US dollar","Monthly","1967-M11","8218.52213477295","Millions"
"Germany","Total reserves (gold at national valuation)","US dollar","Monthly","1967-M12","8153.28714034222","Millions"
"Germany","Total reserves (gold at national valuation)","US dollar","Monthly","1968-M01","7908.19413689707","Millions"
"Germany","Total reserves (gold at national valuation)","US dollar","Monthly","1968-M02","8231.10497030848","Millions"
"Germany","Total reserves (gold at national valuation)","US dollar","Monthly","1968-M03","8559.86943330607","Millions"
"Germany","Total reserves (gold at national valuation)","US dollar","Monthly","1968-M04","8540.49297905579","Millions"
"Germany","Total reserves (gold at national valuation)","US dollar","Monthly","1968-M05","8431.02472196148","Millions"
"Germany","Total reserves (gold at national valuation)","US dollar","Monthly","1968-M06","8889.42314953009","Millions"
"Germany","Total reserves (gold at national valuation)","US dollar","Monthly","1968-M07","8835.62612360769","Millions"
"Germany","Total reserves (gold at national valuation)","US dollar","Monthly","1968-M08","8957.48786140984","Millions"
"Germany","Total reserves (gold at national valuation)","US dollar","Monthly","1968-M09","9216.14680780777","Millions"
"Germany","Total reserves (gold at national valuation)","US dollar","Monthly","1968-M10","9073.58320385322","Millions"
"Germany","Total reserves (gold at national valuation)","US dollar","Monthly","1968-M11","10893.88292705292","Millions"
"Germany","Total reserves (gold at national valuation)","US dollar","Monthly","1968-M12","9949.87757208165","Millions"
"Germany","Total reserves (gold at national valuation)","US dollar","Monthly","1969-M01","8577.02890496556","Millions"
"Germany","Total reserves (gold at national valuation)","US dollar","Monthly","1969-M02","8391.61290974456","Millions"
"Germany","Total reserves (gold at national valuation)","US dollar","Monthly","1969-M03","8110.10652370857","Millions"
"Germany","Total reserves (gold at national valuation)","US dollar","Monthly","1969-M04","8818.49787589416","Millions"
"Germany","Total reserves (gold at national valuation)","US dollar","Monthly","1969-M05","11569.9399961193","Millions"
"Germany","Total reserves (gold at national valuation)","US dollar","Monthly","1969-M06","10087.19570213147","Millions"
"Germany","Total reserves (gold at national valuation)","US dollar","Monthly","1969-M07","10103.25198913287","Millions"
"Germany","Total reserves (gold at national valuation)","US dollar","Monthly","1969-M08","10701.23838838688","Millions"
"Germany","Total reserves (gold at national valuation)","US dollar","Monthly","1969-M09","12296.8558345615","Millions"
"Germany","Total reserves (gold at national valuation)","US dollar","Monthly","1969-M10","10691.55490636599","Millions"
"Germany","Total reserves (gold at national valuation)","US dollar","Monthly","1969-M11","8781.93504187102","Millions"
"Germany","Total reserves (gold at national valuation)","US dollar","Monthly","1969-M12","7033.71780183307","Millions"
"Germany","Total reserves (gold at national valuation)","US dollar","Monthly","1970-M01","7018.19587475877","Millions"
"Germany","Total reserves (gold at national valuation)","US dollar","Monthly","1970-M02","7184.09878412972","Millions"
"Germany","Total reserves (gold at national valuation)","US dollar","Monthly","1970-M03","7362.27280802484","Millions"
"Germany","Total reserves (gold at national valuation)","US dollar","Monthly","1970-M04","7521.38128438009","Millions"
"Germany","Total reserves (gold at national valuation)","US dollar","Monthly","1970-M05","7851.03133611603","Millions"
"Germany","Total reserves (gold at national valuation)","US dollar","Monthly","1970-M06","8847.78142451031","Millions"
"Germany","Total reserves (gold at national valuation)","US dollar","Monthly","1970-M07","10011.50817321103","Millions"
"Germany","Total reserves (gold at national valuation)","US dollar","Monthly","1970-M08","10275.50492814977","Millions"
"Germany","Total reserves (gold at national valuation)","US dollar","Monthly","1970-M09","11332.24612448057","Millions"
"Germany","Total reserves (gold at national valuation)","US dollar","Monthly","1970-M10","11917.23906510457","Millions"
"Germany","Total reserves (gold at national valuation)","US dollar","Monthly","1970-M11","13594.86591874708","Millions"
"Germany","Total reserves (gold at national valuation)","US dollar","Monthly","1970-M12","13623.71929934045","Millions"
"Germany","Total reserves (gold at national valuation)","US dollar","Monthly","1971-M01","14042.44293165431","Millions"
"Germany","Total reserves (gold at national valuation)","US dollar","Monthly","1971-M02","14881.86429389285","Millions"
"Germany","Total reserves (gold at national valuation)","US dollar","Monthly","1971-M03","15837.28928485152","Millions"
"Germany","Total reserves (gold at national valuation)","US dollar","Monthly","1971-M04","16765.66153714408","Millions"
"Germany","Total reserves (gold at national valuation)","US dollar","Monthly","1971-M05","19121.04058372368","Millions"
"Germany","Total reserves (gold at national valuation)","US dollar","Monthly","1971-M06","16883.50752087013","Millions"
"Germany","Total reserves (gold at national valuation)","US dollar","Monthly","1971-M07","17229.66410488483","Millions"
"Germany","Total reserves (gold at national valuation)","US dollar","Monthly","1971-M08","17027.11400600513","Millions"
"Germany","Total reserves (gold at national valuation)","US dollar","Monthly","1971-M09","17369.33247309642","Millions"
"Germany","Total reserves (gold at national valuation)","US dollar","Monthly","1971-M10","17572.2758650042","Millions"
"Germany","Total reserves (gold at national valuation)","US dollar","Monthly","1971-M11","17793.96257358535","Millions"
"Germany","Total reserves (gold at national valuation)","US dollar","Monthly","1971-M12","18725.4845851935","Millions"
"Germany","Total reserves (gold at national valuation)","US dollar","Monthly","1972-M01","19410.67028113463","Millions"
"Germany","Total reserves (gold at national valuation)","US dollar","Monthly","1972-M02","20196.9277157069","Millions"
"Germany","Total reserves (gold at national valuation)","US dollar","Monthly","1972-M03","20237.4154371108","Millions"
"Germany","Total reserves (gold at national valuation)","US dollar","Monthly","1972-M04","20286.1528511849","Millions"
"Germany","Total reserves (gold at national valuation)","US dollar","Monthly","1972-M05","20349.16029677413","Millions"
"Germany","Total reserves (gold at national valuation)","US dollar","Monthly","1972-M06","23168.37811092972","Millions"
"Germany","Total reserves (gold at national valuation)","US dollar","Monthly","1972-M07","25371.13606000566","Millions"
"Germany","Total reserves (gold at national valuation)","US dollar","Monthly","1972-M08","25138.43047264469","Millions"
"Germany","Total reserves (gold at national valuation)","US dollar","Monthly","1972-M09","24699.43163479616","Millions"
"Germany","Total reserves (gold at national valuation)","US dollar","Monthly","1972-M10","24435.32665031123","Millions"
"Germany","Total reserves (gold at national valuation)","US dollar","Monthly","1972-M11","24108.81913681357","Millions"
"Germany","Total reserves (gold at national valuation)","US dollar","Monthly","1972-M12","23689.34337793427","Millions"
"Germany","Total reserves (gold at national valuation)","US dollar","Monthly","1973-M01","23637.81640417913","Millions"
"Germany","Total reserves (gold at national valuation)","US dollar","Monthly","1973-M02","29619.76066917647","Millions"
"Germany","Total reserves (gold at national valuation)","US dollar","Monthly","1973-M03","32292.12308277257","Millions"
"Germany","Total reserves (gold at national valuation)","US dollar","Monthly","1973-M04","31958.01289324859","Millions"
"Germany","Total reserves (gold at national valuation)","US dollar","Monthly","1973-M05","31537.09077122465","Millions"
"Germany","Total reserves (gold at national valuation)","US dollar","Monthly","1973-M06","33059.79030678214","Millions"
"Germany","Total reserves (gold at national valuation)","US dollar","Monthly","1973-M07","35123.40948764956","Millions"
"Germany","Total reserves (gold at national valuation)","US dollar","Monthly","1973-M08","34087.21366576305","Millions"
"Germany","Total reserves (gold at national valuation)","US dollar","Monthly","1973-M09","36081.60549792972","Millions"
"Germany","Total reserves (gold at national valuation)","US dollar","Monthly","1973-M10","35799.45441018258","Millions"
"Germany","Total reserves (gold at national valuation)","US dollar","Monthly","1973-M11","34512.03920605421","Millions"
"Germany","Total reserves (gold at national valuation)","US dollar","Monthly","1973-M12","33385.34160197784","Millions"
"Germany","Total reserves (gold at national valuation)","US dollar","Monthly","1974-M01","32224.5007502427","Millions"
"Germany","Total reserves (gold at national valuation)","US dollar","Monthly","1974-M02","32294.41781953727","Millions"
"Germany","Total reserves (gold at national valuation)","US dollar","Monthly","1974-M03","33456.9613684062","Millions"
"Germany","Total reserves (gold at national valuation)","US dollar","Monthly","1974-M04","34573.40568227541","Millions"
"Germany","Total reserves (gold at national valuation)","US dollar","Monthly","1974-M05","34999.23263654845","Millions"
"Germany","Total reserves (gold at national valuation)","US dollar","Monthly","1974-M06","34738.78845049401","Millions"
"Germany","Total reserves (gold at national valuation)","US dollar","Monthly","1974-M07","34371.37561697414","Millions"
"Germany","Total reserves (gold at national valuation)","US dollar","Monthly","1974-M08","33509.02742805701","Millions"
"Germany","Total reserves (gold at national valuation)","US dollar","Monthly","1974-M09","32932.91452714987","Millions"
"Germany","Total reserves (gold at national valuation)","US dollar","Monthly","1974-M10","32519.07166600109","Millions"
"Germany","Total reserves (gold at national valuation)","US dollar","Monthly","1974-M11","33323.46339097037","Millions"
"Germany","Total reserves (gold at national valuation)","US dollar","Monthly","1974-M12","33169.09084688234","Millions"
"Germany","Total reserves (gold at national valuation)","US dollar","Monthly","1975-M01","33954.21391650951","Millions"
"Germany","Total reserves (gold at national valuation)","US dollar","Monthly","1975-M02","35015.68448798104","Millions"
"Germany","Total reserves (gold at national valuation)","US dollar","Monthly","1975-M03","35228.38907253356","Millions"
"Germany","Total reserves (gold at national valuation)","US dollar","Monthly","1975-M04","34388.10649619639","Millions"
"Germany","Total reserves (gold at national valuation)","US dollar","Monthly","1975-M05","34067.48610233071","Millions"
"Germany","Total reserves (gold at national valuation)","US dollar","Monthly","1975-M06","33503.9162540753","Millions"
"Germany","Total reserves (gold at national valuation)","US dollar","Monthly","1975-M07","32279.92110966158","Millions"
"Germany","Total reserves (gold at national valuation)","US dollar","Monthly","1975-M08","32005.56635977948","Millions"
"Germany","Total reserves (gold at national valuation)","US dollar","Monthly","1975-M09","31599.76600650345","Millions"
"Germany","Total reserves (gold at national valuation)","US dollar","Monthly","1975-M10","32307.81203565781","Millions"
"Germany","Total reserves (gold at national valuation)","US dollar","Monthly","1975-M11","31824.43435839943","Millions"
"Germany","Total reserves (gold at national valuation)","US dollar","Monthly","1975-M12","31554.57769310189","Millions"
"Germany","Total reserves (gold at national valuation)","US dollar","Monthly","1976-M01","31608.7976893899","Millions"
"Germany","Total reserves (gold at national valuation)","US dollar","Monthly","1976-M02","32427.65635643336","Millions"
"Germany","Total reserves (gold at national valuation)","US dollar","Monthly","1976-M03","35550.09690266023","Millions"
"Germany","Total reserves (gold at national valuation)","US dollar","Monthly","1976-M04","35234.95120851038","Millions"
"Germany","Total reserves (gold at national valuation)","US dollar","Monthly","1976-M05","34313.05739464257","Millions"
"Germany","Total reserves (gold at national valuation)","US dollar","Monthly","1976-M06","34045.60058634462","Millions"
"Germany","Total reserves (gold at national valuation)","US dollar","Monthly","1976-M07","33774.78797827264","Millions"
"Germany","Total reserves (gold at national valuation)","US dollar","Monthly","1976-M08","35099.84445756971","Millions"
"Germany","Total reserves (gold at national valuation)","US dollar","Monthly","1976-M09","36016.59280927133","Millions"
"Germany","Total reserves (gold at national valuation)","US dollar","Monthly","1976-M10","36891.53640025002","Millions"
"Germany","Total reserves (gold at national valuation)","US dollar","Monthly","1976-M11","35719.88589061588","Millions"
"Germany","Total reserves (gold at national valuation)","US dollar","Monthly","1976-M12","35944.77410552973","Millions"
"Germany","Total reserves (gold at national valuation)","US dollar","Monthly","1977-M01","35465.57291803875","Millions"
"Germany","Total reserves (gold at national valuation)","US dollar","Monthly","1977-M02","35623.09829030333","Millions"
"Germany","Total reserves (gold at national valuation)","US dollar","Monthly","1977-M03","35754.53849677431","Millions"
"Germany","Total reserves (gold at national valuation)","US dollar","Monthly","1977-M04","35715.88503022612","Millions"
"Germany","Total reserves (gold at national valuation)","US dollar","Monthly","1977-M05","35960.13457451781","Millions"
"Germany","Total reserves (gold at national valuation)","US dollar","Monthly","1977-M06","35452.51530962266","Millions"
"Germany","Total reserves (gold at national valuation)","US dollar","Monthly","1977-M07","36400.03830029678","Millions"
"Germany","Total reserves (gold at national valuation)","US dollar","Monthly","1977-M08","36173.73675106212","Millions"
"Germany","Total reserves (gold at national valuation)","US dollar","Monthly","1977-M09","35809.82018916968","Millions"
"Germany","Total reserves (gold at national valuation)","US dollar","Monthly","1977-M10","37039.14330634163","Millions"
"Germany","Total reserves (gold at national valuation)","US dollar","Monthly","1977-M11","38249.37865227094","Millions"
"Germany","Total reserves (gold at national valuation)","US dollar","Monthly","1977-M12","41392.15971346947","Millions"
"Germany","Total reserves (gold at national valuation)","US dollar","Monthly","1978-M01","42347.14484451511","Millions"
"Germany","Total reserves (gold at national valuation)","US dollar","Monthly","1978-M02","43692.97195472315","Millions"
"Germany","Total reserves (gold at national valuation)","US dollar","Monthly","1978-M03","44068.46525399426","Millions"
"Germany","Total reserves (gold at national valuation)","US dollar","Monthly","1978-M04","43042.99226190947","Millions"
"Germany","Total reserves (gold at national valuation)","US dollar","Monthly","1978-M05","41672.6652901703","Millions"
"Germany","Total reserves (gold at national valuation)","US dollar","Monthly","1978-M06","42359.55463445796","Millions"
"Germany","Total reserves (gold at national valuation)","US dollar","Monthly","1978-M07","42758.07698324726","Millions"
"Germany","Total reserves (gold at national valuation)","US dollar","Monthly","1978-M08","44864.12082506578","Millions"
"Germany","Total reserves (gold at national valuation)","US dollar","Monthly","1978-M09","46594.8623255243","Millions"
"Germany","Total reserves (gold at national valuation)","US dollar","Monthly","1978-M10","52053.03140506446","Millions"
"Germany","Total reserves (gold at national valuation)","US dollar","Monthly","1978-M11","54347.84245011909","Millions"
"Germany","Total reserves (gold at national valuation)","US dollar","Monthly","1978-M12","57817.58025475782","Millions"
"Germany","Total reserves (gold at national valuation)","US dollar","Monthly","1979-M01","55912.02614477464","Millions"
"Germany","Total reserves (gold at national valuation)","US dollar","Monthly","1979-M02","53936.25751105195","Millions"
"Germany","Total reserves (gold at national valuation)","US dollar","Monthly","1979-M03","56185.94974113376","Millions"
"Germany","Total reserves (gold at national valuation)","US dollar","Monthly","1979-M04","55139.12336139874","Millions"
"Germany","Total reserves (gold at national valuation)","US dollar","Monthly","1979-M05","52425.44802988321","Millions"
"Germany","Total reserves (gold at national valuation)","US dollar","Monthly","1979-M06","54558.65456605847","Millions"
"Germany","Total reserves (gold at national valuation)","US dollar","Monthly","1979-M07","56255.55776249068","Millions"
"Germany","Total reserves (gold at national valuation)","US dollar","Monthly","1979-M08","54931.73092409767","Millions"
"Germany","Total reserves (gold at national valuation)","US dollar","Monthly","1979-M09","60209.53551413415","Millions"
"Germany","Total reserves (gold at national valuation)","US dollar","Monthly","1979-M10","60043.25533749789","Millions"
"Germany","Total reserves (gold at national valuation)","US dollar","Monthly","1979-M11","57176.68113959992","Millions"
"Germany","Total reserves (gold at national valuation)","US dollar","Monthly","1979-M12","60455.85959878486","Millions"
"Germany","Total reserves (gold at national valuation)","US dollar","Monthly","1980-M01","59544.20961850289","Millions"
"Germany","Total reserves (gold at national valuation)","US dollar","Monthly","1980-M02","56843.95523366076","Millions"
"Germany","Total reserves (gold at national valuation)","US dollar","Monthly","1980-M03","53350.77578124526","Millions"
"Germany","Total reserves (gold at national valuation)","US dollar","Monthly","1980-M04","56061.38232509214","Millions"
"Germany","Total reserves (gold at national valuation)","US dollar","Monthly","1980-M05","56035.38069617616","Millions"
"Germany","Total reserves (gold at national valuation)","US dollar","Monthly","1980-M06","57533.27373168477","Millions"
"Germany","Total reserves (gold at national valuation)","US dollar","Monthly","1980-M07","58834.20793192005","Millions"
"Germany","Total reserves (gold at national valuation)","US dollar","Monthly","1980-M08","58822.21265463499","Millions"
"Germany","Total reserves (gold at national valuation)","US dollar","Monthly","1980-M09","57012.75203434754","Millions"
"Germany","Total reserves (gold at national valuation)","US dollar","Monthly","1980-M10","54912.82793800118","Millions"
"Germany","Total reserves (gold at national valuation)","US dollar","Monthly","1980-M11","55719.78707768802","Millions"
"Germany","Total reserves (gold at national valuation)","US dollar","Monthly","1980-M12","55580.19317834897","Millions"
"Germany","Total reserves (gold at national valuation)","US dollar","Monthly","1981-M01","55613.72666663115","Millions"
"Germany","Total reserves (gold at national valuation)","US dollar","Monthly","1981-M02","53824.83036911282","Millions"
"Germany","Total reserves (gold at national valuation)","US dollar","Monthly","1981-M03","56614.51775398655","Millions"
"Germany","Total reserves (gold at national valuation)","US dollar","Monthly","1981-M04","55790.8544811288","Millions"
"Germany","Total reserves (gold at national valuation)","US dollar","Monthly","1981-M05","56030.66515422156","Millions"
"Germany","Total reserves (gold at national valuation)","US dollar","Monthly","1981-M06","54373.60885621","Millions"
"Germany","Total reserves (gold at national valuation)","US dollar","Monthly","1981-M07","52956.29606353437","Millions"
"Germany","Total reserves (gold at national valuation)","US dollar","Monthly","1981-M08","51573.85236909918","Millions"
"Germany","Total reserves (gold at national valuation)","US dollar","Monthly","1981-M09","53049.38020704607","Millions"
"Germany","Total reserves (gold at national valuation)","US dollar","Monthly","1981-M10","50319.0914067378","Millions"
"Germany","Total reserves (gold at national valuation)","US dollar","Monthly","1981-M11","50850.36702691202","Millions"
"Germany","Total reserves (gold at national valuation)","US dollar","Monthly","1981-M12","49790.29830026915","Millions"
"Germany","Total reserves (gold at national valuation)","US dollar","Monthly","1982-M01","47535.80550067898","Millions"
"Germany","Total reserves (gold at national valuation)","US dollar","Monthly","1982-M02","46835.95309910266","Millions"
"Germany","Total reserves (gold at national valuation)","US dollar","Monthly","1982-M03","46847.45524675615","Millions"
"Germany","Total reserves (gold at national valuation)","US dollar","Monthly","1982-M04","47808.28804894903","Millions"
"Germany","Total reserves (gold at national valuation)","US dollar","Monthly","1982-M05","48338.14318483716","Millions"
"Germany","Total reserves (gold at national valuation)","US dollar","Monthly","1982-M06","47368.40313601","Millions"
"Germany","Total reserves (gold at national valuation)","US dollar","Monthly","1982-M07","46570.5846140847","Millions"
"Germany","Total reserves (gold at national valuation)","US dollar","Monthly","1982-M08","46047.69792775827","Millions"
"Germany","Total reserves (gold at national valuation)","US dollar","Monthly","1982-M09","45931.15283474716","Millions"
"Germany","Total reserves (gold at national valuation)","US dollar","Monthly","1982-M10","47259.07845060213","Millions"
"Germany","Total reserves (gold at national valuation)","US dollar","Monthly","1982-M11","48953.34338873619","Millions"
"Germany","Total reserves (gold at national valuation)","US dollar","Monthly","1982-M12","50522.14508884832","Millions"
"Germany","Total reserves (gold at national valuation)","US dollar","Monthly","1983-M01","51755.84187421075","Millions"
"Germany","Total reserves (gold at national valuation)","US dollar","Monthly","1983-M02","53547.53583120586","Millions"
"Germany","Total reserves (gold at national valuation)","US dollar","Monthly","1983-M03","55499.25252782582","Millions"
"Germany","Total reserves (gold at national valuation)","US dollar","Monthly","1983-M04","51105.72232274197","Millions"
"Germany","Total reserves (gold at national valuation)","US dollar","Monthly","1983-M05","50374.31724518857","Millions"
"Germany","Total reserves (gold at national valuation)","US dollar","Monthly","1983-M06","49287.58103227409","Millions"
"Germany","Total reserves (gold at national valuation)","US dollar","Monthly","1983-M07","49466.24395671206","Millions"
"Germany","Total reserves (gold at national valuation)","US dollar","Monthly","1983-M08","47893.39091568528","Millions"
"Germany","Total reserves (gold at national valuation)","US dollar","Monthly","1983-M09","48442.09163846933","Millions"
"Germany","Total reserves (gold at national valuation)","US dollar","Monthly","1983-M10","49711.96785031348","Millions"
"Germany","Total reserves (gold at national valuation)","US dollar","Monthly","1983-M11","49293.54975356817","Millions"
"Germany","Total reserves (gold at national valuation)","US dollar","Monthly","1983-M12","47700.28728283378","Millions"
"Germany","Total reserves (gold at national valuation)","US dollar","Monthly","1984-M01","47094.79427259287","Millions"
"Germany","Total reserves (gold at national valuation)","US dollar","Monthly","1984-M02","50393.58009850693","Millions"
"Germany","Total reserves (gold at national valuation)","US dollar","Monthly","1984-M03","51636.37798395234","Millions"
"Germany","Total reserves (gold at national valuation)","US dollar","Monthly","1984-M04","51257.63163478324","Millions"
"Germany","Total reserves (gold at national valuation)","US dollar","Monthly","1984-M05","49887.80074541884","Millions"
"Germany","Total reserves (gold at national valuation)","US dollar","Monthly","1984-M06","49146.11977474319","Millions"
"Germany","Total reserves (gold at national valuation)","US dollar","Monthly","1984-M07","48302.93720366474","Millions"
"Germany","Total reserves (gold at national valuation)","US dollar","Monthly","1984-M08","48419.86158565565","Millions"
"Germany","Total reserves (gold at national valuation)","US dollar","Monthly","1984-M09","45397.07115731589","Millions"
"Germany","Total reserves (gold at national valuation)","US dollar","Monthly","1984-M10","45579.0179954591","Millions"
"Germany","Total reserves (gold at national valuation)","US dollar","Monthly","1984-M11","45074.77668431479","Millions"
"Germany","Total reserves (gold at national valuation)","US dollar","Monthly","1984-M12","44489.33074997698","Millions"
"Germany","Total reserves (gold at national valuation)","US dollar","Monthly","1985-M01","43515.23172837366","Millions"
"Germany","Total reserves (gold at national valuation)","US dollar","Monthly","1985-M02","42160.44662997494","Millions"
"Germany","Total reserves (gold at national valuation)","US dollar","Monthly","1985-M03","41586.95697520727","Millions"
"Germany","Total reserves (gold at national valuation)","US dollar","Monthly","1985-M04","42325.94865310179","Millions"
"Germany","Total reserves (gold at national valuation)","US dollar","Monthly","1985-M05","43260.46795414091","Millions"
"Germany","Total reserves (gold at national valuation)","US dollar","Monthly","1985-M06","43943.81156893823","Millions"
"Germany","Total reserves (gold at national valuation)","US dollar","Monthly","1985-M07","45974.81289852779","Millions"
"Germany","Total reserves (gold at national valuation)","US dollar","Monthly","1985-M08","46910.08249355685","Millions"
"Germany","Total reserves (gold at national valuation)","US dollar","Monthly","1985-M09","47908.77202608294","Millions"
"Germany","Total reserves (gold at national valuation)","US dollar","Monthly","1985-M10","46237.83674518674","Millions"
"Germany","Total reserves (gold at national valuation)","US dollar","Monthly","1985-M11","49819.23194890421","Millions"
"Germany","Total reserves (gold at national valuation)","US dollar","Monthly","1985-M12","49941.94535317078","Millions"
"Germany","Total reserves (gold at national valuation)","US dollar","Monthly","1986-M01","50837.77772017035","Millions"
"Germany","Total reserves (gold at national valuation)","US dollar","Monthly","1986-M02","52879.00911077963","Millions"
"Germany","Total reserves (gold at national valuation)","US dollar","Monthly","1986-M03","51391.91049532075","Millions"
"Germany","Total reserves (gold at national valuation)","US dollar","Monthly","1986-M04","51890.72578417666","Millions"
"Germany","Total reserves (gold at national valuation)","US dollar","Monthly","1986-M05","49154.42592580176","Millions"
"Germany","Total reserves (gold at national valuation)","US dollar","Monthly","1986-M06","50858.58941842099","Millions"
"Germany","Total reserves (gold at national valuation)","US dollar","Monthly","1986-M07","51884.5672511209","Millions"
"Germany","Total reserves (gold at national valuation)","US dollar","Monthly","1986-M08","53410.93362245853","Millions"
"Germany","Total reserves (gold at national valuation)","US dollar","Monthly","1986-M09","55748.30764824854","Millions"
"Germany","Total reserves (gold at national valuation)","US dollar","Monthly","1986-M10","59466.19612474808","Millions"
"Germany","Total reserves (gold at national valuation)","US dollar","Monthly","1986-M11","58521.12342620205","Millions"
"Germany","Total reserves (gold at national valuation)","US dollar","Monthly","1986-M12","58787.82155841128","Millions"
"Germany","Total reserves (gold at national valuation)","US dollar","Monthly","1987-M01","69839.37609942741","Millions"
"Germany","Total reserves (gold at national valuation)","US dollar","Monthly","1987-M02","69917.86112369505","Millions"
"Germany","Total reserves (gold at national valuation)","US dollar","Monthly","1987-M03","68020.77237735235","Millions"
"Germany","Total reserves (gold at national valuation)","US dollar","Monthly","1987-M04","69668.24791612315","Millions"
"Germany","Total reserves (gold at national valuation)","US dollar","Monthly","1987-M05","70922.0622409134","Millions"
"Germany","Total reserves (gold at national valuation)","US dollar","Monthly","1987-M06","69771.51803041229","Millions"
"Germany","Total reserves (gold at national valuation)","US dollar","Monthly","1987-M07","68277.68593359283","Millions"
"Germany","Total reserves (gold at national valuation)","US dollar","Monthly","1987-M08","69364.29130982797","Millions"
"Germany","Total reserves (gold at national valuation)","US dollar","Monthly","1987-M09","70996.0980029156","Millions"
"Germany","Total reserves (gold at national valuation)","US dollar","Monthly","1987-M10","74568.18932997465","Millions"
"Germany","Total reserves (gold at national valuation)","US dollar","Monthly","1987-M11","84675.87251637382","Millions"
"Germany","Total reserves (gold at national valuation)","US dollar","Monthly","1987-M12","87412.65092487664","Millions"
"Germany","Total reserves (gold at national valuation)","US dollar","Monthly","1988-M01","84552.23105041578","Millions"
"Germany","Total reserves (gold at national valuation)","US dollar","Monthly","1988-M02","81428.67546428327","Millions"
"Germany","Total reserves (gold at national valuation)","US dollar","Monthly","1988-M03","81194.70513720196","Millions"
"Germany","Total reserves (gold at national valuation)","US dollar","Monthly","1988-M04","81937.11415795703","Millions"
"Germany","Total reserves (gold at national valuation)","US dollar","Monthly","1988-M05","79187.19468770744","Millions"
"Germany","Total reserves (gold at national valuation)","US dollar","Monthly","1988-M06","72312.86964210776","Millions"
"Germany","Total reserves (gold at national valuation)","US dollar","Monthly","1988-M07","68637.03752631245","Millions"
"Germany","Total reserves (gold at national valuation)","US dollar","Monthly","1988-M08","66341.41838666124","Millions"
"Germany","Total reserves (gold at national valuation)","US dollar","Monthly","1988-M09","65277.56267353942","Millions"
"Germany","Total reserves (gold at national valuation)","US dollar","Monthly","1988-M10","67768.72214005095","Millions"
"Germany","Total reserves (gold at national valuation)","US dollar","Monthly","1988-M11","69548.80324503199","Millions"
"Germany","Total reserves (gold at national valuation)","US dollar","Monthly","1988-M12","66217.27861899379","Millions"
"Germany","Total reserves (gold at national valuation)","US dollar","Monthly","1989-M01","62282.52013918797","Millions"
"Germany","Total reserves (gold at national valuation)","US dollar","Monthly","1989-M02","63127.14087743792","Millions"
"Germany","Total reserves (gold at national valuation)","US dollar","Monthly","1989-M03","62203.56727779428","Millions"
"Germany","Total reserves (gold at national valuation)","US dollar","Monthly","1989-M04","63627.84431271553","Millions"
"Germany","Total reserves (gold at national valuation)","US dollar","Monthly","1989-M05","62246.09998991848","Millions"
"Germany","Total reserves (gold at national valuation)","US dollar","Monthly","1989-M06","62791.91126360953","Millions"
"Germany","Total reserves (gold at national valuation)","US dollar","Monthly","1989-M07","64246.31663145709","Millions"
"Germany","Total reserves (gold at national valuation)","US dollar","Monthly","1989-M08","63868.90937235267","Millions"
"Germany","Total reserves (gold at national valuation)","US dollar","Monthly","1989-M09","65039.47111310608","Millions"
"Germany","Total reserves (gold at national valuation)","US dollar","Monthly","1989-M10","66984.01960652388","Millions"
"Germany","Total reserves (gold at national valuation)","US dollar","Monthly","1989-M11","67299.94658143132","Millions"
"Germany","Total reserves (gold at national valuation)","US dollar","Monthly","1989-M12","68770.87461785947","Millions"
"Germany","Total reserves (gold at national valuation)","US dollar","Monthly","1990-M01","68950.36672333671","Millions"
"Germany","Total reserves (gold at national valuation)","US dollar","Monthly","1990-M02","69982.79490306964","Millions"
"Germany","Total reserves (gold at national valuation)","US dollar","Monthly","1990-M03","69567.69869223969","Millions"
"Germany","Total reserves (gold at national valuation)","US dollar","Monthly","1990-M04","69701.98495969873","Millions"
"Germany","Total reserves (gold at national valuation)","US dollar","Monthly","1990-M05","70727.72337215843","Millions"
"Germany","Total reserves (gold at national valuation)","US dollar","Monthly","1990-M06","71640.0798160129","Millions"
"Germany","Total reserves (gold at national valuation)","US dollar","Monthly","1990-M07","71072.39600948401","Millions"
"Germany","Total reserves (gold at national valuation)","US dollar","Monthly","1990-M08","72425.73857320465","Millions"
"Germany","Total reserves (gold at national valuation)","US dollar","Monthly","1990-M09","73197.57362062139","Millions"
"Germany","Total reserves (gold at national valuation)","US dollar","Monthly","1990-M10","75011.92683022806","Millions"
"Germany","Total reserves (gold at national valuation)","US dollar","Monthly","1990-M11","76166.07470885734","Millions"
"Germany","Total reserves (gold at national valuation)","US dollar","Monthly","1990-M12","77064.20767426641","Millions"
"Germany","Total reserves (gold at national valuation)","US dollar","Monthly","1991-M01","77402.67133025108","Millions"
"Germany","Total reserves (gold at national valuation)","US dollar","Monthly","1991-M02","75426.30882155424","Millions"
"Germany","Total reserves (gold at national valuation)","US dollar","Monthly","1991-M03","67097.34626790808","Millions"
"Germany","Total reserves (gold at national valuation)","US dollar","Monthly","1991-M04","67622.68511124413","Millions"
"Germany","Total reserves (gold at national valuation)","US dollar","Monthly","1991-M05","68393.42080437369","Millions"
"Germany","Total reserves (gold at national valuation)","US dollar","Monthly","1991-M06","65246.93534562984","Millions"
"Germany","Total reserves (gold at national valuation)","US dollar","Monthly","1991-M07","67323.49765094713","Millions"
"Germany","Total reserves (gold at national valuation)","US dollar","Monthly","1991-M08","68058.52743823315","Millions"
"Germany","Total reserves (gold at national valuation)","US dollar","Monthly","1991-M09","69457.18189384928","Millions"
"Germany","Total reserves (gold at national valuation)","US dollar","Monthly","1991-M10","68541.06827311319","Millions"
"Germany","Total reserves (gold at national valuation)","US dollar","Monthly","1991-M11","69895.65230314812","Millions"
"Germany","Total reserves (gold at national valuation)","US dollar","Monthly","1991-M12","72029.8670286827","Millions"
"Germany","Total reserves (gold at national valuation)","US dollar","Monthly","1992-M01","69293.4079263691","Millions"
"Germany","Total reserves (gold at national valuation)","US dollar","Monthly","1992-M02","69880.97935032376","Millions"
"Germany","Total reserves (gold at national valuation)","US dollar","Monthly","1992-M03","69974.79458823644","Millions"
"Germany","Total reserves (gold at national valuation)","US dollar","Monthly","1992-M04","71494.71261576658","Millions"
"Germany","Total reserves (gold at national valuation)","US dollar","Monthly","1992-M05","71057.01952128064","Millions"
"Germany","Total reserves (gold at national valuation)","US dollar","Monthly","1992-M06","73070.33912621766","Millions"
"Germany","Total reserves (gold at national valuation)","US dollar","Monthly","1992-M07","72601.47350488921","Millions"
"Germany","Total reserves (gold at national valuation)","US dollar","Monthly","1992-M08","76768.68778748053","Millions"
"Germany","Total reserves (gold at national valuation)","US dollar","Monthly","1992-M09","129967.9111401662","Millions"
"Germany","Total reserves (gold at national valuation)","US dollar","Monthly","1992-M10","97306.06957499089","Millions"
"Germany","Total reserves (gold at national valuation)","US dollar","Monthly","1992-M11","94082.56852506751","Millions"
"Germany","Total reserves (gold at national valuation)","US dollar","Monthly","1992-M12","99447.87336101985","Millions"
"Germany","Total reserves (gold at national valuation)","US dollar","Monthly","1993-M01","94630.30514639304","Millions"
"Germany","Total reserves (gold at national valuation)","US dollar","Monthly","1993-M02","86216.48704839116","Millions"
"Germany","Total reserves (gold at national valuation)","US dollar","Monthly","1993-M03","78750.70892623676","Millions"
"Germany","Total reserves (gold at national valuation)","US dollar","Monthly","1993-M04","78708.01087812851","Millions"
"Germany","Total reserves (gold at national valuation)","US dollar","Monthly","1993-M05","79234.35711238518","Millions"
"Germany","Total reserves (gold at national valuation)","US dollar","Monthly","1993-M06","76295.5715728114","Millions"
"Germany","Total reserves (gold at national valuation)","US dollar","Monthly","1993-M07","83001.13331750614","Millions"
"Germany","Total reserves (gold at national valuation)","US dollar","Monthly","1993-M08","112142.2512021476","Millions"
"Germany","Total reserves (gold at national valuation)","US dollar","Monthly","1993-M09","93792.73122329218","Millions"
"Germany","Total reserves (gold at national valuation)","US dollar","Monthly","1993-M10","85729.0509715078","Millions"
"Germany","Total reserves (gold at national valuation)","US dollar","Monthly","1993-M11","86575.67142232538","Millions"
"Germany","Total reserves (gold at national valuation)","US dollar","Monthly","1993-M12","85568.99139726228","Millions"
"Germany","Total reserves (gold at national valuation)","US dollar","Monthly","1994-M01","88943.14030495239","Millions"
"Germany","Total reserves (gold at national valuation)","US dollar","Monthly","1994-M02","86843.78186960194","Millions"
"Germany","Total reserves (gold at national valuation)","US dollar","Monthly","1994-M03","88245.72594191223","Millions"
"Germany","Total reserves (gold at national valuation)","US dollar","Monthly","1994-M04","89195.13837108394","Millions"
"Germany","Total reserves (gold at national valuation)","US dollar","Monthly","1994-M05","90486.64045120964","Millions"
"Germany","Total reserves (gold at national valuation)","US dollar","Monthly","1994-M06","92471.55903759844","Millions"
"Germany","Total reserves (gold at national valuation)","US dollar","Monthly","1994-M07","91675.22196843102","Millions"
"Germany","Total reserves (gold at national valuation)","US dollar","Monthly","1994-M08","92921.15134656613","Millions"
"Germany","Total reserves (gold at national valuation)","US dollar","Monthly","1994-M09","93841.67987510417","Millions"
"Germany","Total reserves (gold at national valuation)","US dollar","Monthly","1994-M10","94125.91009744621","Millions"
"Germany","Total reserves (gold at national valuation)","US dollar","Monthly","1994-M11","91460.32763168648","Millions"
"Germany","Total reserves (gold at national valuation)","US dollar","Monthly","1994-M12","86201.01698652149","Millions"
"Germany","Total reserves (gold at national valuation)","US dollar","Monthly","1995-M01","87584.75349112132","Millions"
"Germany","Total reserves (gold at national valuation)","US dollar","Monthly","1995-M02","88759.82965063422","Millions"
"Germany","Total reserves (gold at national valuation)","US dollar","Monthly","1995-M03","91943.06722024036","Millions"
"Germany","Total reserves (gold at national valuation)","US dollar","Monthly","1995-M04","91398.4298922426","Millions"
"Germany","Total reserves (gold at national valuation)","US dollar","Monthly","1995-M05","91906.67387208673","Millions"
"Germany","Total reserves (gold at national valuation)","US dollar","Monthly","1995-M06","92702.28805410565","Millions"
"Germany","Total reserves (gold at national valuation)","US dollar","Monthly","1995-M07","93012.95506309483","Millions"
"Germany","Total reserves (gold at national valuation)","US dollar","Monthly","1995-M08","91165.39746150541","Millions"
"Germany","Total reserves (gold at national valuation)","US dollar","Monthly","1995-M09","93012.32522859389","Millions"
"Germany","Total reserves (gold at national valuation)","US dollar","Monthly","1995-M10","93368.52117120221","Millions"
"Germany","Total reserves (gold at national valuation)","US dollar","Monthly","1995-M11","93734.11741037055","Millions"
"Germany","Total reserves (gold at national valuation)","US dollar","Monthly","1995-M12","94553.87431576484","Millions"
"Germany","Total reserves (gold at national valuation)","US dollar","Monthly","1996-M01","93498.13059146168","Millions"
"Germany","Total reserves (gold at national valuation)","US dollar","Monthly","1996-M02","94389.94738597096","Millions"
"Germany","Total reserves (gold at national valuation)","US dollar","Monthly","1996-M03","94585.36076922687","Millions"
"Germany","Total reserves (gold at national valuation)","US dollar","Monthly","1996-M04","94965.15195573865","Millions"
"Germany","Total reserves (gold at national valuation)","US dollar","Monthly","1996-M05","93266.39611806913","Millions"
"Germany","Total reserves (gold at national valuation)","US dollar","Monthly","1996-M06","94015.90035417488","Millions"
"Germany","Total reserves (gold at national valuation)","US dollar","Monthly","1996-M07","93304.11233664479","Millions"
"Germany","Total reserves (gold at national valuation)","US dollar","Monthly","1996-M08","93693.48695236879","Millions"
"Germany","Total reserves (gold at national valuation)","US dollar","Monthly","1996-M09","93948.53775351833","Millions"
"Germany","Total reserves (gold at national valuation)","US dollar","Monthly","1996-M10","94895.10571123645","Millions"
"Germany","Total reserves (gold at national valuation)","US dollar","Monthly","1996-M11","95270.59589167497","Millions"
"Germany","Total reserves (gold at national valuation)","US dollar","Monthly","1996-M12","91981.6186740215","Millions"
"Germany","Total reserves (gold at national valuation)","US dollar","Monthly","1997-M01","89976.82610021704","Millions"
"Germany","Total reserves (gold at national valuation)","US dollar","Monthly","1997-M02","88697.1999100887","Millions"
"Germany","Total reserves (gold at national valuation)","US dollar","Monthly","1997-M03","88323.5171682063","Millions"
"Germany","Total reserves (gold at national valuation)","US dollar","Monthly","1997-M04","88493.53262633023","Millions"
"Germany","Total reserves (gold at national valuation)","US dollar","Monthly","1997-M05","89603.94164886193","Millions"
"Germany","Total reserves (gold at national valuation)","US dollar","Monthly","1997-M06","88619.71718440999","Millions"
"Germany","Total reserves (gold at national valuation)","US dollar","Monthly","1997-M07","85492.7427175531","Millions"
"Germany","Total reserves (gold at national valuation)","US dollar","Monthly","1997-M08","84934.95320426604","Millions"
"Germany","Total reserves (gold at national valuation)","US dollar","Monthly","1997-M09","84948.31773506891","Millions"
"Germany","Total reserves (gold at national valuation)","US dollar","Monthly","1997-M10","85440.10845501946","Millions"
"Germany","Total reserves (gold at national valuation)","US dollar","Monthly","1997-M11","84902.99240089563","Millions"
"Germany","Total reserves (gold at national valuation)","US dollar","Monthly","1997-M12","85224.66506430639","Millions"
"Germany","Total reserves (gold at national valuation)","US dollar","Monthly","1998-M01","84262.66011293551","Millions"
"Germany","Total reserves (gold at national valuation)","US dollar","Monthly","1998-M02","85281.32787805288","Millions"
"Germany","Total reserves (gold at national valuation)","US dollar","Monthly","1998-M03","85488.13772066452","Millions"
"Germany","Total reserves (gold at national valuation)","US dollar","Monthly","1998-M04","86956.03179614987","Millions"
"Germany","Total reserves (gold at national valuation)","US dollar","Monthly","1998-M05","87535.21946785545","Millions"
"Germany","Total reserves (gold at national valuation)","US dollar","Monthly","1998-M06","87346.52205822481","Millions"
"Germany","Total reserves (gold at national valuation)","US dollar","Monthly","1998-M07","87023.80656868387","Millions"
"Germany","Total reserves (gold at national valuation)","US dollar","Monthly","1998-M08","87925.19078816534","Millions"
"Germany","Total reserves (gold at national valuation)","US dollar","Monthly","1998-M09","90016.66067504606","Millions"
"Germany","Total reserves (gold at national valuation)","US dollar","Monthly","1998-M10","89174.6204732185","Millions"
"Germany","Total reserves (gold at national valuation)","US dollar","Monthly","1998-M11","92475.89138944044","Millions"
"Germany","Total reserves (gold at national valuation)","US dollar","Monthly","1998-M12","84250.66058346765","Millions"
"Germany","Total reserves (gold at national valuation)","US dollar","Monthly","1999-M01","93325.72114028249","Millions"
"Germany","Total reserves (gold at national valuation)","US dollar","Monthly","1999-M02","90680.63578351982","Millions"
"Germany","Total reserves (gold at national valuation)","US dollar","Monthly","1999-M03","92319.71026107218","Millions"
"Germany","Total reserves (gold at national valuation)","US dollar","Monthly","1999-M04","92495.57874333339","Millions"
"Germany","Total reserves (gold at national valuation)","US dollar","Monthly","1999-M05","89876.05639450387","Millions"
"Germany","Total reserves (gold at national valuation)","US dollar","Monthly","1999-M06","89855.52486460924","Millions"
"Germany","Total reserves (gold at national valuation)","US dollar","Monthly","1999-M07","90922.59942621408","Millions"
"Germany","Total reserves (gold at national valuation)","US dollar","Monthly","1999-M08","90777.18296749059","Millions"
"Germany","Total reserves (gold at national valuation)","US dollar","Monthly","1999-M09","94780.63668003014","Millions"
"Germany","Total reserves (gold at national valuation)","US dollar","Monthly","1999-M10","93576.83693425013","Millions"
"Germany","Total reserves (gold at national valuation)","US dollar","Monthly","1999-M11","91238.69464996452","Millions"
"Germany","Total reserves (gold at national valuation)","US dollar","Monthly","1999-M12","93407.19374200889","Millions"
"Germany","Total reserves (gold at national valuation)","US dollar","Monthly","2000-M01","91214.8475979144","Millions"
"Germany","Total reserves (gold at national valuation)","US dollar","Monthly","2000-M02","92308.16663597037","Millions"
"Germany","Total reserves (gold at national valuation)","US dollar","Monthly","2000-M03","92584.24730926919","Millions"
"Germany","Total reserves (gold at national valuation)","US dollar","Monthly","2000-M04","88348.80370718837","Millions"
"Germany","Total reserves (gold at national valuation)","US dollar","Monthly","2000-M05","89093.30723857956","Millions"
"Germany","Total reserves (gold at national valuation)","US dollar","Monthly","2000-M06","91652.73280865273","Millions"
"Germany","Total reserves (gold at national valuation)","US dollar","Monthly","2000-M07","87447.1731953103","Millions"
"Germany","Total reserves (gold at national valuation)","US dollar","Monthly","2000-M08","85312.75097676676","Millions"
"Germany","Total reserves (gold at national valuation)","US dollar","Monthly","2000-M09","88268.28564141491","Millions"
"Germany","Total reserves (gold at national valuation)","US dollar","Monthly","2000-M10","84676.22097079899","Millions"
"Germany","Total reserves (gold at national valuation)","US dollar","Monthly","2000-M11","86338.74701411188","Millions"
"Germany","Total reserves (gold at national valuation)","US dollar","Monthly","2000-M12","87496.87048527063","Millions"
"Germany","Total reserves (gold at national valuation)","US dollar","Monthly","2001-M01","85323.92904982733","Millions"
"Germany","Total reserves (gold at national valuation)","US dollar","Monthly","2001-M02","84620.96210848136","Millions"
"Germany","Total reserves (gold at national valuation)","US dollar","Monthly","2001-M03","82149.85494548189","Millions"
"Germany","Total reserves (gold at national valuation)","US dollar","Monthly","2001-M04","81419.59002726263","Millions"
"Germany","Total reserves (gold at national valuation)","US dollar","Monthly","2001-M05","81401.6900129436","Millions"
"Germany","Total reserves (gold at national valuation)","US dollar","Monthly","2001-M06","81328.88401521559","Millions"
"Germany","Total reserves (gold at national valuation)","US dollar","Monthly","2001-M07","81354.21288920343","Millions"
"Germany","Total reserves (gold at national valuation)","US dollar","Monthly","2001-M08","82060.18779344318","Millions"
"Germany","Total reserves (gold at national valuation)","US dollar","Monthly","2001-M09","86590.64274187602","Millions"
"Germany","Total reserves (gold at national valuation)","US dollar","Monthly","2001-M10","86153.40919813247","Millions"
"Germany","Total reserves (gold at national valuation)","US dollar","Monthly","2001-M11","84971.41126354292","Millions"
"Germany","Total reserves (gold at national valuation)","US dollar","Monthly","2001-M12","82131.88755394135","Millions"
"Germany","Total reserves (gold at national valuation)","US dollar","Monthly","2002-M01","84206.36092190654","Millions"
"Germany","Total reserves (gold at national valuation)","US dollar","Monthly","2002-M02","85876.66882495567","Millions"
"Germany","Total reserves (gold at national valuation)","US dollar","Monthly","2002-M03","85429.24190008491","Millions"
"Germany","Total reserves (gold at national valuation)","US dollar","Monthly","2002-M04","85249.17726218456","Millions"
"Germany","Total reserves (gold at national valuation)","US dollar","Monthly","2002-M05","86233.43224215086","Millions"
"Germany","Total reserves (gold at national valuation)","US dollar","Monthly","2002-M06","86372.83435691582","Millions"
"Germany","Total reserves (gold at national valuation)","US dollar","Monthly","2002-M07","85720.4812017634","Millions"
"Germany","Total reserves (gold at national valuation)","US dollar","Monthly","2002-M08","86049.38061846199","Millions"
"Germany","Total reserves (gold at national valuation)","US dollar","Monthly","2002-M09","87826.12808996565","Millions"
"Germany","Total reserves (gold at national valuation)","US dollar","Monthly","2002-M10","86313.27909445191","Millions"
"Germany","Total reserves (gold at national valuation)","US dollar","Monthly","2002-M11","87059.16116573474","Millions"
"Germany","Total reserves (gold at national valuation)","US dollar","Monthly","2002-M12","89142.54119742452","Millions"
"Germany","Total reserves (gold at national valuation)","US dollar","Monthly","2003-M01","91874.30253111123","Millions"
"Germany","Total reserves (gold at national valuation)","US dollar","Monthly","2003-M02","90206.86521247032","Millions"
"Germany","Total reserves (gold at national valuation)","US dollar","Monthly","2003-M03","89862.76007459398","Millions"
"Germany","Total reserves (gold at national valuation)","US dollar","Monthly","2003-M04","88522.2767918042","Millions"
"Germany","Total reserves (gold at national valuation)","US dollar","Monthly","2003-M05","92793.29741232434","Millions"
"Germany","Total reserves (gold at national valuation)","US dollar","Monthly","2003-M06","89710.93437587834","Millions"
"Germany","Total reserves (gold at national valuation)","US dollar","Monthly","2003-M07","89548.64273736738","Millions"
"Germany","Total reserves (gold at national valuation)","US dollar","Monthly","2003-M08","92510.56221980068","Millions"
"Germany","Total reserves (gold at national valuation)","US dollar","Monthly","2003-M09","95024.292450502","Millions"
"Germany","Total reserves (gold at national valuation)","US dollar","Monthly","2003-M10","94787.00162463346","Millions"
"Germany","Total reserves (gold at national valuation)","US dollar","Monthly","2003-M11","95528.60946698231","Millions"
"Germany","Total reserves (gold at national valuation)","US dollar","Monthly","2003-M12","96835.20840849915","Millions"
"Germany","Total reserves (gold at national valuation)","US dollar","Monthly","2004-M01","95176.5912064209","Millions"
"Germany","Total reserves (gold at national valuation)","US dollar","Monthly","2004-M02","94885.19387932366","Millions"
"Germany","Total reserves (gold at national valuation)","US dollar","Monthly","2004-M03","97523.56925353176","Millions"
"Germany","Total reserves (gold at national valuation)","US dollar","Monthly","2004-M04","93489.78484597516","Millions"
"Germany","Total reserves (gold at national valuation)","US dollar","Monthly","2004-M05","93252.2586224885","Millions"
"Germany","Total reserves (gold at national valuation)","US dollar","Monthly","2004-M06","93817.32207004875","Millions"
"Germany","Total reserves (gold at national valuation)","US dollar","Monthly","2004-M07","91786.36921041246","Millions"
"Germany","Total reserves (gold at national valuation)","US dollar","Monthly","2004-M08","93368.17387068426","Millions"
"Germany","Total reserves (gold at national valuation)","US dollar","Monthly","2004-M09","94311.10591368192","Millions"
"Germany","Total reserves (gold at national valuation)","US dollar","Monthly","2004-M10","94608.31233112513","Millions"
"Germany","Total reserves (gold at national valuation)","US dollar","Monthly","2004-M11","97881.63356956574","Millions"
"Germany","Total reserves (gold at national valuation)","US dollar","Monthly","2004-M12","97169.96844054467","Millions"
"Germany","Total reserves (gold at national valuation)","US dollar","Monthly","2005-M01","95698.2767608339","Millions"
"Germany","Total reserves (gold at national valuation)","US dollar","Monthly","2005-M02","96381.82046268227","Millions"
"Germany","Total reserves (gold at national valuation)","US dollar","Monthly","2005-M03","95689.92933103688","Millions"
"Germany","Total reserves (gold at national valuation)","US dollar","Monthly","2005-M04","96317.60742650514","Millions"
"Germany","Total reserves (gold at national valuation)","US dollar","Monthly","2005-M05","93977.18336217","Millions"
"Germany","Total reserves (gold at national valuation)","US dollar","Monthly","2005-M06","95189.07143215969","Millions"
"Germany","Total reserves (gold at national valuation)","US dollar","Monthly","2005-M07","93567.39391223536","Millions"
"Germany","Total reserves (gold at national valuation)","US dollar","Monthly","2005-M08","93149.90787183799","Millions"
"Germany","Total reserves (gold at national valuation)","US dollar","Monthly","2005-M09","99722.30108312678","Millions"
"Germany","Total reserves (gold at national valuation)","US dollar","Monthly","2005-M10","98987.44251166758","Millions"
"Germany","Total reserves (gold at national valuation)","US dollar","Monthly","2005-M11","100408.0418696346","Millions"
"Germany","Total reserves (gold at national valuation)","US dollar","Monthly","2005-M12","101675.9198318326","Millions"
"Germany","Total reserves (gold at national valuation)","US dollar","Monthly","2006-M01","107811.7372115817","Millions"
"Germany","Total reserves (gold at national valuation)","US dollar","Monthly","2006-M02","104480.0119934089","Millions"
"Germany","Total reserves (gold at national valuation)","US dollar","Monthly","2006-M03","107692.7705680836","Millions"
"Germany","Total reserves (gold at national valuation)","US dollar","Monthly","2006-M04","112756.3344504112","Millions"
"Germany","Total reserves (gold at national valuation)","US dollar","Monthly","2006-M05","115083.5983215149","Millions"
"Germany","Total reserves (gold at national valuation)","US dollar","Monthly","2006-M06","110652.5730164624","Millions"
"Germany","Total reserves (gold at national valuation)","US dollar","Monthly","2006-M07","113344.9504978365","Millions"
"Germany","Total reserves (gold at national valuation)","US dollar","Monthly","2006-M08","111656.9650544056","Millions"
"Germany","Total reserves (gold at national valuation)","US dollar","Monthly","2006-M09","108416.8671642024","Millions"
"Germany","Total reserves (gold at national valuation)","US dollar","Monthly","2006-M10","108662.661246604","Millions"
"Germany","Total reserves (gold at national valuation)","US dollar","Monthly","2006-M11","113517.5204278176","Millions"
"Germany","Total reserves (gold at national valuation)","US dollar","Monthly","2006-M12","111637.0616183393","Millions"
"Germany","Total reserves (gold at national valuation)","US dollar","Monthly","2007-M01","113720.4257871108","Millions"
"Germany","Total reserves (gold at national valuation)","US dollar","Monthly","2007-M02","114797.525554807","Millions"
"Germany","Total reserves (gold at national valuation)","US dollar","Monthly","2007-M03","114500.326083921","Millions"
"Germany","Total reserves (gold at national valuation)","US dollar","Monthly","2007-M04","117886.6829262265","Millions"
"Germany","Total reserves (gold at national valuation)","US dollar","Monthly","2007-M05","116461.6332543188","Millions"
"Germany","Total reserves (gold at national valuation)","US dollar","Monthly","2007-M06","114803.3915881713","Millions"
"Germany","Total reserves (gold at national valuation)","US dollar","Monthly","2007-M07","116544.3022281035","Millions"
"Germany","Total reserves (gold at national valuation)","US dollar","Monthly","2007-M08","117574.9635752842","Millions"
"Germany","Total reserves (gold at national valuation)","US dollar","Monthly","2007-M09","126190.9066991929","Millions"
"Germany","Total reserves (gold at national valuation)","US dollar","Monthly","2007-M10","130979.5001896919","Millions"
"Germany","Total reserves (gold at national valuation)","US dollar","Monthly","2007-M11","130480.8891656649","Millions"
"Germany","Total reserves (gold at national valuation)","US dollar","Monthly","2007-M12","136234.4422071516","Millions"
"Germany","Total reserves (gold at national valuation)","US dollar","Monthly","2008-M01","147199.788026282","Millions"
"Germany","Total reserves (gold at national valuation)","US dollar","Monthly","2008-M02","153278.4089768209","Millions"
"Germany","Total reserves (gold at national valuation)","US dollar","Monthly","2008-M03","149964.8396325663","Millions"
"Germany","Total reserves (gold at national valuation)","US dollar","Monthly","2008-M04","144308.1178034284","Millions"
"Germany","Total reserves (gold at national valuation)","US dollar","Monthly","2008-M05","143960.7360281157","Millions"
"Germany","Total reserves (gold at national valuation)","US dollar","Monthly","2008-M06","149834.7184551662","Millions"
"Germany","Total reserves (gold at national valuation)","US dollar","Monthly","2008-M07","146967.6268514494","Millions"
"Germany","Total reserves (gold at national valuation)","US dollar","Monthly","2008-M08","136721.9574818075","Millions"
"Germany","Total reserves (gold at national valuation)","US dollar","Monthly","2008-M09","141567.8699204726","Millions"
"Germany","Total reserves (gold at national valuation)","US dollar","Monthly","2008-M10","124519.82250664","Millions"
"Germany","Total reserves (gold at national valuation)","US dollar","Monthly","2008-M11","133249.8668674205","Millions"
"Germany","Total reserves (gold at national valuation)","US dollar","Monthly","2008-M12","138043.2656621989","Millions"
"Germany","Total reserves (gold at national valuation)","US dollar","Monthly","2009-M01","141038.9943804642","Millions"
"Germany","Total reserves (gold at national valuation)","US dollar","Monthly","2009-M02","144423.8183334439","Millions"
"Germany","Total reserves (gold at national valuation)","US dollar","Monthly","2009-M03","143258.3620542592","Millions"
"Germany","Total reserves (gold at national valuation)","US dollar","Monthly","2009-M04","139522.9669303449","Millions"
"Germany","Total reserves (gold at national valuation)","US dollar","Monthly","2009-M05","151761.272160474","Millions"
"Germany","Total reserves (gold at national valuation)","US dollar","Monthly","2009-M06","147253.5234917763","Millions"
"Germany","Total reserves (gold at national valuation)","US dollar","Monthly","2009-M07","148625.5119713814","Millions"
"Germany","Total reserves (gold at national valuation)","US dollar","Monthly","2009-M08","165088.5286655015","Millions"
"Germany","Total reserves (gold at national valuation)","US dollar","Monthly","2009-M09","170421.854101552","Millions"
"Germany","Total reserves (gold at national valuation)","US dollar","Monthly","2009-M10","176492.5615581121","Millions"
"Germany","Total reserves (gold at national valuation)","US dollar","Monthly","2009-M11","189894.1106350169","Millions"
"Germany","Total reserves (gold at national valuation)","US dollar","Monthly","2009-M12","180847.5446065489","Millions"
"Germany","Total reserves (gold at national valuation)","US dollar","Monthly","2010-M01","178251.8713092734","Millions"
"Germany","Total reserves (gold at national valuation)","US dollar","Monthly","2010-M02","182280.2592754804","Millions"
"Germany","Total reserves (gold at national valuation)","US dollar","Monthly","2010-M03","182386.9086795996","Millions"
"Germany","Total reserves (gold at national valuation)","US dollar","Monthly","2010-M04","189539.331755199","Millions"
"Germany","Total reserves (gold at national valuation)","US dollar","Monthly","2010-M05","193127.214386532","Millions"
"Germany","Total reserves (gold at national valuation)","US dollar","Monthly","2010-M06","197502.5056695554","Millions"
"Germany","Total reserves (gold at national valuation)","US dollar","Monthly","2010-M07","189845.2540316702","Millions"
"Germany","Total reserves (gold at national valuation)","US dollar","Monthly","2010-M08","198218.0365411216","Millions"
"Germany","Total reserves (gold at national valuation)","US dollar","Monthly","2010-M09","205323.9077018718","Millions"
"Germany","Total reserves (gold at national valuation)","US dollar","Monthly","2010-M10","209615.3987016703","Millions"
"Germany","Total reserves (gold at national valuation)","US dollar","Monthly","2010-M11","212583.0916987629","Millions"
"Germany","Total reserves (gold at national valuation)","US dollar","Monthly","2010-M12","216497.323889943","Millions"
"Germany","Total reserves (gold at national valuation)","US dollar","Monthly","2011-M01","207993.8174195626","Millions"
"Germany","Total reserves (gold at national valuation)","US dollar","Monthly","2011-M02","217280.7153098152","Millions"
"Germany","Total reserves (gold at national valuation)","US dollar","Monthly","2011-M03","222103.2599341476","Millions"
"Germany","Total reserves (gold at national valuation)","US dollar","Monthly","2011-M04","234305.0070122253","Millions"
"Germany","Total reserves (gold at national valuation)","US dollar","Monthly","2011-M05","234211.724364655","Millions"
"Germany","Total reserves (gold at national valuation)","US dollar","Monthly","2011-M06","230621.9759282199","Millions"
"Germany","Total reserves (gold at national valuation)","US dollar","Monthly","2011-M07","244944.1156069851","Millions"
"Germany","Total reserves (gold at national valuation)","US dollar","Monthly","2011-M08","265506.6688149075","Millions"
"Germany","Total reserves (gold at national valuation)","US dollar","Monthly","2011-M09","244002.0699216408","Millions"
"Germany","Total reserves (gold at national valuation)","US dollar","Monthly","2011-M10","255179.7337486028","Millions"
"Germany","Total reserves (gold at national valuation)","US dollar","Monthly","2011-M11","256823.9813561598","Millions"
"Germany","Total reserves (gold at national valuation)","US dollar","Monthly","2011-M12","238854.0208874097","Millions"
"Germany","Total reserves (gold at national valuation)","US dollar","Monthly","2012-M01","257661.3570723736","Millions"
"Germany","Total reserves (gold at national valuation)","US dollar","Monthly","2012-M02","261051.7205215291","Millions"
"Germany","Total reserves (gold at national valuation)","US dollar","Monthly","2012-M03","249429.8663093834","Millions"
"Germany","Total reserves (gold at national valuation)","US dollar","Monthly","2012-M04","249250.7561199348","Millions"
"Germany","Total reserves (gold at national valuation)","US dollar","Monthly","2012-M05","238412.3564173867","Millions"
"Germany","Total reserves (gold at national valuation)","US dollar","Monthly","2012-M06","242681.6521252705","Millions"
"Germany","Total reserves (gold at national valuation)","US dollar","Monthly","2012-M07","244885.1771398526","Millions"
"Germany","Total reserves (gold at national valuation)","US dollar","Monthly","2012-M08","248405.4582868936","Millions"
"Germany","Total reserves (gold at national valuation)","US dollar","Monthly","2012-M09","262359.3668243462","Millions"
"Germany","Total reserves (gold at national valuation)","US dollar","Monthly","2012-M10","255954.5806280754","Millions"
"Germany","Total reserves (gold at national valuation)","US dollar","Monthly","2012-M11","256210.6280739226","Millions"
"Germany","Total reserves (gold at national valuation)","US dollar","Monthly","2012-M12","248856.4802857564","Millions"
"Germany","Total reserves (gold at national valuation)","US dollar","Monthly","2013-M01","249539.9579308187","Millions"
"Germany","Total reserves (gold at national valuation)","US dollar","Monthly","2013-M02","240278.9166910049","Millions"
"Germany","Total reserves (gold at national valuation)","US dollar","Monthly","2013-M03","240866.5046586989","Millions"
"Germany","Total reserves (gold at national valuation)","US dollar","Monthly","2013-M04","227016.6104872558","Millions"
"Germany","Total reserves (gold at national valuation)","US dollar","Monthly","2013-M05","218219.0166377554","Millions"
"Germany","Total reserves (gold at national valuation)","US dollar","Monthly","2013-M06","196032.4805639964","Millions"
"Germany","Total reserves (gold at national valuation)","US dollar","Monthly","2013-M07","208704.0113255925","Millions"
"Germany","Total reserves (gold at national valuation)","US dollar","Monthly","2013-M08","217904.1775834447","Millions"
"Germany","Total reserves (gold at national valuation)","US dollar","Monthly","2013-M09","210271.4523657639","Millions"
"Germany","Total reserves (gold at national valuation)","US dollar","Monthly","2013-M10","209672.2286606991","Millions"
"Germany","Total reserves (gold at national valuation)","US dollar","Monthly","2013-M11","202269.1681644145","Millions"
"Germany","Total reserves (gold at national valuation)","US dollar","Monthly","2013-M12","198208.4656636072","Millions"
"Germany","Total reserves (gold at national valuation)","US dollar","Monthly","2014-M01","203135.5551384463","Millions"
"Germany","Total reserves (gold at national valuation)","US dollar","Monthly","2014-M02","210416.2473611528","Millions"
"Germany","Total reserves (gold at national valuation)","US dollar","Monthly","2014-M03","207432.2426590209","Millions"
"Germany","Total reserves (gold at national valuation)","US dollar","Monthly","2014-M04","207433.0853781401","Millions"
"Germany","Total reserves (gold at national valuation)","US dollar","Monthly","2014-M05","202294.0858775387","Millions"
"Germany","Total reserves (gold at national valuation)","US dollar","Monthly","2014-M06","209200.708456796","Millions"
"Germany","Total reserves (gold at national valuation)","US dollar","Monthly","2014-M07","206159.1990716565","Millions"
"Germany","Total reserves (gold at national valuation)","US dollar","Monthly","2014-M08","206275.7487895444","Millions"
"Germany","Total reserves (gold at national valuation)","US dollar","Monthly","2014-M09","197469.7842719225","Millions"
"Germany","Total reserves (gold at national valuation)","US dollar","Monthly","2014-M10","192054.0098694548","Millions"
"Germany","Total reserves (gold at national valuation)","US dollar","Monthly","2014-M11","193808.2487454403","Millions"
"Germany","Total reserves (gold at national valuation)","US dollar","Monthly","2014-M12","192750.3250979195","Millions"
"Germany","Total reserves (gold at national valuation)","US dollar","Monthly","2015-M01","199449.5738206692","Millions"
"Germany","Total reserves (gold at national valuation)","US dollar","Monthly","2015-M02","194442.4439587662","Millions"
"Germany","Total reserves (gold at national valuation)","US dollar","Monthly","2015-M03","190363.0526608052","Millions"
"Germany","Total reserves (gold at national valuation)","US dollar","Monthly","2015-M04","192875.9872013303","Millions"
"Germany","Total reserves (gold at national valuation)","US dollar","Monthly","2015-M05","190278.1267363286","Millions"
"Germany","Total reserves (gold at national valuation)","US dollar","Monthly","2015-M06","188304.6328479412","Millions"
"Germany","Total reserves (gold at national valuation)","US dollar","Monthly","2015-M07","177207.8782182288","Millions"
"Germany","Total reserves (gold at national valuation)","US dollar","Monthly","2015-M08","182216.4834574023","Millions"
"Germany","Total reserves (gold at national valuation)","US dollar","Monthly","2015-M09","181413.5105037055","Millions"
"Germany","Total reserves (gold at national valuation)","US dollar","Monthly","2015-M10","183614.3532296702","Millions"
"Germany","Total reserves (gold at national valuation)","US dollar","Monthly","2015-M11","173299.7998379063","Millions"
"Germany","Total reserves (gold at national valuation)","US dollar","Monthly","2015-M12","173682.0209057899","Millions"
"Germany","Total reserves (gold at national valuation)","US dollar","Monthly","2016-M01","179804.7260504862","Millions"
"Germany","Total reserves (gold at national valuation)","US dollar","Monthly","2016-M02","193715.5065829265","Millions"
"Germany","Total reserves (gold at national valuation)","US dollar","Monthly","2016-M03","194983.1576755031","Millions"
"Germany","Total reserves (gold at national valuation)","US dollar","Monthly","2016-M04","200392.7093918672","Millions"
"Germany","Total reserves (gold at national valuation)","US dollar","Monthly","2016-M05","193997.2752487593","Millions"
"Germany","Total reserves (gold at national valuation)","US dollar","Monthly","2016-M06","205013.5217966517","Millions"
"Germany","Total reserves (gold at national valuation)","US dollar","Monthly","2016-M07","207035.839783105","Millions"
"Germany","Total reserves (gold at national valuation)","US dollar","Monthly","2016-M08","204773.3675654611","Millions"
"Germany","Total reserves (gold at national valuation)","US dollar","Monthly","2016-M09","205141.9717381499","Millions"
"Germany","Total reserves (gold at national valuation)","US dollar","Monthly","2016-M10","198804.3083673016","Millions"
"Germany","Total reserves (gold at national valuation)","US dollar","Monthly","2016-M11","188609.7577297544","Millions"
"Germany","Total reserves (gold at national valuation)","US dollar","Monthly","2016-M12","185285.7474965109","Millions"
"Germany","Total reserves (gold at national valuation)","US dollar","Monthly","2017-M01","190637.6579287449","Millions"
"Germany","Total reserves (gold at national valuation)","US dollar","Monthly","2017-M02","195691.7848573494","Millions"
"Germany","Total reserves (gold at national valuation)","US dollar","Monthly","2017-M03","194452.5944254214","Millions"
"Germany","Total reserves (gold at national valuation)","US dollar","Monthly","2017-M04","197530.5717804184","Millions"
"Germany","Total reserves (gold at national valuation)","US dollar","Monthly","2017-M05","197442.5259129648","Millions"
"Germany","Total reserves (gold at national valuation)","US dollar","Monthly","2017-M06","195474.9093413589","Millions"
"Germany","Total reserves (gold at national valuation)","US dollar","Monthly","2017-M07","199048.8427410926","Millions"
"Germany","Total reserves (gold at national valuation)","US dollar","Monthly","2017-M08","202180.0413708093","Millions"
"Germany","Total reserves (gold at national valuation)","US dollar","Monthly","2017-M09","200633.2401999578","Millions"
"Germany","Total reserves (gold at national valuation)","US dollar","Monthly","2017-M10","200226.7645695095","Millions"
"Germany","Total reserves (gold at national valuation)","US dollar","Monthly","2017-M11","200886.2999323018","Millions"
"Germany","Total reserves (gold at national valuation)","US dollar","Monthly","2017-M12","200091.523465887","Millions"
"Germany","Total reserves (gold at national valuation)","US dollar","Monthly","2018-M01","205470.7149039156","Millions"
"Germany","Total reserves (gold at national valuation)","US dollar","Monthly","2018-M02","203204.546013785","Millions"
"Germany","Total reserves (gold at national valuation)","US dollar","Monthly","2018-M03","204317.2126344366","Millions"
"Germany","Total reserves (gold at national valuation)","US dollar","Monthly","2018-M04","201680.3441167982","Millions"
"Germany","Total reserves (gold at national valuation)","US dollar","Monthly","2018-M05","200600.9913801757","Millions"
"Germany","Total reserves (gold at national valuation)","US dollar","Monthly","2018-M06","194764.4259934579","Millions"
"Germany","Total reserves (gold at national valuation)","US dollar","Monthly","2018-M07","191656.5491448642","Millions"
"Germany","Total reserves (gold at national valuation)","US dollar","Monthly","2018-M08","189150.2042576074","Millions"
"Germany","Total reserves (gold at national valuation)","US dollar","Monthly","2018-M09","186464.7277135526","Millions"
"Germany","Total reserves (gold at national valuation)","US dollar","Monthly","2018-M10","190447.5639695809","Millions"
"Germany","Total reserves (gold at national valuation)","US dollar","Monthly","2018-M11","191057.037194419","Millions"
"Germany","Total reserves (gold at national valuation)","US dollar","Monthly","2018-M12","198227.5280527032","Millions"
"Germany","Total reserves (gold at national valuation)","US dollar","Monthly","2019-M01","203010.2309946656","Millions"
"Germany","Total reserves (gold at national valuation)","US dollar","Monthly","2019-M02","203221.6996579663","Millions"
"Germany","Total reserves (gold at national valuation)","US dollar","Monthly","2019-M03","200077.7561512603","Millions"
"Germany","Total reserves (gold at national valuation)","US dollar","Monthly","2019-M04","198966.0945934345","Millions"
"Germany","Total reserves (gold at national valuation)","US dollar","Monthly","2019-M05","200799.0735611512","Millions"
"Germany","Total reserves (gold at national valuation)","US dollar","Monthly","2019-M06","213263.0611779272","Millions"
"Germany","Total reserves (gold at national valuation)","US dollar","Monthly","2019-M07","215483.2375297458","Millions"
"Germany","Total reserves (gold at national valuation)","US dollar","Monthly","2019-M08","226601.9957108401","Millions"
"Germany","Total reserves (gold at national valuation)","US dollar","Monthly","2019-M09","220292.6663315711","Millions"
"Germany","Total reserves (gold at national valuation)","US dollar","Monthly","2019-M10","222921.9994584886","Millions"
"Germany","Total reserves (gold at national valuation)","US dollar","Monthly","2019-M11","216451.9411959996","Millions"
"Germany","Total reserves (gold at national valuation)","US dollar","Monthly","2019-M12","223833.1831475455","Millions"
"Germany","Total reserves (gold at national valuation)","US dollar","Monthly","2020-M01","231464.4727813725","Millions"
"Germany","Total reserves (gold at national valuation)","US dollar","Monthly","2020-M02","236826.1942196866","Millions"
"Germany","Total reserves (gold at national valuation)","US dollar","Monthly","2020-M03","234147.5875459755","Millions"
"Germany","Total reserves (gold at national valuation)","US dollar","Monthly","2020-M04","246778.0769491177","Millions"
"Germany","Total reserves (gold at national valuation)","US dollar","Monthly","2020-M05","248471.5641650735","Millions"
"Germany","Total reserves (gold at national valuation)","US dollar","Monthly","2020-M06","253233.073861186","Millions"
"Germany","Total reserves (gold at national valuation)","US dollar","Monthly","2020-M07","276703.3923820611","Millions"
"Germany","Total reserves (gold at national valuation)","US dollar","Monthly","2020-M08","274985.6495072743","Millions"
"Germany","Total reserves (gold at national valuation)","US dollar","Monthly","2020-M09","265947.0406061225","Millions"
"Germany","Total reserves (gold at national valuation)","US dollar","Monthly","2020-M10","266442.3624828477","Millions"
"Germany","Total reserves (gold at national valuation)","US dollar","Monthly","2020-M11","254316.5019217264","Millions"
"Germany","Total reserves (gold at national valuation)","US dollar","Monthly","2020-M12","268776.1698458569","Millions"
"Germany","Total reserves (gold at national valuation)","US dollar","Monthly","2021-M01","266820.8914467131","Millions"
"Germany","Total reserves (gold at national valuation)","US dollar","Monthly","2021-M02","255290.0397167818","Millions"
"Germany","Total reserves (gold at national valuation)","US dollar","Monthly","2021-M03","245530.9188632953","Millions"
"Germany","Total reserves (gold at national valuation)","US dollar","Monthly","2021-M04","254688.3548593468","Millions"
"Germany","Total reserves (gold at national valuation)","US dollar","Monthly","2021-M05","269879.5860838553","Millions"
"Germany","Total reserves (gold at national valuation)","US dollar","Monthly","2021-M06","253846.6580309106","Millions"
"Germany","Total reserves (gold at national valuation)","US dollar","Monthly","2021-M07","261356.7108383776","Millions"
"Germany","Total reserves (gold at national valuation)","US dollar","Monthly","2021-M08","296426.85772919","Millions"
"Germany","Total reserves (gold at national valuation)","US dollar","Monthly","2021-M09","285869.4096649885","Millions"
"Germany","Total reserves (gold at national valuation)","US dollar","Monthly","2021-M10","292792.3251945895","Millions"
"Germany","Total reserves (gold at national valuation)","US dollar","Monthly","2021-M11","294089.8425007484","Millions"
"Germany","Total reserves (gold at national valuation)","US dollar","Monthly","2021-M12","296038.6619591056","Millions"
"Germany","Total reserves (gold at national valuation)","US dollar","Monthly","2022-M01","292248.2149265176","Millions"
"Germany","Total reserves (gold at national valuation)","US dollar","Monthly","2022-M02","306547.8898990994","Millions"
"Germany","Total reserves (gold at national valuation)","US dollar","Monthly","2022-M03","308357.8752222382","Millions"
"Germany","Total reserves (gold at national valuation)","US dollar","Monthly","2022-M04","304558.8471781439","Millions"
"Germany","Total reserves (gold at national valuation)","US dollar","Monthly","2022-M05","298005.3379732496","Millions"
"Germany","Total reserves (gold at national valuation)","US dollar","Monthly","2022-M06","292062.9690314375","Millions"
"Germany","Total reserves (gold at national valuation)","US dollar","Monthly","2022-M07","286471.7948249101","Millions"
"Germany","Total reserves (gold at national valuation)","US dollar","Monthly","2022-M08","280161.3336192","Millions"
"Germany","Total reserves (gold at national valuation)","US dollar","Monthly","2022-M09","274209.7060155939","Millions"
"Germany","Total reserves (gold at national valuation)","US dollar","Monthly","2022-M10","272062.0376041338","Millions"
"Germany","Total reserves (gold at national valuation)","US dollar","Monthly","2022-M11","287890.6177891703","Millions"
"Germany","Total reserves (gold at national valuation)","US dollar","Monthly","2022-M12","294706.4983490416","Millions"
"Germany","Total reserves (gold at national valuation)","US dollar","Monthly","2023-M01","305153.5634841096","Millions"
"Germany","Total reserves (gold at national valuation)","US dollar","Monthly","2023-M02","293102.4175711526","Millions"
"Germany","Total reserves (gold at national valuation)","US dollar","Monthly","2023-M03","313325.8021523543","Millions"
"Germany","Total reserves (gold at national valuation)","US dollar","Monthly","2023-M04","313688.133594572","Millions"
"Germany","Total reserves (gold at national valuation)","US dollar","Monthly","2023-M05","310199.3568444531","Millions"
"Germany","Total reserves (gold at national valuation)","US dollar","Monthly","2023-M06","305111.7172612145","Millions"
"Germany","Total reserves (gold at national valuation)","US dollar","Monthly","2023-M07","311331.2838816393","Millions"
"Germany","Total reserves (gold at national valuation)","US dollar","Monthly","2023-M08","309047.9218838902","Millions"
"Germany","Total reserves (gold at national valuation)","US dollar","Monthly","2023-M09","299311.8057665597","Millions"
"Germany","Total reserves (gold at national valuation)","US dollar","Monthly","2023-M10","313568.5211794149","Millions"
"Germany","Total reserves (gold at national valuation)","US dollar","Monthly","2023-M11","319971.7765416926","Millions"
"Germany","Total reserves (gold at national valuation)","US dollar","Monthly","2023-M12","322867.1358570671","Millions"
"Germany","Total reserves (gold at national valuation)","US dollar","Monthly","2024-M01","319042.5120507484","Millions"
"Germany","Total reserves (gold at national valuation)","US dollar","Monthly","2024-M02","319380.3903332054","Millions"
"Germany","Total reserves (gold at national valuation)","US dollar","Monthly","2024-M03","338049.7726488529","Millions"
"Germany","Total reserves (gold at national valuation)","US dollar","Monthly","2024-M04","347696.8567463487","Millions"
"Germany","Total reserves (gold at national valuation)","US dollar","Monthly","2024-M05","351775.2218172192","Millions"
"Germany","Total reserves (gold at national valuation)","US dollar","Monthly","2024-M06","351370.8623360259","Millions"
"Germany","Total reserves (gold at national valuation)","US dollar","Monthly","2024-M07","360197.4388587263","Millions"
"Germany","Total reserves (gold at national valuation)","US dollar","Monthly","2024-M08","371938.7161880831","Millions"
"Germany","Total reserves (gold at national valuation)","US dollar","Monthly","2024-M09","386640.7922106282","Millions"
"Germany","Total reserves (gold at national valuation)","US dollar","Monthly","2024-M10","397046.4475755602","Millions"
"Germany","Total reserves (gold at national valuation)","US dollar","Monthly","2024-M11","386408.4524260007","Millions"
"Germany","Total reserves (gold at national valuation)","US dollar","Monthly","2024-M12","377897.5708562426","Millions"
"Germany","Total reserves (gold at national valuation)","US dollar","Monthly","2025-M01","400287.7809391192","Millions"
"Germany","Total reserves (gold at national valuation)","US dollar","Monthly","2025-M02","406685.085818258","Millions"
"Germany","Total reserves (gold at national valuation)","US dollar","Monthly","2025-M03","435496.3331836337","Millions"
"Germany","Total reserves (gold at national valuation)","US dollar","Monthly","2025-M04","454274.3058186794","Millions"
"Germany","Total reserves (gold at national valuation)","US dollar","Monthly","2025-M05","456410.8897362287","Millions"
"Germany","Total reserves (gold at national valuation)","US dollar","Monthly","2025-M06","456276.9928263259","Millions"
"Germany","Total reserves (gold at national valuation)","US dollar","Monthly","2025-M07","457251.8877849377","Millions"
"Germany","Total reserves (gold at national valuation)","US dollar","Monthly","2025-M08","468316.9886087886","Millions"
"Germany","Total reserves (gold at national valuation)","US dollar","Monthly","2025-M09","511553.7591159418","Millions"
"Germany","Total reserves (gold at national valuation)","US dollar","Monthly","2025-M10","533998.1648221929","Millions"
"Germany","Total reserves (gold at national valuation)","US dollar","Monthly","2025-M11","550587.9195796595","Millions"
"Germany","Total reserves (gold at national valuation)","US dollar","Monthly","2025-M12","566105.7489331573","Millions"
"Germany","Total reserves (gold at national valuation)","US dollar","Monthly","2026-M01","649406.9908768933","Millions"
"Germany","Total reserves (gold at national valuation)","US dollar","Quarterly","1950-Q4","190","Millions"
"Germany","Total reserves (gold at national valuation)","US dollar","Quarterly","1951-Q4","455.5714285782313","Millions"
"Germany","Total reserves (gold at national valuation)","US dollar","Quarterly","1952-Q4","960.476190509637","Millions"
"Germany","Total reserves (gold at national valuation)","US dollar","Quarterly","1953-Q4","1774.600476268141","Millions"
"Germany","Total reserves (gold at national valuation)","US dollar","Quarterly","1954-Q4","2577.720296353688","Millions"
"Germany","Total reserves (gold at national valuation)","US dollar","Quarterly","1955-Q4","3011.233535992535","Millions"
"Germany","Total reserves (gold at national valuation)","US dollar","Quarterly","1956-Q4","4203.24667448572","Millions"
"Germany","Total reserves (gold at national valuation)","US dollar","Quarterly","1957-Q1","4460.73293126368","Millions"
"Germany","Total reserves (gold at national valuation)","US dollar","Quarterly","1957-Q2","4836.59855082792","Millions"
"Germany","Total reserves (gold at national valuation)","US dollar","Quarterly","1957-Q3","5399.8815937253","Millions"
"Germany","Total reserves (gold at national valuation)","US dollar","Quarterly","1957-Q4","5193.95831914212","Millions"
"Germany","Total reserves (gold at national valuation)","US dollar","Quarterly","1958-Q1","5172.68249975222","Millions"
"Germany","Total reserves (gold at national valuation)","US dollar","Quarterly","1958-Q2","5413.84890276428","Millions"
"Germany","Total reserves (gold at national valuation)","US dollar","Quarterly","1958-Q3","5633.00546222525","Millions"
"Germany","Total reserves (gold at national valuation)","US dollar","Quarterly","1958-Q4","5894.70778639251","Millions"
"Germany","Total reserves (gold at national valuation)","US dollar","Quarterly","1959-Q1","4256.42815113259","Millions"
"Germany","Total reserves (gold at national valuation)","US dollar","Quarterly","1959-Q2","4288.27465021047","Millions"
"Germany","Total reserves (gold at national valuation)","US dollar","Quarterly","1959-Q3","4246.9857210637","Millions"
"Germany","Total reserves (gold at national valuation)","US dollar","Quarterly","1959-Q4","4811.47434116477","Millions"
"Germany","Total reserves (gold at national valuation)","US dollar","Quarterly","1960-Q1","4966.45601579936","Millions"
"Germany","Total reserves (gold at national valuation)","US dollar","Quarterly","1960-Q2","5843.76690714421","Millions"
"Germany","Total reserves (gold at national valuation)","US dollar","Quarterly","1960-Q3","6643.27290237623","Millions"
"Germany","Total reserves (gold at national valuation)","US dollar","Quarterly","1960-Q4","7053.73822895998","Millions"
"Germany","Total reserves (gold at national valuation)","US dollar","Quarterly","1961-Q1","7446.15251971461","Millions"
"Germany","Total reserves (gold at national valuation)","US dollar","Quarterly","1961-Q2","7299.59367954056","Millions"
"Germany","Total reserves (gold at national valuation)","US dollar","Quarterly","1961-Q3","7135.83328821364","Millions"
"Germany","Total reserves (gold at national valuation)","US dollar","Quarterly","1961-Q4","7166.98749497453","Millions"
"Germany","Total reserves (gold at national valuation)","US dollar","Quarterly","1962-Q1","6649.12011355997","Millions"
"Germany","Total reserves (gold at national valuation)","US dollar","Quarterly","1962-Q2","6831.71838532627","Millions"
"Germany","Total reserves (gold at national valuation)","US dollar","Quarterly","1962-Q3","6999.95335507788","Millions"
"Germany","Total reserves (gold at national valuation)","US dollar","Quarterly","1962-Q4","6960.27092138115","Millions"
"Germany","Total reserves (gold at national valuation)","US dollar","Quarterly","1963-Q1","6967.06539676417","Millions"
"Germany","Total reserves (gold at national valuation)","US dollar","Quarterly","1963-Q2","7230.78727897371","Millions"
"Germany","Total reserves (gold at national valuation)","US dollar","Quarterly","1963-Q3","7429.25458865854","Millions"
"Germany","Total reserves (gold at national valuation)","US dollar","Quarterly","1963-Q4","7673.53212816122","Millions"
"Germany","Total reserves (gold at national valuation)","US dollar","Quarterly","1964-Q1","7783.76855341706","Millions"
"Germany","Total reserves (gold at national valuation)","US dollar","Quarterly","1964-Q2","7882.48037839136","Millions"
"Germany","Total reserves (gold at national valuation)","US dollar","Quarterly","1964-Q3","7781.94490896996","Millions"
"Germany","Total reserves (gold at national valuation)","US dollar","Quarterly","1964-Q4","7905.57437120243","Millions"
"Germany","Total reserves (gold at national valuation)","US dollar","Quarterly","1965-Q1","7764.98360075094","Millions"
"Germany","Total reserves (gold at national valuation)","US dollar","Quarterly","1965-Q2","7449.14080045314","Millions"
"Germany","Total reserves (gold at national valuation)","US dollar","Quarterly","1965-Q3","7353.73405753042","Millions"
"Germany","Total reserves (gold at national valuation)","US dollar","Quarterly","1965-Q4","7424.0546326153","Millions"
"Germany","Total reserves (gold at national valuation)","US dollar","Quarterly","1966-Q1","7154.14429214102","Millions"
"Germany","Total reserves (gold at national valuation)","US dollar","Quarterly","1966-Q2","7412.69775377137","Millions"
"Germany","Total reserves (gold at national valuation)","US dollar","Quarterly","1966-Q3","7685.17976842836","Millions"
"Germany","Total reserves (gold at national valuation)","US dollar","Quarterly","1966-Q4","8054.13897023534","Millions"
"Germany","Total reserves (gold at national valuation)","US dollar","Quarterly","1967-Q1","8048.99513089198","Millions"
"Germany","Total reserves (gold at national valuation)","US dollar","Quarterly","1967-Q2","7809.31234034249","Millions"
"Germany","Total reserves (gold at national valuation)","US dollar","Quarterly","1967-Q3","8012.6539039044","Millions"
"Germany","Total reserves (gold at national valuation)","US dollar","Quarterly","1967-Q4","8153.28714034222","Millions"
"Germany","Total reserves (gold at national valuation)","US dollar","Quarterly","1968-Q1","8559.86943330607","Millions"
"Germany","Total reserves (gold at national valuation)","US dollar","Quarterly","1968-Q2","8889.42314953009","Millions"
"Germany","Total reserves (gold at national valuation)","US dollar","Quarterly","1968-Q3","9216.14680780777","Millions"
"Germany","Total reserves (gold at national valuation)","US dollar","Quarterly","1968-Q4","9949.87757208165","Millions"
"Germany","Total reserves (gold at national valuation)","US dollar","Quarterly","1969-Q1","8110.10652370857","Millions"
"Germany","Total reserves (gold at national valuation)","US dollar","Quarterly","1969-Q2","10087.19570213147","Millions"
"Germany","Total reserves (gold at national valuation)","US dollar","Quarterly","1969-Q3","12296.8558345615","Millions"
"Germany","Total reserves (gold at national valuation)","US dollar","Quarterly","1969-Q4","7033.71780183307","Millions"
"Germany","Total reserves (gold at national valuation)","US dollar","Quarterly","1970-Q1","7362.27280802484","Millions"
"Germany","Total reserves (gold at national valuation)","US dollar","Quarterly","1970-Q2","8847.78142451031","Millions"
"Germany","Total reserves (gold at national valuation)","US dollar","Quarterly","1970-Q3","11332.24612448057","Millions"
"Germany","Total reserves (gold at national valuation)","US dollar","Quarterly","1970-Q4","13623.71929934045","Millions"
"Germany","Total reserves (gold at national valuation)","US dollar","Quarterly","1971-Q1","15837.28928485152","Millions"
"Germany","Total reserves (gold at national valuation)","US dollar","Quarterly","1971-Q2","16883.50752087013","Millions"
"Germany","Total reserves (gold at national valuation)","US dollar","Quarterly","1971-Q3","17369.33247309642","Millions"
"Germany","Total reserves (gold at national valuation)","US dollar","Quarterly","1971-Q4","18725.4845851935","Millions"
"Germany","Total reserves (gold at national valuation)","US dollar","Quarterly","1972-Q1","20237.4154371108","Millions"
"Germany","Total reserves (gold at national valuation)","US dollar","Quarterly","1972-Q2","23168.37811092972","Millions"
"Germany","Total reserves (gold at national valuation)","US dollar","Quarterly","1972-Q3","24699.43163479616","Millions"
"Germany","Total reserves (gold at national valuation)","US dollar","Quarterly","1972-Q4","23689.34337793427","Millions"
"Germany","Total reserves (gold at national valuation)","US dollar","Quarterly","1973-Q1","32292.12308277257","Millions"
"Germany","Total reserves (gold at national valuation)","US dollar","Quarterly","1973-Q2","33059.79030678214","Millions"
"Germany","Total reserves (gold at national valuation)","US dollar","Quarterly","1973-Q3","36081.60549792972","Millions"
"Germany","Total reserves (gold at national valuation)","US dollar","Quarterly","1973-Q4","33385.34160197784","Millions"
"Germany","Total reserves (gold at national valuation)","US dollar","Quarterly","1974-Q1","33456.9613684062","Millions"
"Germany","Total reserves (gold at national valuation)","US dollar","Quarterly","1974-Q2","34738.78845049401","Millions"
"Germany","Total reserves (gold at national valuation)","US dollar","Quarterly","1974-Q3","32932.91452714987","Millions"
"Germany","Total reserves (gold at national valuation)","US dollar","Quarterly","1974-Q4","33169.09084688234","Millions"
"Germany","Total reserves (gold at national valuation)","US dollar","Quarterly","1975-Q1","35228.38907253356","Millions"
"Germany","Total reserves (gold at national valuation)","US dollar","Quarterly","1975-Q2","33503.9162540753","Millions"
"Germany","Total reserves (gold at national valuation)","US dollar","Quarterly","1975-Q3","31599.76600650345","Millions"
"Germany","Total reserves (gold at national valuation)","US dollar","Quarterly","1975-Q4","31554.57769310189","Millions"
"Germany","Total reserves (gold at national valuation)","US dollar","Quarterly","1976-Q1","35550.09690266023","Millions"
"Germany","Total reserves (gold at national valuation)","US dollar","Quarterly","1976-Q2","34045.60058634462","Millions"
"Germany","Total reserves (gold at national valuation)","US dollar","Quarterly","1976-Q3","36016.59280927133","Millions"
"Germany","Total reserves (gold at national valuation)","US dollar","Quarterly","1976-Q4","35944.77410552973","Millions"
"Germany","Total reserves (gold at national valuation)","US dollar","Quarterly","1977-Q1","35754.53849677431","Millions"
"Germany","Total reserves (gold at national valuation)","US dollar","Quarterly","1977-Q2","35452.51530962266","Millions"
"Germany","Total reserves (gold at national valuation)","US dollar","Quarterly","1977-Q3","35809.82018916968","Millions"
"Germany","Total reserves (gold at national valuation)","US dollar","Quarterly","1977-Q4","41392.15971346947","Millions"
"Germany","Total reserves (gold at national valuation)","US dollar","Quarterly","1978-Q1","44068.46525399426","Millions"
"Germany","Total reserves (gold at national valuation)","US dollar","Quarterly","1978-Q2","42359.55463445796","Millions"
"Germany","Total reserves (gold at national valuation)","US dollar","Quarterly","1978-Q3","46594.8623255243","Millions"
"Germany","Total reserves (gold at national valuation)","US dollar","Quarterly","1978-Q4","57817.58025475782","Millions"
"Germany","Total reserves (gold at national valuation)","US dollar","Quarterly","1979-Q1","56185.94974113376","Millions"
"Germany","Total reserves (gold at national valuation)","US dollar","Quarterly","1979-Q2","54558.65456605847","Millions"
"Germany","Total reserves (gold at national valuation)","US dollar","Quarterly","1979-Q3","60209.53551413415","Millions"
"Germany","Total reserves (gold at national valuation)","US dollar","Quarterly","1979-Q4","60455.85959878486","Millions"
"Germany","Total reserves (gold at national valuation)","US dollar","Quarterly","1980-Q1","53350.77578124526","Millions"
"Germany","Total reserves (gold at national valuation)","US dollar","Quarterly","1980-Q2","57533.27373168477","Millions"
"Germany","Total reserves (gold at national valuation)","US dollar","Quarterly","1980-Q3","57012.75203434754","Millions"
"Germany","Total reserves (gold at national valuation)","US dollar","Quarterly","1980-Q4","55580.19317834897","Millions"
"Germany","Total reserves (gold at national valuation)","US dollar","Quarterly","1981-Q1","56614.51775398655","Millions"
"Germany","Total reserves (gold at national valuation)","US dollar","Quarterly","1981-Q2","54373.60885621","Millions"
"Germany","Total reserves (gold at national valuation)","US dollar","Quarterly","1981-Q3","53049.38020704607","Millions"
"Germany","Total reserves (gold at national valuation)","US dollar","Quarterly","1981-Q4","49790.29830026915","Millions"
"Germany","Total reserves (gold at national valuation)","US dollar","Quarterly","1982-Q1","46847.45524675615","Millions"
"Germany","Total reserves (gold at national valuation)","US dollar","Quarterly","1982-Q2","47368.40313601","Millions"
"Germany","Total reserves (gold at national valuation)","US dollar","Quarterly","1982-Q3","45931.15283474716","Millions"
"Germany","Total reserves (gold at national valuation)","US dollar","Quarterly","1982-Q4","50522.14508884832","Millions"
"Germany","Total reserves (gold at national valuation)","US dollar","Quarterly","1983-Q1","55499.25252782582","Millions"
"Germany","Total reserves (gold at national valuation)","US dollar","Quarterly","1983-Q2","49287.58103227409","Millions"
"Germany","Total reserves (gold at national valuation)","US dollar","Quarterly","1983-Q3","48442.09163846933","Millions"
"Germany","Total reserves (gold at national valuation)","US dollar","Quarterly","1983-Q4","47700.28728283378","Millions"
"Germany","Total reserves (gold at national valuation)","US dollar","Quarterly","1984-Q1","51636.37798395234","Millions"
"Germany","Total reserves (gold at national valuation)","US dollar","Quarterly","1984-Q2","49146.11977474319","Millions"
"Germany","Total reserves (gold at national valuation)","US dollar","Quarterly","1984-Q3","45397.07115731589","Millions"
"Germany","Total reserves (gold at national valuation)","US dollar","Quarterly","1984-Q4","44489.33074997698","Millions"
"Germany","Total reserves (gold at national valuation)","US dollar","Quarterly","1985-Q1","41586.95697520727","Millions"
"Germany","Total reserves (gold at national valuation)","US dollar","Quarterly","1985-Q2","43943.81156893823","Millions"
"Germany","Total reserves (gold at national valuation)","US dollar","Quarterly","1985-Q3","47908.77202608294","Millions"
"Germany","Total reserves (gold at national valuation)","US dollar","Quarterly","1985-Q4","49941.94535317078","Millions"
"Germany","Total reserves (gold at national valuation)","US dollar","Quarterly","1986-Q1","51391.91049532075","Millions"
"Germany","Total reserves (gold at national valuation)","US dollar","Quarterly","1986-Q2","50858.58941842099","Millions"
"Germany","Total reserves (gold at national valuation)","US dollar","Quarterly","1986-Q3","55748.30764824854","Millions"
"Germany","Total reserves (gold at national valuation)","US dollar","Quarterly","1986-Q4","58787.82155841128","Millions"
"Germany","Total reserves (gold at national valuation)","US dollar","Quarterly","1987-Q1","68020.77237735235","Millions"
"Germany","Total reserves (gold at national valuation)","US dollar","Quarterly","1987-Q2","69771.51803041229","Millions"
"Germany","Total reserves (gold at national valuation)","US dollar","Quarterly","1987-Q3","70996.0980029156","Millions"
"Germany","Total reserves (gold at national valuation)","US dollar","Quarterly","1987-Q4","87412.65092487664","Millions"
"Germany","Total reserves (gold at national valuation)","US dollar","Quarterly","1988-Q1","81194.70513720196","Millions"
"Germany","Total reserves (gold at national valuation)","US dollar","Quarterly","1988-Q2","72312.86964210776","Millions"
"Germany","Total reserves (gold at national valuation)","US dollar","Quarterly","1988-Q3","65277.56267353942","Millions"
"Germany","Total reserves (gold at national valuation)","US dollar","Quarterly","1988-Q4","66217.27861899379","Millions"
"Germany","Total reserves (gold at national valuation)","US dollar","Quarterly","1989-Q1","62203.56727779428","Millions"
"Germany","Total reserves (gold at national valuation)","US dollar","Quarterly","1989-Q2","62791.91126360953","Millions"
"Germany","Total reserves (gold at national valuation)","US dollar","Quarterly","1989-Q3","65039.47111310608","Millions"
"Germany","Total reserves (gold at national valuation)","US dollar","Quarterly","1989-Q4","68770.87461785947","Millions"
"Germany","Total reserves (gold at national valuation)","US dollar","Quarterly","1990-Q1","69567.69869223969","Millions"
"Germany","Total reserves (gold at national valuation)","US dollar","Quarterly","1990-Q2","71640.0798160129","Millions"
"Germany","Total reserves (gold at national valuation)","US dollar","Quarterly","1990-Q3","73197.57362062139","Millions"
"Germany","Total reserves (gold at national valuation)","US dollar","Quarterly","1990-Q4","77064.20767426641","Millions"
"Germany","Total reserves (gold at national valuation)","US dollar","Quarterly","1991-Q1","67097.34626790808","Millions"
"Germany","Total reserves (gold at national valuation)","US dollar","Quarterly","1991-Q2","65246.93534562984","Millions"
"Germany","Total reserves (gold at national valuation)","US dollar","Quarterly","1991-Q3","69457.18189384928","Millions"
"Germany","Total reserves (gold at national valuation)","US dollar","Quarterly","1991-Q4","72029.8670286827","Millions"
"Germany","Total reserves (gold at national valuation)","US dollar","Quarterly","1992-Q1","69974.79458823644","Millions"
"Germany","Total reserves (gold at national valuation)","US dollar","Quarterly","1992-Q2","73070.33912621766","Millions"
"Germany","Total reserves (gold at national valuation)","US dollar","Quarterly","1992-Q3","129967.9111401662","Millions"
"Germany","Total reserves (gold at national valuation)","US dollar","Quarterly","1992-Q4","99447.87336101985","Millions"
"Germany","Total reserves (gold at national valuation)","US dollar","Quarterly","1993-Q1","78750.70892623676","Millions"
"Germany","Total reserves (gold at national valuation)","US dollar","Quarterly","1993-Q2","76295.5715728114","Millions"
"Germany","Total reserves (gold at national valuation)","US dollar","Quarterly","1993-Q3","93792.73122329218","Millions"
"Germany","Total reserves (gold at national valuation)","US dollar","Quarterly","1993-Q4","85568.99139726228","Millions"
"Germany","Total reserves (gold at national valuation)","US dollar","Quarterly","1994-Q1","88245.72594191223","Millions"
"Germany","Total reserves (gold at national valuation)","US dollar","Quarterly","1994-Q2","92471.55903759844","Millions"
"Germany","Total reserves (gold at national valuation)","US dollar","Quarterly","1994-Q3","93841.67987510417","Millions"
"Germany","Total reserves (gold at national valuation)","US dollar","Quarterly","1994-Q4","86201.01698652149","Millions"
"Germany","Total reserves (gold at national valuation)","US dollar","Quarterly","1995-Q1","91943.06722024036","Millions"
"Germany","Total reserves (gold at national valuation)","US dollar","Quarterly","1995-Q2","92702.28805410565","Millions"
"Germany","Total reserves (gold at national valuation)","US dollar","Quarterly","1995-Q3","93012.32522859389","Millions"
"Germany","Total reserves (gold at national valuation)","US dollar","Quarterly","1995-Q4","94553.87431576484","Millions"
"Germany","Total reserves (gold at national valuation)","US dollar","Quarterly","1996-Q1","94585.36076922687","Millions"
"Germany","Total reserves (gold at national valuation)","US dollar","Quarterly","1996-Q2","94015.90035417488","Millions"
"Germany","Total reserves (gold at national valuation)","US dollar","Quarterly","1996-Q3","93948.53775351833","Millions"
"Germany","Total reserves (gold at national valuation)","US dollar","Quarterly","1996-Q4","91981.6186740215","Millions"
"Germany","Total reserves (gold at national valuation)","US dollar","Quarterly","1997-Q1","88323.5171682063","Millions"
"Germany","Total reserves (gold at national valuation)","US dollar","Quarterly","1997-Q2","88619.71718440999","Millions"
"Germany","Total reserves (gold at national valuation)","US dollar","Quarterly","1997-Q3","84948.31773506891","Millions"
"Germany","Total reserves (gold at national valuation)","US dollar","Quarterly","1997-Q4","85224.66506430639","Millions"
"Germany","Total reserves (gold at national valuation)","US dollar","Quarterly","1998-Q1","85488.13772066452","Millions"
"Germany","Total reserves (gold at national valuation)","US dollar","Quarterly","1998-Q2","87346.52205822481","Millions"
"Germany","Total reserves (gold at national valuation)","US dollar","Quarterly","1998-Q3","90016.66067504606","Millions"
"Germany","Total reserves (gold at national valuation)","US dollar","Quarterly","1998-Q4","84250.66058346765","Millions"
"Germany","Total reserves (gold at national valuation)","US dollar","Quarterly","1999-Q1","92319.71026107218","Millions"
"Germany","Total reserves (gold at national valuation)","US dollar","Quarterly","1999-Q2","89855.52486460924","Millions"
"Germany","Total reserves (gold at national valuation)","US dollar","Quarterly","1999-Q3","94780.63668003014","Millions"
"Germany","Total reserves (gold at national valuation)","US dollar","Quarterly","1999-Q4","93407.19374200889","Millions"
"Germany","Total reserves (gold at national valuation)","US dollar","Quarterly","2000-Q1","92584.24730926919","Millions"
"Germany","Total reserves (gold at national valuation)","US dollar","Quarterly","2000-Q2","91652.73280865273","Millions"
"Germany","Total reserves (gold at national valuation)","US dollar","Quarterly","2000-Q3","88268.28564141491","Millions"
"Germany","Total reserves (gold at national valuation)","US dollar","Quarterly","2000-Q4","87496.87048527063","Millions"
"Germany","Total reserves (gold at national valuation)","US dollar","Quarterly","2001-Q1","82149.85494548189","Millions"
"Germany","Total reserves (gold at national valuation)","US dollar","Quarterly","2001-Q2","81328.88401521559","Millions"
"Germany","Total reserves (gold at national valuation)","US dollar","Quarterly","2001-Q3","86590.64274187602","Millions"
"Germany","Total reserves (gold at national valuation)","US dollar","Quarterly","2001-Q4","82131.88755394135","Millions"
"Germany","Total reserves (gold at national valuation)","US dollar","Quarterly","2002-Q1","85429.24190008491","Millions"
"Germany","Total reserves (gold at national valuation)","US dollar","Quarterly","2002-Q2","86372.83435691582","Millions"
"Germany","Total reserves (gold at national valuation)","US dollar","Quarterly","2002-Q3","87826.12808996565","Millions"
"Germany","Total reserves (gold at national valuation)","US dollar","Quarterly","2002-Q4","89142.54119742452","Millions"
"Germany","Total reserves (gold at national valuation)","US dollar","Quarterly","2003-Q1","89862.76007459398","Millions"
"Germany","Total reserves (gold at national valuation)","US dollar","Quarterly","2003-Q2","89710.93437587834","Millions"
"Germany","Total reserves (gold at national valuation)","US dollar","Quarterly","2003-Q3","95024.292450502","Millions"
"Germany","Total reserves (gold at national valuation)","US dollar","Quarterly","2003-Q4","96835.20840849915","Millions"
"Germany","Total reserves (gold at national valuation)","US dollar","Quarterly","2004-Q1","97523.56925353176","Millions"
"Germany","Total reserves (gold at national valuation)","US dollar","Quarterly","2004-Q2","93817.32207004875","Millions"
"Germany","Total reserves (gold at national valuation)","US dollar","Quarterly","2004-Q3","94311.10591368192","Millions"
"Germany","Total reserves (gold at national valuation)","US dollar","Quarterly","2004-Q4","97169.96844054467","Millions"
"Germany","Total reserves (gold at national valuation)","US dollar","Quarterly","2005-Q1","95689.92933103688","Millions"
"Germany","Total reserves (gold at national valuation)","US dollar","Quarterly","2005-Q2","95189.07143215969","Millions"
"Germany","Total reserves (gold at national valuation)","US dollar","Quarterly","2005-Q3","99722.30108312678","Millions"
"Germany","Total reserves (gold at national valuation)","US dollar","Quarterly","2005-Q4","101675.9198318326","Millions"
"Germany","Total reserves (gold at national valuation)","US dollar","Quarterly","2006-Q1","107692.7705680836","Millions"
"Germany","Total reserves (gold at national valuation)","US dollar","Quarterly","2006-Q2","110652.5730164624","Millions"
"Germany","Total reserves (gold at national valuation)","US dollar","Quarterly","2006-Q3","108416.8671642024","Millions"
"Germany","Total reserves (gold at national valuation)","US dollar","Quarterly","2006-Q4","111637.0616183393","Millions"
"Germany","Total reserves (gold at national valuation)","US dollar","Quarterly","2007-Q1","114500.326083921","Millions"
"Germany","Total reserves (gold at national valuation)","US dollar","Quarterly","2007-Q2","114803.3915881713","Millions"
"Germany","Total reserves (gold at national valuation)","US dollar","Quarterly","2007-Q3","126190.9066991929","Millions"
"Germany","Total reserves (gold at national valuation)","US dollar","Quarterly","2007-Q4","136234.4422071516","Millions"
"Germany","Total reserves (gold at national valuation)","US dollar","Quarterly","2008-Q1","149964.8396325663","Millions"
"Germany","Total reserves (gold at national valuation)","US dollar","Quarterly","2008-Q2","149834.7184551662","Millions"
"Germany","Total reserves (gold at national valuation)","US dollar","Quarterly","2008-Q3","141567.8699204726","Millions"
"Germany","Total reserves (gold at national valuation)","US dollar","Quarterly","2008-Q4","138043.2656621989","Millions"
"Germany","Total reserves (gold at national valuation)","US dollar","Quarterly","2009-Q1","143258.3620542592","Millions"
"Germany","Total reserves (gold at national valuation)","US dollar","Quarterly","2009-Q2","147253.5234917763","Millions"
"Germany","Total reserves (gold at national valuation)","US dollar","Quarterly","2009-Q3","170421.854101552","Millions"
"Germany","Total reserves (gold at national valuation)","US dollar","Quarterly","2009-Q4","180847.5446065489","Millions"
"Germany","Total reserves (gold at national valuation)","US dollar","Quarterly","2010-Q1","182386.9086795996","Millions"
"Germany","Total reserves (gold at national valuation)","US dollar","Quarterly","2010-Q2","197502.5056695554","Millions"
"Germany","Total reserves (gold at national valuation)","US dollar","Quarterly","2010-Q3","205323.9077018718","Millions"
"Germany","Total reserves (gold at national valuation)","US dollar","Quarterly","2010-Q4","216497.323889943","Millions"
"Germany","Total reserves (gold at national valuation)","US dollar","Quarterly","2011-Q1","222103.2599341476","Millions"
"Germany","Total reserves (gold at national valuation)","US dollar","Quarterly","2011-Q2","230621.9759282199","Millions"
"Germany","Total reserves (gold at national valuation)","US dollar","Quarterly","2011-Q3","244002.0699216408","Millions"
"Germany","Total reserves (gold at national valuation)","US dollar","Quarterly","2011-Q4","238854.0208874097","Millions"
"Germany","Total reserves (gold at national valuation)","US dollar","Quarterly","2012-Q1","249429.8663093834","Millions"
"Germany","Total reserves (gold at national valuation)","US dollar","Quarterly","2012-Q2","242681.6521252705","Millions"
"Germany","Total reserves (gold at national valuation)","US dollar","Quarterly","2012-Q3","262359.3668243462","Millions"
"Germany","Total reserves (gold at national valuation)","US dollar","Quarterly","2012-Q4","248856.4802857564","Millions"
"Germany","Total reserves (gold at national valuation)","US dollar","Quarterly","2013-Q1","240866.5046586989","Millions"
"Germany","Total reserves (gold at national valuation)","US dollar","Quarterly","2013-Q2","196032.4805639964","Millions"
"Germany","Total reserves (gold at national valuation)","US dollar","Quarterly","2013-Q3","210271.4523657639","Millions"
"Germany","Total reserves (gold at national valuation)","US dollar","Quarterly","2013-Q4","198208.4656636072","Millions"
"Germany","Total reserves (gold at national valuation)","US dollar","Quarterly","2014-Q1","207432.2426590209","Millions"
"Germany","Total reserves (gold at national valuation)","US dollar","Quarterly","2014-Q2","209200.708456796","Millions"
"Germany","Total reserves (gold at national valuation)","US dollar","Quarterly","2014-Q3","197469.7842719225","Millions"
"Germany","Total reserves (gold at national valuation)","US dollar","Quarterly","2014-Q4","192750.3250979195","Millions"
"Germany","Total reserves (gold at national valuation)","US dollar","Quarterly","2015-Q1","190363.0526608052","Millions"
"Germany","Total reserves (gold at national valuation)","US dollar","Quarterly","2015-Q2","188304.6328479412","Millions"
"Germany","Total reserves (gold at national valuation)","US dollar","Quarterly","2015-Q3","181413.5105037055","Millions"
"Germany","Total reserves (gold at national valuation)","US dollar","Quarterly","2015-Q4","173682.0209057899","Millions"
"Germany","Total reserves (gold at national valuation)","US dollar","Quarterly","2016-Q1","194983.1576755031","Millions"
"Germany","Total reserves (gold at national valuation)","US dollar","Quarterly","2016-Q2","205013.5217966517","Millions"
"Germany","Total reserves (gold at national valuation)","US dollar","Quarterly","2016-Q3","205141.9717381499","Millions"
"Germany","Total reserves (gold at national valuation)","US dollar","Quarterly","2016-Q4","185285.7474965109","Millions"
"Germany","Total reserves (gold at national valuation)","US dollar","Quarterly","2017-Q1","194452.5944254214","Millions"
"Germany","Total reserves (gold at national valuation)","US dollar","Quarterly","2017-Q2","195474.9093413589","Millions"
"Germany","Total reserves (gold at national valuation)","US dollar","Quarterly","2017-Q3","200633.2401999578","Millions"
"Germany","Total reserves (gold at national valuation)","US dollar","Quarterly","2017-Q4","200091.523465887","Millions"
"Germany","Total reserves (gold at national valuation)","US dollar","Quarterly","2018-Q1","204317.2126344366","Millions"
"Germany","Total reserves (gold at national valuation)","US dollar","Quarterly","2018-Q2","194764.4259934579","Millions"
"Germany","Total reserves (gold at national valuation)","US dollar","Quarterly","2018-Q3","186464.7277135526","Millions"
"Germany","Total reserves (gold at national valuation)","US dollar","Quarterly","2018-Q4","198227.5280527032","Millions"
"Germany","Total reserves (gold at national valuation)","US dollar","Quarterly","2019-Q1","200077.7561512603","Millions"
"Germany","Total reserves (gold at national valuation)","US dollar","Quarterly","2019-Q2","213263.0611779272","Millions"
"Germany","Total reserves (gold at national valuation)","US dollar","Quarterly","2019-Q3","220292.6663315711","Millions"
"Germany","Total reserves (gold at national valuation)","US dollar","Quarterly","2019-Q4","223833.1831475455","Millions"
"Germany","Total reserves (gold at national valuation)","US dollar","Quarterly","2020-Q1","234147.5875459755","Millions"
"Germany","Total reserves (gold at national valuation)","US dollar","Quarterly","2020-Q2","253233.073861186","Millions"
"Germany","Total reserves (gold at national valuation)","US dollar","Quarterly","2020-Q3","265947.0406061225","Millions"
"Germany","Total reserves (gold at national valuation)","US dollar","Quarterly","2020-Q4","268776.1698458569","Millions"
"Germany","Total reserves (gold at national valuation)","US dollar","Quarterly","2021-Q1","245530.9188632953","Millions"
"Germany","Total reserves (gold at national valuation)","US dollar","Quarterly","2021-Q2","253846.6580309106","Millions"
"Germany","Total reserves (gold at national valuation)","US dollar","Quarterly","2021-Q3","285869.4096649885","Millions"
"Germany","Total reserves (gold at national valuation)","US dollar","Quarterly","2021-Q4","296038.6619591056","Millions"
"Germany","Total reserves (gold at national valuation)","US dollar","Quarterly","2022-Q1","308357.8752222382","Millions"
"Germany","Total reserves (gold at national valuation)","US dollar","Quarterly","2022-Q2","292062.9690314375","Millions"
"Germany","Total reserves (gold at national valuation)","US dollar","Quarterly","2022-Q3","274209.7060155939","Millions"
"Germany","Total reserves (gold at national valuation)","US dollar","Quarterly","2022-Q4","294706.4983490416","Millions"
"Germany","Total reserves (gold at national valuation)","US dollar","Quarterly","2023-Q1","313325.8021523543","Millions"
"Germany","Total reserves (gold at national valuation)","US dollar","Quarterly","2023-Q2","305111.7172612145","Millions"
"Germany","Total reserves (gold at national valuation)","US dollar","Quarterly","2023-Q3","299311.8057665597","Millions"
"Germany","Total reserves (gold at national valuation)","US dollar","Quarterly","2023-Q4","322867.1358570671","Millions"
"Germany","Total reserves (gold at national valuation)","US dollar","Quarterly","2024-Q1","338049.7726488529","Millions"
"Germany","Total reserves (gold at national valuation)","US dollar","Quarterly","2024-Q2","351370.8623360259","Millions"
"Germany","Total reserves (gold at national valuation)","US dollar","Quarterly","2024-Q3","386640.7922106282","Millions"
"Germany","Total reserves (gold at national valuation)","US dollar","Quarterly","2024-Q4","377897.5708562426","Millions"
"Germany","Total reserves (gold at national valuation)","US dollar","Quarterly","2025-Q1","435496.3331836337","Millions"
"Germany","Total reserves (gold at national valuation)","US dollar","Quarterly","2025-Q2","456276.9928263259","Millions"
"Germany","Total reserves (gold at national valuation)","US dollar","Quarterly","2025-Q3","511553.7591159418","Millions"
"Germany","Total reserves (gold at national valuation)","US dollar","Quarterly","2025-Q4","566105.7489331573","Millions"
"Germany","Total reserves (gold at national valuation)","US dollar","Annual","1950","190","Millions"
"Germany","Total reserves (gold at national valuation)","US dollar","Annual","1951","455.5714285782313","Millions"
"Germany","Total reserves (gold at national valuation)","US dollar","Annual","1952","960.476190509637","Millions"
"Germany","Total reserves (gold at national valuation)","US dollar","Annual","1953","1774.600476268141","Millions"
"Germany","Total reserves (gold at national valuation)","US dollar","Annual","1954","2577.720296353688","Millions"
"Germany","Total reserves (gold at national valuation)","US dollar","Annual","1955","3011.233535992535","Millions"
"Germany","Total reserves (gold at national valuation)","US dollar","Annual","1956","4203.24667448572","Millions"
"Germany","Total reserves (gold at national valuation)","US dollar","Annual","1957","5193.95831914212","Millions"
"Germany","Total reserves (gold at national valuation)","US dollar","Annual","1958","5894.70778639251","Millions"
"Germany","Total reserves (gold at national valuation)","US dollar","Annual","1959","4811.47434116477","Millions"
"Germany","Total reserves (gold at national valuation)","US dollar","Annual","1960","7053.73822895998","Millions"
"Germany","Total reserves (gold at national valuation)","US dollar","Annual","1961","7166.98749497453","Millions"
"Germany","Total reserves (gold at national valuation)","US dollar","Annual","1962","6960.27092138115","Millions"
"Germany","Total reserves (gold at national valuation)","US dollar","Annual","1963","7673.53212816122","Millions"
"Germany","Total reserves (gold at national valuation)","US dollar","Annual","1964","7905.57437120243","Millions"
"Germany","Total reserves (gold at national valuation)","US dollar","Annual","1965","7424.0546326153","Millions"
"Germany","Total reserves (gold at national valuation)","US dollar","Annual","1966","8054.13897023534","Millions"
"Germany","Total reserves (gold at national valuation)","US dollar","Annual","1967","8153.28714034222","Millions"
"Germany","Total reserves (gold at national valuation)","US dollar","Annual","1968","9949.87757208165","Millions"
"Germany","Total reserves (gold at national valuation)","US dollar","Annual","1969","7033.71780183307","Millions"
"Germany","Total reserves (gold at national valuation)","US dollar","Annual","1970","13623.71929934045","Millions"
"Germany","Total reserves (gold at national valuation)","US dollar","Annual","1971","18725.4845851935","Millions"
"Germany","Total reserves (gold at national valuation)","US dollar","Annual","1972","23689.34337793427","Millions"
"Germany","Total reserves (gold at national valuation)","US dollar","Annual","1973","33385.34160197784","Millions"
"Germany","Total reserves (gold at national valuation)","US dollar","Annual","1974","33169.09084688234","Millions"
"Germany","Total reserves (gold at national valuation)","US dollar","Annual","1975","31554.57769310189","Millions"
"Germany","Total reserves (gold at national valuation)","US dollar","Annual","1976","35944.77410552973","Millions"
"Germany","Total reserves (gold at national valuation)","US dollar","Annual","1977","41392.15971346947","Millions"
"Germany","Total reserves (gold at national valuation)","US dollar","Annual","1978","57817.58025475782","Millions"
"Germany","Total reserves (gold at national valuation)","US dollar","Annual","1979","60455.85959878486","Millions"
"Germany","Total reserves (gold at national valuation)","US dollar","Annual","1980","55580.19317834897","Millions"
"Germany","Total reserves (gold at national valuation)","US dollar","Annual","1981","49790.29830026915","Millions"
"Germany","Total reserves (gold at national valuation)","US dollar","Annual","1982","50522.14508884832","Millions"
"Germany","Total reserves (gold at national valuation)","US dollar","Annual","1983","47700.28728283378","Millions"
"Germany","Total reserves (gold at national valuation)","US dollar","Annual","1984","44489.33074997698","Millions"
"Germany","Total reserves (gold at national valuation)","US dollar","Annual","1985","49941.94535317078","Millions"
"Germany","Total reserves (gold at national valuation)","US dollar","Annual","1986","58787.82155841128","Millions"
"Germany","Total reserves (gold at national valuation)","US dollar","Annual","1987","87412.65092487664","Millions"
"Germany","Total reserves (gold at national valuation)","US dollar","Annual","1988","66217.27861899379","Millions"
"Germany","Total reserves (gold at national valuation)","US dollar","Annual","1989","68770.87461785947","Millions"
"Germany","Total reserves (gold at national valuation)","US dollar","Annual","1990","77064.20767426641","Millions"
"Germany","Total reserves (gold at national valuation)","US dollar","Annual","1991","72029.8670286827","Millions"
"Germany","Total reserves (gold at national valuation)","US dollar","Annual","1992","99447.87336101985","Millions"
"Germany","Total reserves (gold at national valuation)","US dollar","Annual","1993","85568.99139726228","Millions"
"Germany","Total reserves (gold at national valuation)","US dollar","Annual","1994","86201.01698652149","Millions"
"Germany","Total reserves (gold at national valuation)","US dollar","Annual","1995","94553.87431576484","Millions"
"Germany","Total reserves (gold at national valuation)","US dollar","Annual","1996","91981.6186740215","Millions"
"Germany","Total reserves (gold at national valuation)","US dollar","Annual","1997","85224.66506430639","Millions"
"Germany","Total reserves (gold at national valuation)","US dollar","Annual","1998","84250.66058346765","Millions"
"Germany","Total reserves (gold at national valuation)","US dollar","Annual","1999","93407.19374200889","Millions"
"Germany","Total reserves (gold at national valuation)","US dollar","Annual","2000","87496.87048527063","Millions"
"Germany","Total reserves (gold at national valuation)","US dollar","Annual","2001","82131.88755394135","Millions"
"Germany","Total reserves (gold at national valuation)","US dollar","Annual","2002","89142.54119742452","Millions"
"Germany","Total reserves (gold at national valuation)","US dollar","Annual","2003","96835.20840849915","Millions"
"Germany","Total reserves (gold at national valuation)","US dollar","Annual","2004","97169.96844054467","Millions"
"Germany","Total reserves (gold at national valuation)","US dollar","Annual","2005","101675.9198318326","Millions"
"Germany","Total reserves (gold at national valuation)","US dollar","Annual","2006","111637.0616183393","Millions"
"Germany","Total reserves (gold at national valuation)","US dollar","Annual","2007","136234.4422071516","Millions"
"Germany","Total reserves (gold at national valuation)","US dollar","Annual","2008","138043.2656621989","Millions"
"Germany","Total reserves (gold at national valuation)","US dollar","Annual","2009","180847.5446065489","Millions"
"Germany","Total reserves (gold at national valuation)","US dollar","Annual","2010","216497.323889943","Millions"
"Germany","Total reserves (gold at national valuation)","US dollar","Annual","2011","238854.0208874097","Millions"
"Germany","Total reserves (gold at national valuation)","US dollar","Annual","2012","248856.4802857564","Millions"
"Germany","Total reserves (gold at national valuation)","US dollar","Annual","2013","198208.4656636072","Millions"
"Germany","Total reserves (gold at national valuation)","US dollar","Annual","2014","192750.3250979195","Millions"
"Germany","Total reserves (gold at national valuation)","US dollar","Annual","2015","173682.0209057899","Millions"
"Germany","Total reserves (gold at national valuation)","US dollar","Annual","2016","185285.7474965109","Millions"
"Germany","Total reserves (gold at national valuation)","US dollar","Annual","2017","200091.523465887","Millions"
"Germany","Total reserves (gold at national valuation)","US dollar","Annual","2018","198227.5280527032","Millions"
"Germany","Total reserves (gold at national valuation)","US dollar","Annual","2019","223833.1831475455","Millions"
"Germany","Total reserves (gold at national valuation)","US dollar","Annual","2020","268776.1698458569","Millions"
"Germany","Total reserves (gold at national valuation)","US dollar","Annual","2021","296038.6619591056","Millions"
"Germany","Total reserves (gold at national valuation)","US dollar","Annual","2022","294706.4983490416","Millions"
"Germany","Total reserves (gold at national valuation)","US dollar","Annual","2023","322867.1358570671","Millions"
"Germany","Total reserves (gold at national valuation)","US dollar","Annual","2024","377897.5708562426","Millions"
"Germany","Total reserves (gold at national valuation)","US dollar","Annual","2025","566105.7489331573","Millions"
