"COUNTRY","INDICATOR","UNIT","FREQUENCY","TIME_PERIOD","OBS_VALUE","SCALE"
"United Kingdom","Total reserves (gold at national valuation)","US dollar","Monthly","1950-M12","3442.26000286174","Millions"
"United Kingdom","Total reserves (gold at national valuation)","US dollar","Monthly","1951-M12","2375.075002171925","Millions"
"United Kingdom","Total reserves (gold at national valuation)","US dollar","Monthly","1952-M12","1956.47000148253","Millions"
"United Kingdom","Total reserves (gold at national valuation)","US dollar","Monthly","1953-M12","2669.62000238783","Millions"
"United Kingdom","Total reserves (gold at national valuation)","US dollar","Monthly","1954-M12","3033.675002773775","Millions"
"United Kingdom","Total reserves (gold at national valuation)","US dollar","Monthly","1955-M12","2392.06000224841","Millions"
"United Kingdom","Total reserves (gold at national valuation)","US dollar","Monthly","1956-M12","2276.04000177296","Millions"
"United Kingdom","Total reserves (gold at national valuation)","US dollar","Monthly","1957-M01","2187.47000001562","Millions"
"United Kingdom","Total reserves (gold at national valuation)","US dollar","Monthly","1957-M02","2251.37500001562","Millions"
"United Kingdom","Total reserves (gold at national valuation)","US dollar","Monthly","1957-M03","2313.20500001562","Millions"
"United Kingdom","Total reserves (gold at national valuation)","US dollar","Monthly","1957-M04","2318.99000001562","Millions"
"United Kingdom","Total reserves (gold at national valuation)","US dollar","Monthly","1957-M05","2346.75000001562","Millions"
"United Kingdom","Total reserves (gold at national valuation)","US dollar","Monthly","1957-M06","2380.01000001562","Millions"
"United Kingdom","Total reserves (gold at national valuation)","US dollar","Monthly","1957-M07","2368.57500001562","Millions"
"United Kingdom","Total reserves (gold at national valuation)","US dollar","Monthly","1957-M08","2141.67500001562","Millions"
"United Kingdom","Total reserves (gold at national valuation)","US dollar","Monthly","1957-M09","1851.09500001562","Millions"
"United Kingdom","Total reserves (gold at national valuation)","US dollar","Monthly","1957-M10","2091.47000001562","Millions"
"United Kingdom","Total reserves (gold at national valuation)","US dollar","Monthly","1957-M11","2187.33000001562","Millions"
"United Kingdom","Total reserves (gold at national valuation)","US dollar","Monthly","1957-M12","2274.16000001562","Millions"
"United Kingdom","Total reserves (gold at national valuation)","US dollar","Monthly","1958-M01","2404.77500001562","Millions"
"United Kingdom","Total reserves (gold at national valuation)","US dollar","Monthly","1958-M02","2539.83500001562","Millions"
"United Kingdom","Total reserves (gold at national valuation)","US dollar","Monthly","1958-M03","2769.48500001562","Millions"
"United Kingdom","Total reserves (gold at national valuation)","US dollar","Monthly","1958-M04","2915.06500001562","Millions"
"United Kingdom","Total reserves (gold at national valuation)","US dollar","Monthly","1958-M05","3038.36500001562","Millions"
"United Kingdom","Total reserves (gold at national valuation)","US dollar","Monthly","1958-M06","3077.41500001562","Millions"
"United Kingdom","Total reserves (gold at national valuation)","US dollar","Monthly","1958-M07","3083.29000001562","Millions"
"United Kingdom","Total reserves (gold at national valuation)","US dollar","Monthly","1958-M08","3088.40500001562","Millions"
"United Kingdom","Total reserves (gold at national valuation)","US dollar","Monthly","1958-M09","3118.62000001562","Millions"
"United Kingdom","Total reserves (gold at national valuation)","US dollar","Monthly","1958-M10","3174.75500001562","Millions"
"United Kingdom","Total reserves (gold at national valuation)","US dollar","Monthly","1958-M11","3214.08000001562","Millions"
"United Kingdom","Total reserves (gold at national valuation)","US dollar","Monthly","1958-M12","3067.79000001562","Millions"
"United Kingdom","Total reserves (gold at national valuation)","US dollar","Monthly","1959-M01","3111.09500001562","Millions"
"United Kingdom","Total reserves (gold at national valuation)","US dollar","Monthly","1959-M02","3155.16500001562","Millions"
"United Kingdom","Total reserves (gold at national valuation)","US dollar","Monthly","1959-M03","3139.30500001562","Millions"
"United Kingdom","Total reserves (gold at national valuation)","US dollar","Monthly","1959-M04","3250.57500001562","Millions"
"United Kingdom","Total reserves (gold at national valuation)","US dollar","Monthly","1959-M05","3119.23000001562","Millions"
"United Kingdom","Total reserves (gold at national valuation)","US dollar","Monthly","1959-M06","3171.75500001562","Millions"
"United Kingdom","Total reserves (gold at national valuation)","US dollar","Monthly","1959-M07","3220.18000001562","Millions"
"United Kingdom","Total reserves (gold at national valuation)","US dollar","Monthly","1959-M08","3248.34000001562","Millions"
"United Kingdom","Total reserves (gold at national valuation)","US dollar","Monthly","1959-M09","3339.83500007169","Millions"
"United Kingdom","Total reserves (gold at national valuation)","US dollar","Monthly","1959-M10","3080.37000007169","Millions"
"United Kingdom","Total reserves (gold at national valuation)","US dollar","Monthly","1959-M11","3031.26500007305","Millions"
"United Kingdom","Total reserves (gold at national valuation)","US dollar","Monthly","1959-M12","2799.91500008076","Millions"
"United Kingdom","Total reserves (gold at national valuation)","US dollar","Monthly","1960-M01","2763.97000009477","Millions"
"United Kingdom","Total reserves (gold at national valuation)","US dollar","Monthly","1960-M02","2814.70000010877","Millions"
"United Kingdom","Total reserves (gold at national valuation)","US dollar","Monthly","1960-M03","2968.79500012277","Millions"
"United Kingdom","Total reserves (gold at national valuation)","US dollar","Monthly","1960-M04","2945.75500013678","Millions"
"United Kingdom","Total reserves (gold at national valuation)","US dollar","Monthly","1960-M05","2994.00500015978","Millions"
"United Kingdom","Total reserves (gold at national valuation)","US dollar","Monthly","1960-M06","3050.22500017378","Millions"
"United Kingdom","Total reserves (gold at national valuation)","US dollar","Monthly","1960-M07","3186.23500020528","Millions"
"United Kingdom","Total reserves (gold at national valuation)","US dollar","Monthly","1960-M08","3331.06000027548","Millions"
"United Kingdom","Total reserves (gold at national valuation)","US dollar","Monthly","1960-M09","3423.54000033148","Millions"
"United Kingdom","Total reserves (gold at national valuation)","US dollar","Monthly","1960-M10","3537.71500041465","Millions"
"United Kingdom","Total reserves (gold at national valuation)","US dollar","Monthly","1960-M11","3572.98500042215","Millions"
"United Kingdom","Total reserves (gold at national valuation)","US dollar","Monthly","1960-M12","3719.02000050312","Millions"
"United Kingdom","Total reserves (gold at national valuation)","US dollar","Monthly","1961-M01","3744.36500051437","Millions"
"United Kingdom","Total reserves (gold at national valuation)","US dollar","Monthly","1961-M02","3695.86000051662","Millions"
"United Kingdom","Total reserves (gold at national valuation)","US dollar","Monthly","1961-M03","3522.68000051662","Millions"
"United Kingdom","Total reserves (gold at national valuation)","US dollar","Monthly","1961-M04","3480.30500054665","Millions"
"United Kingdom","Total reserves (gold at national valuation)","US dollar","Monthly","1961-M05","3434.43000054665","Millions"
"United Kingdom","Total reserves (gold at national valuation)","US dollar","Monthly","1961-M06","3303.31000054665","Millions"
"United Kingdom","Total reserves (gold at national valuation)","US dollar","Monthly","1961-M07","2983.78500054665","Millions"
"United Kingdom","Total reserves (gold at national valuation)","US dollar","Monthly","1961-M08","3485.56000001562","Millions"
"United Kingdom","Total reserves (gold at national valuation)","US dollar","Monthly","1961-M09","3553.17000001562","Millions"
"United Kingdom","Total reserves (gold at national valuation)","US dollar","Monthly","1961-M10","3530.99500001562","Millions"
"United Kingdom","Total reserves (gold at national valuation)","US dollar","Monthly","1961-M11","3555.93500001562","Millions"
"United Kingdom","Total reserves (gold at national valuation)","US dollar","Monthly","1961-M12","3318.26000001562","Millions"
"United Kingdom","Total reserves (gold at national valuation)","US dollar","Monthly","1962-M01","3410.35500001562","Millions"
"United Kingdom","Total reserves (gold at national valuation)","US dollar","Monthly","1962-M02","3423.76000001562","Millions"
"United Kingdom","Total reserves (gold at national valuation)","US dollar","Monthly","1962-M03","3452.34500001562","Millions"
"United Kingdom","Total reserves (gold at national valuation)","US dollar","Monthly","1962-M04","3472.08500001562","Millions"
"United Kingdom","Total reserves (gold at national valuation)","US dollar","Monthly","1962-M05","3524.79000001562","Millions"
"United Kingdom","Total reserves (gold at national valuation)","US dollar","Monthly","1962-M06","3432.68500001562","Millions"
"United Kingdom","Total reserves (gold at national valuation)","US dollar","Monthly","1962-M07","3401.80500050299","Millions"
"United Kingdom","Total reserves (gold at national valuation)","US dollar","Monthly","1962-M08","3343.19500051013","Millions"
"United Kingdom","Total reserves (gold at national valuation)","US dollar","Monthly","1962-M09","3288.96000051351","Millions"
"United Kingdom","Total reserves (gold at national valuation)","US dollar","Monthly","1962-M10","3321.88000051552","Millions"
"United Kingdom","Total reserves (gold at national valuation)","US dollar","Monthly","1962-M11","3385.89500051802","Millions"
"United Kingdom","Total reserves (gold at national valuation)","US dollar","Monthly","1962-M12","3308.13500051803","Millions"
"United Kingdom","Total reserves (gold at national valuation)","US dollar","Monthly","1963-M01","3367.19000051802","Millions"
"United Kingdom","Total reserves (gold at national valuation)","US dollar","Monthly","1963-M02","3298.75500051802","Millions"
"United Kingdom","Total reserves (gold at national valuation)","US dollar","Monthly","1963-M03","3315.62500051804","Millions"
"United Kingdom","Total reserves (gold at national valuation)","US dollar","Monthly","1963-M04","3341.87000051013","Millions"
"United Kingdom","Total reserves (gold at national valuation)","US dollar","Monthly","1963-M05","3424.14500051013","Millions"
"United Kingdom","Total reserves (gold at national valuation)","US dollar","Monthly","1963-M06","3208.11500051013","Millions"
"United Kingdom","Total reserves (gold at national valuation)","US dollar","Monthly","1963-M07","3227.25500050999","Millions"
"United Kingdom","Total reserves (gold at national valuation)","US dollar","Monthly","1963-M08","3201.62500050505","Millions"
"United Kingdom","Total reserves (gold at national valuation)","US dollar","Monthly","1963-M09","3224.96500050505","Millions"
"United Kingdom","Total reserves (gold at national valuation)","US dollar","Monthly","1963-M10","3244.10500050505","Millions"
"United Kingdom","Total reserves (gold at national valuation)","US dollar","Monthly","1963-M11","3261.09500050505","Millions"
"United Kingdom","Total reserves (gold at national valuation)","US dollar","Monthly","1963-M12","3148.38500050507","Millions"
"United Kingdom","Total reserves (gold at national valuation)","US dollar","Monthly","1964-M01","3163.4600005047","Millions"
"United Kingdom","Total reserves (gold at national valuation)","US dollar","Monthly","1964-M02","3118.33000050766","Millions"
"United Kingdom","Total reserves (gold at national valuation)","US dollar","Monthly","1964-M03","3149.67000050516","Millions"
"United Kingdom","Total reserves (gold at national valuation)","US dollar","Monthly","1964-M04","3202.54500050516","Millions"
"United Kingdom","Total reserves (gold at national valuation)","US dollar","Monthly","1964-M05","3249.82000050495","Millions"
"United Kingdom","Total reserves (gold at national valuation)","US dollar","Monthly","1964-M06","3196.18500050683","Millions"
"United Kingdom","Total reserves (gold at national valuation)","US dollar","Monthly","1964-M07","3167.75000050659","Millions"
"United Kingdom","Total reserves (gold at national valuation)","US dollar","Monthly","1964-M08","3074.88500050617","Millions"
"United Kingdom","Total reserves (gold at national valuation)","US dollar","Monthly","1964-M09","3029.36500050467","Millions"
"United Kingdom","Total reserves (gold at national valuation)","US dollar","Monthly","1964-M10","2927.07500050467","Millions"
"United Kingdom","Total reserves (gold at national valuation)","US dollar","Monthly","1964-M11","2832.9300005047","Millions"
"United Kingdom","Total reserves (gold at national valuation)","US dollar","Monthly","1964-M12","2315.18000001562","Millions"
"United Kingdom","Total reserves (gold at national valuation)","US dollar","Monthly","1965-M01","2299.31000001562","Millions"
"United Kingdom","Total reserves (gold at national valuation)","US dollar","Monthly","1965-M02","2364.26000001562","Millions"
"United Kingdom","Total reserves (gold at national valuation)","US dollar","Monthly","1965-M03","2328.90500001562","Millions"
"United Kingdom","Total reserves (gold at national valuation)","US dollar","Monthly","1965-M04","2351.76500001562","Millions"
"United Kingdom","Total reserves (gold at national valuation)","US dollar","Monthly","1965-M05","2857.63500001562","Millions"
"United Kingdom","Total reserves (gold at national valuation)","US dollar","Monthly","1965-M06","2791.73500001562","Millions"
"United Kingdom","Total reserves (gold at national valuation)","US dollar","Monthly","1965-M07","2652.49000001562","Millions"
"United Kingdom","Total reserves (gold at national valuation)","US dollar","Monthly","1965-M08","2584.69500001562","Millions"
"United Kingdom","Total reserves (gold at national valuation)","US dollar","Monthly","1965-M09","2754.96000001562","Millions"
"United Kingdom","Total reserves (gold at national valuation)","US dollar","Monthly","1965-M10","2873.03000001562","Millions"
"United Kingdom","Total reserves (gold at national valuation)","US dollar","Monthly","1965-M11","2987.70000001562","Millions"
"United Kingdom","Total reserves (gold at national valuation)","US dollar","Monthly","1965-M12","3004.43000001562","Millions"
"United Kingdom","Total reserves (gold at national valuation)","US dollar","Monthly","1966-M01","3018.64000001562","Millions"
"United Kingdom","Total reserves (gold at national valuation)","US dollar","Monthly","1966-M02","3649.00500001562","Millions"
"United Kingdom","Total reserves (gold at national valuation)","US dollar","Monthly","1966-M03","3573.35000001562","Millions"
"United Kingdom","Total reserves (gold at national valuation)","US dollar","Monthly","1966-M04","3519.00500001562","Millions"
"United Kingdom","Total reserves (gold at national valuation)","US dollar","Monthly","1966-M05","3414.14000001562","Millions"
"United Kingdom","Total reserves (gold at national valuation)","US dollar","Monthly","1966-M06","3276.02500001562","Millions"
"United Kingdom","Total reserves (gold at national valuation)","US dollar","Monthly","1966-M07","3205.90500001562","Millions"
"United Kingdom","Total reserves (gold at national valuation)","US dollar","Monthly","1966-M08","3152.94000001562","Millions"
"United Kingdom","Total reserves (gold at national valuation)","US dollar","Monthly","1966-M09","3160.84500001562","Millions"
"United Kingdom","Total reserves (gold at national valuation)","US dollar","Monthly","1966-M10","3216.59000001562","Millions"
"United Kingdom","Total reserves (gold at national valuation)","US dollar","Monthly","1966-M11","3282.26000001562","Millions"
"United Kingdom","Total reserves (gold at national valuation)","US dollar","Monthly","1966-M12","3098.69000001562","Millions"
"United Kingdom","Total reserves (gold at national valuation)","US dollar","Monthly","1967-M01","3129.98500001562","Millions"
"United Kingdom","Total reserves (gold at national valuation)","US dollar","Monthly","1967-M02","3168.63500001562","Millions"
"United Kingdom","Total reserves (gold at national valuation)","US dollar","Monthly","1967-M03","3258.97500001562","Millions"
"United Kingdom","Total reserves (gold at national valuation)","US dollar","Monthly","1967-M04","3405.50000001562","Millions"
"United Kingdom","Total reserves (gold at national valuation)","US dollar","Monthly","1967-M05","2953.62500001562","Millions"
"United Kingdom","Total reserves (gold at national valuation)","US dollar","Monthly","1967-M06","2834.26500001562","Millions"
"United Kingdom","Total reserves (gold at national valuation)","US dollar","Monthly","1967-M07","2791.59500001562","Millions"
"United Kingdom","Total reserves (gold at national valuation)","US dollar","Monthly","1967-M08","2757.86000001562","Millions"
"United Kingdom","Total reserves (gold at national valuation)","US dollar","Monthly","1967-M09","2733.13500001562","Millions"
"United Kingdom","Total reserves (gold at national valuation)","US dollar","Monthly","1967-M10","2808.85000001562","Millions"
"United Kingdom","Total reserves (gold at national valuation)","US dollar","Monthly","1967-M11","2936.44500000586","Millions"
"United Kingdom","Total reserves (gold at national valuation)","US dollar","Monthly","1967-M12","2694.97","Millions"
"United Kingdom","Total reserves (gold at national valuation)","US dollar","Monthly","1968-M01","2748.3","Millions"
"United Kingdom","Total reserves (gold at national valuation)","US dollar","Monthly","1968-M02","2770.115","Millions"
"United Kingdom","Total reserves (gold at national valuation)","US dollar","Monthly","1968-M03","2721.90000001562","Millions"
"United Kingdom","Total reserves (gold at national valuation)","US dollar","Monthly","1968-M04","2771.69500001562","Millions"
"United Kingdom","Total reserves (gold at national valuation)","US dollar","Monthly","1968-M05","2745.59500001562","Millions"
"United Kingdom","Total reserves (gold at national valuation)","US dollar","Monthly","1968-M06","2684.41500001562","Millions"
"United Kingdom","Total reserves (gold at national valuation)","US dollar","Monthly","1968-M07","2734.12500001562","Millions"
"United Kingdom","Total reserves (gold at national valuation)","US dollar","Monthly","1968-M08","2666.47500001562","Millions"
"United Kingdom","Total reserves (gold at national valuation)","US dollar","Monthly","1968-M09","2717.23000001562","Millions"
"United Kingdom","Total reserves (gold at national valuation)","US dollar","Monthly","1968-M10","2706.68000001562","Millions"
"United Kingdom","Total reserves (gold at national valuation)","US dollar","Monthly","1968-M11","2510.58500001562","Millions"
"United Kingdom","Total reserves (gold at national valuation)","US dollar","Monthly","1968-M12","2421.81500001562","Millions"
"United Kingdom","Total reserves (gold at national valuation)","US dollar","Monthly","1969-M01","2433.85000001562","Millions"
"United Kingdom","Total reserves (gold at national valuation)","US dollar","Monthly","1969-M02","2452.58000001562","Millions"
"United Kingdom","Total reserves (gold at national valuation)","US dollar","Monthly","1969-M03","2470.29500001562","Millions"
"United Kingdom","Total reserves (gold at national valuation)","US dollar","Monthly","1969-M04","2492.58000001562","Millions"
"United Kingdom","Total reserves (gold at national valuation)","US dollar","Monthly","1969-M05","2414.95500001562","Millions"
"United Kingdom","Total reserves (gold at national valuation)","US dollar","Monthly","1969-M06","2443.64000001562","Millions"
"United Kingdom","Total reserves (gold at national valuation)","US dollar","Monthly","1969-M07","2475.95000001562","Millions"
"United Kingdom","Total reserves (gold at national valuation)","US dollar","Monthly","1969-M08","2417.05500001562","Millions"
"United Kingdom","Total reserves (gold at national valuation)","US dollar","Monthly","1969-M09","2432.73000001562","Millions"
"United Kingdom","Total reserves (gold at national valuation)","US dollar","Monthly","1969-M10","2482.20000001562","Millions"
"United Kingdom","Total reserves (gold at national valuation)","US dollar","Monthly","1969-M11","2509.82000001562","Millions"
"United Kingdom","Total reserves (gold at national valuation)","US dollar","Monthly","1969-M12","2527.07500001562","Millions"
"United Kingdom","Total reserves (gold at national valuation)","US dollar","Monthly","1970-M01","2577.81000042554","Millions"
"United Kingdom","Total reserves (gold at national valuation)","US dollar","Monthly","1970-M02","2642.12000036054","Millions"
"United Kingdom","Total reserves (gold at national valuation)","US dollar","Monthly","1970-M03","2709.50500032031","Millions"
"United Kingdom","Total reserves (gold at national valuation)","US dollar","Monthly","1970-M04","2759.50500031995","Millions"
"United Kingdom","Total reserves (gold at national valuation)","US dollar","Monthly","1970-M05","2766.50500030028","Millions"
"United Kingdom","Total reserves (gold at national valuation)","US dollar","Monthly","1970-M06","2790.94500030028","Millions"
"United Kingdom","Total reserves (gold at national valuation)","US dollar","Monthly","1970-M07","2796.19000030378","Millions"
"United Kingdom","Total reserves (gold at national valuation)","US dollar","Monthly","1970-M08","2752.88000030478","Millions"
"United Kingdom","Total reserves (gold at national valuation)","US dollar","Monthly","1970-M09","2666.19000028481","Millions"
"United Kingdom","Total reserves (gold at national valuation)","US dollar","Monthly","1970-M10","2738.40000028481","Millions"
"United Kingdom","Total reserves (gold at national valuation)","US dollar","Monthly","1970-M11","2803.46000026264","Millions"
"United Kingdom","Total reserves (gold at national valuation)","US dollar","Monthly","1970-M12","2826.76500026573","Millions"
"United Kingdom","Total reserves (gold at national valuation)","US dollar","Monthly","1971-M01","3001.61500061383","Millions"
"United Kingdom","Total reserves (gold at national valuation)","US dollar","Monthly","1971-M02","3194.21000063483","Millions"
"United Kingdom","Total reserves (gold at national valuation)","US dollar","Monthly","1971-M03","3817.01000048183","Millions"
"United Kingdom","Total reserves (gold at national valuation)","US dollar","Monthly","1971-M04","4400.00000048816","Millions"
"United Kingdom","Total reserves (gold at national valuation)","US dollar","Monthly","1971-M05","4472.98500049266","Millions"
"United Kingdom","Total reserves (gold at national valuation)","US dollar","Monthly","1971-M06","5320.33000049196","Millions"
"United Kingdom","Total reserves (gold at national valuation)","US dollar","Monthly","1971-M07","5661.20500052096","Millions"
"United Kingdom","Total reserves (gold at national valuation)","US dollar","Monthly","1971-M08","5897.2800005317","Millions"
"United Kingdom","Total reserves (gold at national valuation)","US dollar","Monthly","1971-M09","6313.2800005567","Millions"
"United Kingdom","Total reserves (gold at national valuation)","US dollar","Monthly","1971-M10","6910.28000059171","Millions"
"United Kingdom","Total reserves (gold at national valuation)","US dollar","Monthly","1971-M11","7822.28000059482","Millions"
"United Kingdom","Total reserves (gold at national valuation)","US dollar","Monthly","1971-M12","8832.09169416575","Millions"
"United Kingdom","Total reserves (gold at national valuation)","US dollar","Monthly","1972-M01","9229.942113493622","Millions"
"United Kingdom","Total reserves (gold at national valuation)","US dollar","Monthly","1972-M02","9190.986010184345","Millions"
"United Kingdom","Total reserves (gold at national valuation)","US dollar","Monthly","1972-M03","9273.670019159284","Millions"
"United Kingdom","Total reserves (gold at national valuation)","US dollar","Monthly","1972-M04","9041.672266366975","Millions"
"United Kingdom","Total reserves (gold at national valuation)","US dollar","Monthly","1972-M05","9059.672223727005","Millions"
"United Kingdom","Total reserves (gold at national valuation)","US dollar","Monthly","1972-M06","8874.672511269678","Millions"
"United Kingdom","Total reserves (gold at national valuation)","US dollar","Monthly","1972-M07","6081.554199098058","Millions"
"United Kingdom","Total reserves (gold at national valuation)","US dollar","Monthly","1972-M08","6090.968330969356","Millions"
"United Kingdom","Total reserves (gold at national valuation)","US dollar","Monthly","1972-M09","6089.968386393926","Millions"
"United Kingdom","Total reserves (gold at national valuation)","US dollar","Monthly","1972-M10","5859.968408785453","Millions"
"United Kingdom","Total reserves (gold at national valuation)","US dollar","Monthly","1972-M11","5895.96845689398","Millions"
"United Kingdom","Total reserves (gold at national valuation)","US dollar","Monthly","1972-M12","5646.968489483628","Millions"
"United Kingdom","Total reserves (gold at national valuation)","US dollar","Monthly","1973-M01","5658.936529157137","Millions"
"United Kingdom","Total reserves (gold at national valuation)","US dollar","Monthly","1973-M02","5917.804964686816","Millions"
"United Kingdom","Total reserves (gold at national valuation)","US dollar","Monthly","1973-M03","6035.804964640608","Millions"
"United Kingdom","Total reserves (gold at national valuation)","US dollar","Monthly","1973-M04","6117.804983355104","Millions"
"United Kingdom","Total reserves (gold at national valuation)","US dollar","Monthly","1973-M05","6738.804983216478","Millions"
"United Kingdom","Total reserves (gold at national valuation)","US dollar","Monthly","1973-M06","7012.804983216478","Millions"
"United Kingdom","Total reserves (gold at national valuation)","US dollar","Monthly","1973-M07","6627.80498317027","Millions"
"United Kingdom","Total reserves (gold at national valuation)","US dollar","Monthly","1973-M08","6516.118325827852","Millions"
"United Kingdom","Total reserves (gold at national valuation)","US dollar","Monthly","1973-M09","6382.118325735435","Millions"
"United Kingdom","Total reserves (gold at national valuation)","US dollar","Monthly","1973-M10","6761.118325689227","Millions"
"United Kingdom","Total reserves (gold at national valuation)","US dollar","Monthly","1973-M11","6646.118325643018","Millions"
"United Kingdom","Total reserves (gold at national valuation)","US dollar","Monthly","1973-M12","6476.118325596809","Millions"
"United Kingdom","Total reserves (gold at national valuation)","US dollar","Monthly","1974-M01","6178.118325596809","Millions"
"United Kingdom","Total reserves (gold at national valuation)","US dollar","Monthly","1974-M02","5966.118325550601","Millions"
"United Kingdom","Total reserves (gold at national valuation)","US dollar","Monthly","1974-M03","6444.231658161975","Millions"
"United Kingdom","Total reserves (gold at national valuation)","US dollar","Monthly","1974-M04","6956.231686765119","Millions"
"United Kingdom","Total reserves (gold at national valuation)","US dollar","Monthly","1974-M05","6920.231686672702","Millions"
"United Kingdom","Total reserves (gold at national valuation)","US dollar","Monthly","1974-M06","6777.566802409753","Millions"
"United Kingdom","Total reserves (gold at national valuation)","US dollar","Monthly","1974-M07","6735.816476851139","Millions"
"United Kingdom","Total reserves (gold at national valuation)","US dollar","Monthly","1974-M08","6870.840483430873","Millions"
"United Kingdom","Total reserves (gold at national valuation)","US dollar","Monthly","1974-M09","7204.247374700248","Millions"
"United Kingdom","Total reserves (gold at national valuation)","US dollar","Monthly","1974-M10","7603.966157226468","Millions"
"United Kingdom","Total reserves (gold at national valuation)","US dollar","Monthly","1974-M11","7918.421648485831","Millions"
"United Kingdom","Total reserves (gold at national valuation)","US dollar","Monthly","1974-M12","6925.666733305585","Millions"
"United Kingdom","Total reserves (gold at national valuation)","US dollar","Monthly","1975-M01","6996.684875686271","Millions"
"United Kingdom","Total reserves (gold at national valuation)","US dollar","Monthly","1975-M02","7271.895301454349","Millions"
"United Kingdom","Total reserves (gold at national valuation)","US dollar","Monthly","1975-M03","7292.315861805239","Millions"
"United Kingdom","Total reserves (gold at national valuation)","US dollar","Monthly","1975-M04","7277.137850237283","Millions"
"United Kingdom","Total reserves (gold at national valuation)","US dollar","Monthly","1975-M05","6669.735276492113","Millions"
"United Kingdom","Total reserves (gold at national valuation)","US dollar","Monthly","1975-M06","6362.613683594766","Millions"
"United Kingdom","Total reserves (gold at national valuation)","US dollar","Monthly","1975-M07","6330.055739519388","Millions"
"United Kingdom","Total reserves (gold at national valuation)","US dollar","Monthly","1975-M08","6072.454408676323","Millions"
"United Kingdom","Total reserves (gold at national valuation)","US dollar","Monthly","1975-M09","5887.685917205164","Millions"
"United Kingdom","Total reserves (gold at national valuation)","US dollar","Monthly","1975-M10","5789.882087875303","Millions"
"United Kingdom","Total reserves (gold at national valuation)","US dollar","Monthly","1975-M11","5657.038457505084","Millions"
"United Kingdom","Total reserves (gold at national valuation)","US dollar","Monthly","1975-M12","5486.682027078128","Millions"
"United Kingdom","Total reserves (gold at national valuation)","US dollar","Monthly","1976-M01","4853.895141307934","Millions"
"United Kingdom","Total reserves (gold at national valuation)","US dollar","Monthly","1976-M02","7083.885722573878","Millions"
"United Kingdom","Total reserves (gold at national valuation)","US dollar","Monthly","1976-M03","5954.168881945363","Millions"
"United Kingdom","Total reserves (gold at national valuation)","US dollar","Monthly","1976-M04","4875.07585470988","Millions"
"United Kingdom","Total reserves (gold at national valuation)","US dollar","Monthly","1976-M05","5450.413539523218","Millions"
"United Kingdom","Total reserves (gold at national valuation)","US dollar","Monthly","1976-M06","5347.472763974272","Millions"
"United Kingdom","Total reserves (gold at national valuation)","US dollar","Monthly","1976-M07","5416.023639164373","Millions"
"United Kingdom","Total reserves (gold at national valuation)","US dollar","Monthly","1976-M08","5084.53863236615","Millions"
"United Kingdom","Total reserves (gold at national valuation)","US dollar","Monthly","1976-M09","5253.327780163298","Millions"
"United Kingdom","Total reserves (gold at national valuation)","US dollar","Monthly","1976-M10","4808.83078996655","Millions"
"United Kingdom","Total reserves (gold at national valuation)","US dollar","Monthly","1976-M11","5261.755318757912","Millions"
"United Kingdom","Total reserves (gold at national valuation)","US dollar","Monthly","1976-M12","4262.874859942228","Millions"
"United Kingdom","Total reserves (gold at national valuation)","US dollar","Monthly","1977-M01","7299.781565867853","Millions"
"United Kingdom","Total reserves (gold at national valuation)","US dollar","Monthly","1977-M02","7909.945529314188","Millions"
"United Kingdom","Total reserves (gold at national valuation)","US dollar","Monthly","1977-M03","9734.350369943258","Millions"
"United Kingdom","Total reserves (gold at national valuation)","US dollar","Monthly","1977-M04","10254.6149258285","Millions"
"United Kingdom","Total reserves (gold at national valuation)","US dollar","Monthly","1977-M05","10051.8229356219","Millions"
"United Kingdom","Total reserves (gold at national valuation)","US dollar","Monthly","1977-M06","11756.93924732368","Millions"
"United Kingdom","Total reserves (gold at national valuation)","US dollar","Monthly","1977-M07","13638.47788978794","Millions"
"United Kingdom","Total reserves (gold at national valuation)","US dollar","Monthly","1977-M08","15046.49045576643","Millions"
"United Kingdom","Total reserves (gold at national valuation)","US dollar","Monthly","1977-M09","17376.10943111421","Millions"
"United Kingdom","Total reserves (gold at national valuation)","US dollar","Monthly","1977-M10","20467.25551719403","Millions"
"United Kingdom","Total reserves (gold at national valuation)","US dollar","Monthly","1977-M11","20711.79763857636","Millions"
"United Kingdom","Total reserves (gold at national valuation)","US dollar","Monthly","1977-M12","21050.07298067158","Millions"
"United Kingdom","Total reserves (gold at national valuation)","US dollar","Monthly","1978-M01","21386.5184220576","Millions"
"United Kingdom","Total reserves (gold at national valuation)","US dollar","Monthly","1978-M02","21359.27102954436","Millions"
"United Kingdom","Total reserves (gold at national valuation)","US dollar","Monthly","1978-M03","21001.93695503319","Millions"
"United Kingdom","Total reserves (gold at national valuation)","US dollar","Monthly","1978-M04","17666.92839702542","Millions"
"United Kingdom","Total reserves (gold at national valuation)","US dollar","Monthly","1978-M05","17269.97232223303","Millions"
"United Kingdom","Total reserves (gold at national valuation)","US dollar","Monthly","1978-M06","17231.03639324463","Millions"
"United Kingdom","Total reserves (gold at national valuation)","US dollar","Monthly","1978-M07","17530.56567723759","Millions"
"United Kingdom","Total reserves (gold at national valuation)","US dollar","Monthly","1978-M08","17334.99402803786","Millions"
"United Kingdom","Total reserves (gold at national valuation)","US dollar","Monthly","1978-M09","17540.73840732352","Millions"
"United Kingdom","Total reserves (gold at national valuation)","US dollar","Monthly","1978-M10","17349.60921831727","Millions"
"United Kingdom","Total reserves (gold at national valuation)","US dollar","Monthly","1978-M11","16718.6373891128","Millions"
"United Kingdom","Total reserves (gold at national valuation)","US dollar","Monthly","1978-M12","16990.06097154702","Millions"
"United Kingdom","Total reserves (gold at national valuation)","US dollar","Monthly","1979-M01","17530.54778713741","Millions"
"United Kingdom","Total reserves (gold at national valuation)","US dollar","Monthly","1979-M02","17965.92574573666","Millions"
"United Kingdom","Total reserves (gold at national valuation)","US dollar","Monthly","1979-M03","21905.03771792801","Millions"
"United Kingdom","Total reserves (gold at national valuation)","US dollar","Monthly","1979-M04","21291.89225565568","Millions"
"United Kingdom","Total reserves (gold at national valuation)","US dollar","Monthly","1979-M05","21368.15605337871","Millions"
"United Kingdom","Total reserves (gold at national valuation)","US dollar","Monthly","1979-M06","22050.7094547418","Millions"
"United Kingdom","Total reserves (gold at national valuation)","US dollar","Monthly","1979-M07","23519.58368262856","Millions"
"United Kingdom","Total reserves (gold at national valuation)","US dollar","Monthly","1979-M08","23347.15395757383","Millions"
"United Kingdom","Total reserves (gold at national valuation)","US dollar","Monthly","1979-M09","23127.25820119159","Millions"
"United Kingdom","Total reserves (gold at national valuation)","US dollar","Monthly","1979-M10","22383.43555280673","Millions"
"United Kingdom","Total reserves (gold at national valuation)","US dollar","Monthly","1979-M11","22631.35905982912","Millions"
"United Kingdom","Total reserves (gold at national valuation)","US dollar","Monthly","1979-M12","23000.87100851243","Millions"
"United Kingdom","Total reserves (gold at national valuation)","US dollar","Monthly","1980-M01","23871.85478425701","Millions"
"United Kingdom","Total reserves (gold at national valuation)","US dollar","Monthly","1980-M02","23932.60886791344","Millions"
"United Kingdom","Total reserves (gold at national valuation)","US dollar","Monthly","1980-M03","26962.87228071902","Millions"
"United Kingdom","Total reserves (gold at national valuation)","US dollar","Monthly","1980-M04","28700.55998142107","Millions"
"United Kingdom","Total reserves (gold at national valuation)","US dollar","Monthly","1980-M05","28856.90755294514","Millions"
"United Kingdom","Total reserves (gold at national valuation)","US dollar","Monthly","1980-M06","29243.45429140934","Millions"
"United Kingdom","Total reserves (gold at national valuation)","US dollar","Monthly","1980-M07","29210.85384654533","Millions"
"United Kingdom","Total reserves (gold at national valuation)","US dollar","Monthly","1980-M08","29224.02708430866","Millions"
"United Kingdom","Total reserves (gold at national valuation)","US dollar","Monthly","1980-M09","28507.87597701247","Millions"
"United Kingdom","Total reserves (gold at national valuation)","US dollar","Monthly","1980-M10","28453.34365614426","Millions"
"United Kingdom","Total reserves (gold at national valuation)","US dollar","Monthly","1980-M11","28448.43370260888","Millions"
"United Kingdom","Total reserves (gold at national valuation)","US dollar","Monthly","1980-M12","27638.48953129033","Millions"
"United Kingdom","Total reserves (gold at national valuation)","US dollar","Monthly","1981-M01","27895.63141795663","Millions"
"United Kingdom","Total reserves (gold at national valuation)","US dollar","Monthly","1981-M02","27746.55532573984","Millions"
"United Kingdom","Total reserves (gold at national valuation)","US dollar","Monthly","1981-M03","28202.12528704053","Millions"
"United Kingdom","Total reserves (gold at national valuation)","US dollar","Monthly","1981-M04","27431.99213998584","Millions"
"United Kingdom","Total reserves (gold at national valuation)","US dollar","Monthly","1981-M05","25472.08751824744","Millions"
"United Kingdom","Total reserves (gold at national valuation)","US dollar","Monthly","1981-M06","24350.69986795078","Millions"
"United Kingdom","Total reserves (gold at national valuation)","US dollar","Monthly","1981-M07","23056.8430581435","Millions"
"United Kingdom","Total reserves (gold at national valuation)","US dollar","Monthly","1981-M08","23134.55684185192","Millions"
"United Kingdom","Total reserves (gold at national valuation)","US dollar","Monthly","1981-M09","22900.67236184679","Millions"
"United Kingdom","Total reserves (gold at national valuation)","US dollar","Monthly","1981-M10","22438.87286726168","Millions"
"United Kingdom","Total reserves (gold at national valuation)","US dollar","Monthly","1981-M11","22895.06633581252","Millions"
"United Kingdom","Total reserves (gold at national valuation)","US dollar","Monthly","1981-M12","22571.4769914455","Millions"
"United Kingdom","Total reserves (gold at national valuation)","US dollar","Monthly","1982-M01","22238.65427264194","Millions"
"United Kingdom","Total reserves (gold at national valuation)","US dollar","Monthly","1982-M02","22082.37863698488","Millions"
"United Kingdom","Total reserves (gold at national valuation)","US dollar","Monthly","1982-M03","18969.55565723792","Millions"
"United Kingdom","Total reserves (gold at national valuation)","US dollar","Monthly","1982-M04","18240.80921160947","Millions"
"United Kingdom","Total reserves (gold at national valuation)","US dollar","Monthly","1982-M05","17986.845326333","Millions"
"United Kingdom","Total reserves (gold at national valuation)","US dollar","Monthly","1982-M06","17471.90006261799","Millions"
"United Kingdom","Total reserves (gold at national valuation)","US dollar","Monthly","1982-M07","17707.88957087508","Millions"
"United Kingdom","Total reserves (gold at national valuation)","US dollar","Monthly","1982-M08","17758.38506443484","Millions"
"United Kingdom","Total reserves (gold at national valuation)","US dollar","Monthly","1982-M09","17821.54575925916","Millions"
"United Kingdom","Total reserves (gold at national valuation)","US dollar","Monthly","1982-M10","17867.17180925344","Millions"
"United Kingdom","Total reserves (gold at national valuation)","US dollar","Monthly","1982-M11","17633.03509813245","Millions"
"United Kingdom","Total reserves (gold at national valuation)","US dollar","Monthly","1982-M12","16959.35168469146","Millions"
"United Kingdom","Total reserves (gold at national valuation)","US dollar","Monthly","1983-M01","17042.7579095431","Millions"
"United Kingdom","Total reserves (gold at national valuation)","US dollar","Monthly","1983-M02","16376.61481743974","Millions"
"United Kingdom","Total reserves (gold at national valuation)","US dollar","Monthly","1983-M03","17337.31884621799","Millions"
"United Kingdom","Total reserves (gold at national valuation)","US dollar","Monthly","1983-M04","17505.20351167102","Millions"
"United Kingdom","Total reserves (gold at national valuation)","US dollar","Monthly","1983-M05","17796.20540679711","Millions"
"United Kingdom","Total reserves (gold at national valuation)","US dollar","Monthly","1983-M06","17510.61437004297","Millions"
"United Kingdom","Total reserves (gold at national valuation)","US dollar","Monthly","1983-M07","17527.96062767967","Millions"
"United Kingdom","Total reserves (gold at national valuation)","US dollar","Monthly","1983-M08","17454.99415300533","Millions"
"United Kingdom","Total reserves (gold at national valuation)","US dollar","Monthly","1983-M09","17512.66532380805","Millions"
"United Kingdom","Total reserves (gold at national valuation)","US dollar","Monthly","1983-M10","17718.70387148711","Millions"
"United Kingdom","Total reserves (gold at national valuation)","US dollar","Monthly","1983-M11","17587.38646744204","Millions"
"United Kingdom","Total reserves (gold at national valuation)","US dollar","Monthly","1983-M12","17253.80809571462","Millions"
"United Kingdom","Total reserves (gold at national valuation)","US dollar","Monthly","1984-M01","17029.10384640198","Millions"
"United Kingdom","Total reserves (gold at national valuation)","US dollar","Monthly","1984-M02","17628.03511430437","Millions"
"United Kingdom","Total reserves (gold at national valuation)","US dollar","Monthly","1984-M03","16963.05497962269","Millions"
"United Kingdom","Total reserves (gold at national valuation)","US dollar","Monthly","1984-M04","15908.39790854283","Millions"
"United Kingdom","Total reserves (gold at national valuation)","US dollar","Monthly","1984-M05","15752.71387948838","Millions"
"United Kingdom","Total reserves (gold at national valuation)","US dollar","Monthly","1984-M06","15308.90669567819","Millions"
"United Kingdom","Total reserves (gold at national valuation)","US dollar","Monthly","1984-M07","14987.08446065765","Millions"
"United Kingdom","Total reserves (gold at national valuation)","US dollar","Monthly","1984-M08","14984.62266682934","Millions"
"United Kingdom","Total reserves (gold at national valuation)","US dollar","Monthly","1984-M09","14663.13386613387","Millions"
"United Kingdom","Total reserves (gold at national valuation)","US dollar","Monthly","1984-M10","14750.40917579192","Millions"
"United Kingdom","Total reserves (gold at national valuation)","US dollar","Monthly","1984-M11","14781.46537788023","Millions"
"United Kingdom","Total reserves (gold at national valuation)","US dollar","Monthly","1984-M12","14915.87344756258","Millions"
"United Kingdom","Total reserves (gold at national valuation)","US dollar","Monthly","1985-M01","14686.40413637245","Millions"
"United Kingdom","Total reserves (gold at national valuation)","US dollar","Monthly","1985-M02","14298.07090089226","Millions"
"United Kingdom","Total reserves (gold at national valuation)","US dollar","Monthly","1985-M03","13788.95123162069","Millions"
"United Kingdom","Total reserves (gold at national valuation)","US dollar","Monthly","1985-M04","14278.85862961017","Millions"
"United Kingdom","Total reserves (gold at national valuation)","US dollar","Monthly","1985-M05","14260.15668751862","Millions"
"United Kingdom","Total reserves (gold at national valuation)","US dollar","Monthly","1985-M06","14661.4362496506","Millions"
"United Kingdom","Total reserves (gold at national valuation)","US dollar","Monthly","1985-M07","15073.07996016515","Millions"
"United Kingdom","Total reserves (gold at national valuation)","US dollar","Monthly","1985-M08","15053.33661890167","Millions"
"United Kingdom","Total reserves (gold at national valuation)","US dollar","Monthly","1985-M09","15249.93945525622","Millions"
"United Kingdom","Total reserves (gold at national valuation)","US dollar","Monthly","1985-M10","17501.90353001694","Millions"
"United Kingdom","Total reserves (gold at national valuation)","US dollar","Monthly","1985-M11","17400.11045520136","Millions"
"United Kingdom","Total reserves (gold at national valuation)","US dollar","Monthly","1985-M12","17168.92574692443","Millions"
"United Kingdom","Total reserves (gold at national valuation)","US dollar","Monthly","1986-M01","17366.29629876552","Millions"
"United Kingdom","Total reserves (gold at national valuation)","US dollar","Monthly","1986-M02","18099.98602586774","Millions"
"United Kingdom","Total reserves (gold at national valuation)","US dollar","Monthly","1986-M03","18866.94962038859","Millions"
"United Kingdom","Total reserves (gold at national valuation)","US dollar","Monthly","1986-M04","19556.6486470595","Millions"
"United Kingdom","Total reserves (gold at national valuation)","US dollar","Monthly","1986-M05","19312.76860467775","Millions"
"United Kingdom","Total reserves (gold at national valuation)","US dollar","Monthly","1986-M06","19749.8403221818","Millions"
"United Kingdom","Total reserves (gold at national valuation)","US dollar","Monthly","1986-M07","19980.53043272062","Millions"
"United Kingdom","Total reserves (gold at national valuation)","US dollar","Monthly","1986-M08","19933.66516208453","Millions"
"United Kingdom","Total reserves (gold at national valuation)","US dollar","Monthly","1986-M09","23486.16817939136","Millions"
"United Kingdom","Total reserves (gold at national valuation)","US dollar","Monthly","1986-M10","22909.17277182491","Millions"
"United Kingdom","Total reserves (gold at national valuation)","US dollar","Monthly","1986-M11","23242.09769558481","Millions"
"United Kingdom","Total reserves (gold at national valuation)","US dollar","Monthly","1986-M12","23319.77238755764","Millions"
"United Kingdom","Total reserves (gold at national valuation)","US dollar","Monthly","1987-M01","23898.09494232477","Millions"
"United Kingdom","Total reserves (gold at national valuation)","US dollar","Monthly","1987-M02","24167.80106697682","Millions"
"United Kingdom","Total reserves (gold at national valuation)","US dollar","Monthly","1987-M03","27300.61625290872","Millions"
"United Kingdom","Total reserves (gold at national valuation)","US dollar","Monthly","1987-M04","30234.7497191525","Millions"
"United Kingdom","Total reserves (gold at national valuation)","US dollar","Monthly","1987-M05","34896.77066580895","Millions"
"United Kingdom","Total reserves (gold at national valuation)","US dollar","Monthly","1987-M06","34508.20806175396","Millions"
"United Kingdom","Total reserves (gold at national valuation)","US dollar","Monthly","1987-M07","34875.47847629668","Millions"
"United Kingdom","Total reserves (gold at national valuation)","US dollar","Monthly","1987-M08","34665.58138933429","Millions"
"United Kingdom","Total reserves (gold at national valuation)","US dollar","Monthly","1987-M09","34943.16507351529","Millions"
"United Kingdom","Total reserves (gold at national valuation)","US dollar","Monthly","1987-M10","42349.22042407027","Millions"
"United Kingdom","Total reserves (gold at national valuation)","US dollar","Monthly","1987-M11","43222.67474000907","Millions"
"United Kingdom","Total reserves (gold at national valuation)","US dollar","Monthly","1987-M12","47507.18795840486","Millions"
"United Kingdom","Total reserves (gold at national valuation)","US dollar","Monthly","1988-M01","45128.41298644513","Millions"
"United Kingdom","Total reserves (gold at national valuation)","US dollar","Monthly","1988-M02","44833.5495066349","Millions"
"United Kingdom","Total reserves (gold at national valuation)","US dollar","Monthly","1988-M03","47864.12645145179","Millions"
"United Kingdom","Total reserves (gold at national valuation)","US dollar","Monthly","1988-M04","48009.10229081598","Millions"
"United Kingdom","Total reserves (gold at national valuation)","US dollar","Monthly","1988-M05","48135.18526252576","Millions"
"United Kingdom","Total reserves (gold at national valuation)","US dollar","Monthly","1988-M06","46891.73787680209","Millions"
"United Kingdom","Total reserves (gold at national valuation)","US dollar","Monthly","1988-M07","47667.72478348804","Millions"
"United Kingdom","Total reserves (gold at national valuation)","US dollar","Monthly","1988-M08","48299.30501487845","Millions"
"United Kingdom","Total reserves (gold at national valuation)","US dollar","Monthly","1988-M09","48188.23340559512","Millions"
"United Kingdom","Total reserves (gold at national valuation)","US dollar","Monthly","1988-M10","48891.38347757035","Millions"
"United Kingdom","Total reserves (gold at national valuation)","US dollar","Monthly","1988-M11","50434.1086531761","Millions"
"United Kingdom","Total reserves (gold at national valuation)","US dollar","Monthly","1988-M12","50569.20661813191","Millions"
"United Kingdom","Total reserves (gold at national valuation)","US dollar","Monthly","1989-M01","49490.84289871792","Millions"
"United Kingdom","Total reserves (gold at national valuation)","US dollar","Monthly","1989-M02","49914.12104873666","Millions"
"United Kingdom","Total reserves (gold at national valuation)","US dollar","Monthly","1989-M03","46872.45085771165","Millions"
"United Kingdom","Total reserves (gold at national valuation)","US dollar","Monthly","1989-M04","47374.70593798992","Millions"
"United Kingdom","Total reserves (gold at national valuation)","US dollar","Monthly","1989-M05","45042.10782241016","Millions"
"United Kingdom","Total reserves (gold at national valuation)","US dollar","Monthly","1989-M06","42832.41798783527","Millions"
"United Kingdom","Total reserves (gold at national valuation)","US dollar","Monthly","1989-M07","43803.02523496845","Millions"
"United Kingdom","Total reserves (gold at national valuation)","US dollar","Monthly","1989-M08","42456.37036760031","Millions"
"United Kingdom","Total reserves (gold at national valuation)","US dollar","Monthly","1989-M09","42935.607330714","Millions"
"United Kingdom","Total reserves (gold at national valuation)","US dollar","Monthly","1989-M10","40561.9393288865","Millions"
"United Kingdom","Total reserves (gold at national valuation)","US dollar","Monthly","1989-M11","39497.26866863259","Millions"
"United Kingdom","Total reserves (gold at national valuation)","US dollar","Monthly","1989-M12","40225.46889373669","Millions"
"United Kingdom","Total reserves (gold at national valuation)","US dollar","Monthly","1990-M01","40099.68018770381","Millions"
"United Kingdom","Total reserves (gold at national valuation)","US dollar","Monthly","1990-M02","40093.2900014485","Millions"
"United Kingdom","Total reserves (gold at national valuation)","US dollar","Monthly","1990-M03","39314.37523740147","Millions"
"United Kingdom","Total reserves (gold at national valuation)","US dollar","Monthly","1990-M04","39214.90223634683","Millions"
"United Kingdom","Total reserves (gold at national valuation)","US dollar","Monthly","1990-M05","39053.08530681327","Millions"
"United Kingdom","Total reserves (gold at national valuation)","US dollar","Monthly","1990-M06","39481.4263927134","Millions"
"United Kingdom","Total reserves (gold at national valuation)","US dollar","Monthly","1990-M07","40239.1740911698","Millions"
"United Kingdom","Total reserves (gold at national valuation)","US dollar","Monthly","1990-M08","40949.78352944437","Millions"
"United Kingdom","Total reserves (gold at national valuation)","US dollar","Monthly","1990-M09","40960.60298008633","Millions"
"United Kingdom","Total reserves (gold at national valuation)","US dollar","Monthly","1990-M10","41130.73690837291","Millions"
"United Kingdom","Total reserves (gold at national valuation)","US dollar","Monthly","1990-M11","40984.75280001141","Millions"
"United Kingdom","Total reserves (gold at national valuation)","US dollar","Monthly","1990-M12","41088.4628473062","Millions"
"United Kingdom","Total reserves (gold at national valuation)","US dollar","Monthly","1991-M01","41323.31713965968","Millions"
"United Kingdom","Total reserves (gold at national valuation)","US dollar","Monthly","1991-M02","44340.16733905336","Millions"
"United Kingdom","Total reserves (gold at national valuation)","US dollar","Monthly","1991-M03","42316.22678621914","Millions"
"United Kingdom","Total reserves (gold at national valuation)","US dollar","Monthly","1991-M04","43585.52653455256","Millions"
"United Kingdom","Total reserves (gold at national valuation)","US dollar","Monthly","1991-M05","43544.92491284527","Millions"
"United Kingdom","Total reserves (gold at national valuation)","US dollar","Monthly","1991-M06","43248.76386150328","Millions"
"United Kingdom","Total reserves (gold at national valuation)","US dollar","Monthly","1991-M07","44299.88786318401","Millions"
"United Kingdom","Total reserves (gold at national valuation)","US dollar","Monthly","1991-M08","44323.37509191792","Millions"
"United Kingdom","Total reserves (gold at national valuation)","US dollar","Monthly","1991-M09","45405.90697674418","Millions"
"United Kingdom","Total reserves (gold at national valuation)","US dollar","Monthly","1991-M10","44942.88780934422","Millions"
"United Kingdom","Total reserves (gold at national valuation)","US dollar","Monthly","1991-M11","45496.38237649462","Millions"
"United Kingdom","Total reserves (gold at national valuation)","US dollar","Monthly","1991-M12","46930.98460856255","Millions"
"United Kingdom","Total reserves (gold at national valuation)","US dollar","Monthly","1992-M01","46202.64982882695","Millions"
"United Kingdom","Total reserves (gold at national valuation)","US dollar","Monthly","1992-M02","45900.01679186921","Millions"
"United Kingdom","Total reserves (gold at national valuation)","US dollar","Monthly","1992-M03","44971.07407407407","Millions"
"United Kingdom","Total reserves (gold at national valuation)","US dollar","Monthly","1992-M04","45658.31652192971","Millions"
"United Kingdom","Total reserves (gold at national valuation)","US dollar","Monthly","1992-M05","46509.61767457447","Millions"
"United Kingdom","Total reserves (gold at national valuation)","US dollar","Monthly","1992-M06","47441.67449515549","Millions"
"United Kingdom","Total reserves (gold at national valuation)","US dollar","Monthly","1992-M07","48128.52388654612","Millions"
"United Kingdom","Total reserves (gold at national valuation)","US dollar","Monthly","1992-M08","48301.06284383944","Millions"
"United Kingdom","Total reserves (gold at national valuation)","US dollar","Monthly","1992-M09","45140.41027453754","Millions"
"United Kingdom","Total reserves (gold at national valuation)","US dollar","Monthly","1992-M10","43348.09865451938","Millions"
"United Kingdom","Total reserves (gold at national valuation)","US dollar","Monthly","1992-M11","42370.95774865414","Millions"
"United Kingdom","Total reserves (gold at national valuation)","US dollar","Monthly","1992-M12","41411.02707385153","Millions"
"United Kingdom","Total reserves (gold at national valuation)","US dollar","Monthly","1993-M01","42492.36827195467","Millions"
"United Kingdom","Total reserves (gold at national valuation)","US dollar","Monthly","1993-M02","42836.62718628301","Millions"
"United Kingdom","Total reserves (gold at national valuation)","US dollar","Monthly","1993-M03","41277.26123418827","Millions"
"United Kingdom","Total reserves (gold at national valuation)","US dollar","Monthly","1993-M04","42570.79130423643","Millions"
"United Kingdom","Total reserves (gold at national valuation)","US dollar","Monthly","1993-M05","42710.00482823346","Millions"
"United Kingdom","Total reserves (gold at national valuation)","US dollar","Monthly","1993-M06","41616.52252783345","Millions"
"United Kingdom","Total reserves (gold at national valuation)","US dollar","Monthly","1993-M07","41711.39122676973","Millions"
"United Kingdom","Total reserves (gold at national valuation)","US dollar","Monthly","1993-M08","42425.26199434433","Millions"
"United Kingdom","Total reserves (gold at national valuation)","US dollar","Monthly","1993-M09","42887.2835029978","Millions"
"United Kingdom","Total reserves (gold at national valuation)","US dollar","Monthly","1993-M10","42701.23497275067","Millions"
"United Kingdom","Total reserves (gold at national valuation)","US dollar","Monthly","1993-M11","42225.9973352727","Millions"
"United Kingdom","Total reserves (gold at national valuation)","US dollar","Monthly","1993-M12","41334.66712839293","Millions"
"United Kingdom","Total reserves (gold at national valuation)","US dollar","Monthly","1994-M01","41767.13273798676","Millions"
"United Kingdom","Total reserves (gold at national valuation)","US dollar","Monthly","1994-M02","42260.92096075674","Millions"
"United Kingdom","Total reserves (gold at national valuation)","US dollar","Monthly","1994-M03","43698.45244351025","Millions"
"United Kingdom","Total reserves (gold at national valuation)","US dollar","Monthly","1994-M04","44446.26805260816","Millions"
"United Kingdom","Total reserves (gold at national valuation)","US dollar","Monthly","1994-M05","44551.74324994685","Millions"
"United Kingdom","Total reserves (gold at national valuation)","US dollar","Monthly","1994-M06","45229.99867908788","Millions"
"United Kingdom","Total reserves (gold at national valuation)","US dollar","Monthly","1994-M07","45458.14626655428","Millions"
"United Kingdom","Total reserves (gold at national valuation)","US dollar","Monthly","1994-M08","45486.46109301484","Millions"
"United Kingdom","Total reserves (gold at national valuation)","US dollar","Monthly","1994-M09","45969.9850517839","Millions"
"United Kingdom","Total reserves (gold at national valuation)","US dollar","Monthly","1994-M10","47211.9086726741","Millions"
"United Kingdom","Total reserves (gold at national valuation)","US dollar","Monthly","1994-M11","46155.25401477718","Millions"
"United Kingdom","Total reserves (gold at national valuation)","US dollar","Monthly","1994-M12","46326.66912407683","Millions"
"United Kingdom","Total reserves (gold at national valuation)","US dollar","Monthly","1995-M01","45665.11203158964","Millions"
"United Kingdom","Total reserves (gold at national valuation)","US dollar","Monthly","1995-M02","46142.39820254137","Millions"
"United Kingdom","Total reserves (gold at national valuation)","US dollar","Monthly","1995-M03","47827.08806827492","Millions"
"United Kingdom","Total reserves (gold at national valuation)","US dollar","Monthly","1995-M04","48162.3433787153","Millions"
"United Kingdom","Total reserves (gold at national valuation)","US dollar","Monthly","1995-M05","47860.39768561856","Millions"
"United Kingdom","Total reserves (gold at national valuation)","US dollar","Monthly","1995-M06","48383.65986191793","Millions"
"United Kingdom","Total reserves (gold at national valuation)","US dollar","Monthly","1995-M07","48905.97776256363","Millions"
"United Kingdom","Total reserves (gold at national valuation)","US dollar","Monthly","1995-M08","47177.59161069819","Millions"
"United Kingdom","Total reserves (gold at national valuation)","US dollar","Monthly","1995-M09","47934.57377347975","Millions"
"United Kingdom","Total reserves (gold at national valuation)","US dollar","Monthly","1995-M10","48187.76825896433","Millions"
"United Kingdom","Total reserves (gold at national valuation)","US dollar","Monthly","1995-M11","47526.5013836048","Millions"
"United Kingdom","Total reserves (gold at national valuation)","US dollar","Monthly","1995-M12","47257.60829785589","Millions"
"United Kingdom","Total reserves (gold at national valuation)","US dollar","Monthly","1996-M01","44101.0417970162","Millions"
"United Kingdom","Total reserves (gold at national valuation)","US dollar","Monthly","1996-M02","44688.33473494673","Millions"
"United Kingdom","Total reserves (gold at national valuation)","US dollar","Monthly","1996-M03","44675.32694541656","Millions"
"United Kingdom","Total reserves (gold at national valuation)","US dollar","Monthly","1996-M04","44606.16541067734","Millions"
"United Kingdom","Total reserves (gold at national valuation)","US dollar","Monthly","1996-M05","44614.7089842398","Millions"
"United Kingdom","Total reserves (gold at national valuation)","US dollar","Monthly","1996-M06","44611.76378138004","Millions"
"United Kingdom","Total reserves (gold at national valuation)","US dollar","Monthly","1996-M07","48012.16671698357","Millions"
"United Kingdom","Total reserves (gold at national valuation)","US dollar","Monthly","1996-M08","47787.65477899751","Millions"
"United Kingdom","Total reserves (gold at national valuation)","US dollar","Monthly","1996-M09","43248.70664674572","Millions"
"United Kingdom","Total reserves (gold at national valuation)","US dollar","Monthly","1996-M10","46164.03315915905","Millions"
"United Kingdom","Total reserves (gold at national valuation)","US dollar","Monthly","1996-M11","45757.71783451912","Millions"
"United Kingdom","Total reserves (gold at national valuation)","US dollar","Monthly","1996-M12","45373.22085983964","Millions"
"United Kingdom","Total reserves (gold at national valuation)","US dollar","Monthly","1997-M01","41331.57823271564","Millions"
"United Kingdom","Total reserves (gold at national valuation)","US dollar","Monthly","1997-M02","40653.90373975318","Millions"
"United Kingdom","Total reserves (gold at national valuation)","US dollar","Monthly","1997-M03","40031.89196700872","Millions"
"United Kingdom","Total reserves (gold at national valuation)","US dollar","Monthly","1997-M04","39941.97485245481","Millions"
"United Kingdom","Total reserves (gold at national valuation)","US dollar","Monthly","1997-M05","40299.83548852674","Millions"
"United Kingdom","Total reserves (gold at national valuation)","US dollar","Monthly","1997-M06","39994.78199833701","Millions"
"United Kingdom","Total reserves (gold at national valuation)","US dollar","Monthly","1997-M07","39482.93284495607","Millions"
"United Kingdom","Total reserves (gold at national valuation)","US dollar","Monthly","1997-M08","39800.03943733415","Millions"
"United Kingdom","Total reserves (gold at national valuation)","US dollar","Monthly","1997-M09","40071.29739913473","Millions"
"United Kingdom","Total reserves (gold at national valuation)","US dollar","Monthly","1997-M10","38254.57687252159","Millions"
"United Kingdom","Total reserves (gold at national valuation)","US dollar","Monthly","1997-M11","37756.95187395904","Millions"
"United Kingdom","Total reserves (gold at national valuation)","US dollar","Monthly","1997-M12","37125.81533207763","Millions"
"United Kingdom","Total reserves (gold at national valuation)","US dollar","Monthly","1998-M01","35215.71957029174","Millions"
"United Kingdom","Total reserves (gold at national valuation)","US dollar","Monthly","1998-M02","35313.39691498383","Millions"
"United Kingdom","Total reserves (gold at national valuation)","US dollar","Monthly","1998-M03","34205.85291229776","Millions"
"United Kingdom","Total reserves (gold at national valuation)","US dollar","Monthly","1998-M04","35271.6531673355","Millions"
"United Kingdom","Total reserves (gold at national valuation)","US dollar","Monthly","1998-M05","35169.25094977826","Millions"
"United Kingdom","Total reserves (gold at national valuation)","US dollar","Monthly","1998-M06","34992.58000980016","Millions"
"United Kingdom","Total reserves (gold at national valuation)","US dollar","Monthly","1998-M07","35622.45943531308","Millions"
"United Kingdom","Total reserves (gold at national valuation)","US dollar","Monthly","1998-M08","35660.569221002","Millions"
"United Kingdom","Total reserves (gold at national valuation)","US dollar","Monthly","1998-M09","36740.63084680544","Millions"
"United Kingdom","Total reserves (gold at national valuation)","US dollar","Monthly","1998-M10","37784.19070179466","Millions"
"United Kingdom","Total reserves (gold at national valuation)","US dollar","Monthly","1998-M11","37117.21730285377","Millions"
"United Kingdom","Total reserves (gold at national valuation)","US dollar","Monthly","1998-M12","37289.54726808079","Millions"
"United Kingdom","Total reserves (gold at national valuation)","US dollar","Monthly","1999-M01","35142.79254969488","Millions"
"United Kingdom","Total reserves (gold at national valuation)","US dollar","Monthly","1999-M02","34632.64358498863","Millions"
"United Kingdom","Total reserves (gold at national valuation)","US dollar","Monthly","1999-M03","34377.63785010245","Millions"
"United Kingdom","Total reserves (gold at national valuation)","US dollar","Monthly","1999-M04","34203.77214827266","Millions"
"United Kingdom","Total reserves (gold at national valuation)","US dollar","Monthly","1999-M05","33943.99162483108","Millions"
"United Kingdom","Total reserves (gold at national valuation)","US dollar","Monthly","1999-M06","33728.71434754613","Millions"
"United Kingdom","Total reserves (gold at national valuation)","US dollar","Monthly","1999-M07","44224.71529806927","Millions"
"United Kingdom","Total reserves (gold at national valuation)","US dollar","Monthly","1999-M08","39334.34757826012","Millions"
"United Kingdom","Total reserves (gold at national valuation)","US dollar","Monthly","1999-M09","44362.7139938253","Millions"
"United Kingdom","Total reserves (gold at national valuation)","US dollar","Monthly","1999-M10","44383.17765513682","Millions"
"United Kingdom","Total reserves (gold at national valuation)","US dollar","Monthly","1999-M11","46640.03278986903","Millions"
"United Kingdom","Total reserves (gold at national valuation)","US dollar","Monthly","1999-M12","46188.28822151742","Millions"
"United Kingdom","Total reserves (gold at national valuation)","US dollar","Monthly","2000-M01","48601.8119837904","Millions"
"United Kingdom","Total reserves (gold at national valuation)","US dollar","Monthly","2000-M02","44177.76275886123","Millions"
"United Kingdom","Total reserves (gold at national valuation)","US dollar","Monthly","2000-M03","42545.83531452809","Millions"
"United Kingdom","Total reserves (gold at national valuation)","US dollar","Monthly","2000-M04","43481.63888561027","Millions"
"United Kingdom","Total reserves (gold at national valuation)","US dollar","Monthly","2000-M05","44354.92373575226","Millions"
"United Kingdom","Total reserves (gold at national valuation)","US dollar","Monthly","2000-M06","45252.26712223923","Millions"
"United Kingdom","Total reserves (gold at national valuation)","US dollar","Monthly","2000-M07","45555.70615144418","Millions"
"United Kingdom","Total reserves (gold at national valuation)","US dollar","Monthly","2000-M08","44575.08525023848","Millions"
"United Kingdom","Total reserves (gold at national valuation)","US dollar","Monthly","2000-M09","44384.43038227393","Millions"
"United Kingdom","Total reserves (gold at national valuation)","US dollar","Monthly","2000-M10","45959.39778741805","Millions"
"United Kingdom","Total reserves (gold at national valuation)","US dollar","Monthly","2000-M11","47948.09444631504","Millions"
"United Kingdom","Total reserves (gold at national valuation)","US dollar","Monthly","2000-M12","50911.17742457439","Millions"
"United Kingdom","Total reserves (gold at national valuation)","US dollar","Monthly","2001-M01","49481.91669162963","Millions"
"United Kingdom","Total reserves (gold at national valuation)","US dollar","Monthly","2001-M02","46189.91770515979","Millions"
"United Kingdom","Total reserves (gold at national valuation)","US dollar","Monthly","2001-M03","46706.22161552631","Millions"
"United Kingdom","Total reserves (gold at national valuation)","US dollar","Monthly","2001-M04","46600.61049570316","Millions"
"United Kingdom","Total reserves (gold at national valuation)","US dollar","Monthly","2001-M05","46901.0982199591","Millions"
"United Kingdom","Total reserves (gold at national valuation)","US dollar","Monthly","2001-M06","47802.97590300141","Millions"
"United Kingdom","Total reserves (gold at national valuation)","US dollar","Monthly","2001-M07","46198.66129042386","Millions"
"United Kingdom","Total reserves (gold at national valuation)","US dollar","Monthly","2001-M08","47673.7369002732","Millions"
"United Kingdom","Total reserves (gold at national valuation)","US dollar","Monthly","2001-M09","47758.24730107783","Millions"
"United Kingdom","Total reserves (gold at national valuation)","US dollar","Monthly","2001-M10","47386.19764253837","Millions"
"United Kingdom","Total reserves (gold at national valuation)","US dollar","Monthly","2001-M11","47480.97865162787","Millions"
"United Kingdom","Total reserves (gold at national valuation)","US dollar","Monthly","2001-M12","47417.46770944266","Millions"
"United Kingdom","Total reserves (gold at national valuation)","US dollar","Monthly","2002-M01","47749.1697159337","Millions"
"United Kingdom","Total reserves (gold at national valuation)","US dollar","Monthly","2002-M02","48144.92036550031","Millions"
"United Kingdom","Total reserves (gold at national valuation)","US dollar","Monthly","2002-M03","47747.43488229358","Millions"
"United Kingdom","Total reserves (gold at national valuation)","US dollar","Monthly","2002-M04","48844.68873273434","Millions"
"United Kingdom","Total reserves (gold at national valuation)","US dollar","Monthly","2002-M05","49777.71155112842","Millions"
"United Kingdom","Total reserves (gold at national valuation)","US dollar","Monthly","2002-M06","52410.45403930418","Millions"
"United Kingdom","Total reserves (gold at national valuation)","US dollar","Monthly","2002-M07","52047.24675904134","Millions"
"United Kingdom","Total reserves (gold at national valuation)","US dollar","Monthly","2002-M08","52214.91545805402","Millions"
"United Kingdom","Total reserves (gold at national valuation)","US dollar","Monthly","2002-M09","54473.71225406962","Millions"
"United Kingdom","Total reserves (gold at national valuation)","US dollar","Monthly","2002-M10","55206.68828348678","Millions"
"United Kingdom","Total reserves (gold at national valuation)","US dollar","Monthly","2002-M11","56175.35500110127","Millions"
"United Kingdom","Total reserves (gold at national valuation)","US dollar","Monthly","2002-M12","54959.28199897984","Millions"
"United Kingdom","Total reserves (gold at national valuation)","US dollar","Monthly","2003-M01","49748.84639804212","Millions"
"United Kingdom","Total reserves (gold at national valuation)","US dollar","Monthly","2003-M02","49731.14986001301","Millions"
"United Kingdom","Total reserves (gold at national valuation)","US dollar","Monthly","2003-M03","48857.72133846288","Millions"
"United Kingdom","Total reserves (gold at national valuation)","US dollar","Monthly","2003-M04","48767.48595117138","Millions"
"United Kingdom","Total reserves (gold at national valuation)","US dollar","Monthly","2003-M05","51195.34438948771","Millions"
"United Kingdom","Total reserves (gold at national valuation)","US dollar","Monthly","2003-M06","51788.05845954053","Millions"
"United Kingdom","Total reserves (gold at national valuation)","US dollar","Monthly","2003-M07","52063.2738341004","Millions"
"United Kingdom","Total reserves (gold at national valuation)","US dollar","Monthly","2003-M08","52119.57868122116","Millions"
"United Kingdom","Total reserves (gold at national valuation)","US dollar","Monthly","2003-M09","54428.49848850902","Millions"
"United Kingdom","Total reserves (gold at national valuation)","US dollar","Monthly","2003-M10","53658.20034794953","Millions"
"United Kingdom","Total reserves (gold at national valuation)","US dollar","Monthly","2003-M11","54493.25959549848","Millions"
"United Kingdom","Total reserves (gold at national valuation)","US dollar","Monthly","2003-M12","56349.68104007962","Millions"
"United Kingdom","Total reserves (gold at national valuation)","US dollar","Monthly","2004-M01","53693.02481382124","Millions"
"United Kingdom","Total reserves (gold at national valuation)","US dollar","Monthly","2004-M02","53821.37622699776","Millions"
"United Kingdom","Total reserves (gold at national valuation)","US dollar","Monthly","2004-M03","57126.92202418754","Millions"
"United Kingdom","Total reserves (gold at national valuation)","US dollar","Monthly","2004-M04","55470.10324565414","Millions"
"United Kingdom","Total reserves (gold at national valuation)","US dollar","Monthly","2004-M05","56132.40271581115","Millions"
"United Kingdom","Total reserves (gold at national valuation)","US dollar","Monthly","2004-M06","55866.43239193911","Millions"
"United Kingdom","Total reserves (gold at national valuation)","US dollar","Monthly","2004-M07","56471.95729339688","Millions"
"United Kingdom","Total reserves (gold at national valuation)","US dollar","Monthly","2004-M08","56159.64982447512","Millions"
"United Kingdom","Total reserves (gold at national valuation)","US dollar","Monthly","2004-M09","56565.85502101033","Millions"
"United Kingdom","Total reserves (gold at national valuation)","US dollar","Monthly","2004-M10","58112.20932755471","Millions"
"United Kingdom","Total reserves (gold at national valuation)","US dollar","Monthly","2004-M11","61621.97193354051","Millions"
"United Kingdom","Total reserves (gold at national valuation)","US dollar","Monthly","2004-M12","62138.19499875227","Millions"
"United Kingdom","Total reserves (gold at national valuation)","US dollar","Monthly","2005-M01","58400.43554193051","Millions"
"United Kingdom","Total reserves (gold at national valuation)","US dollar","Monthly","2005-M02","59052.51870693914","Millions"
"United Kingdom","Total reserves (gold at national valuation)","US dollar","Monthly","2005-M03","62089.41184053104","Millions"
"United Kingdom","Total reserves (gold at national valuation)","US dollar","Monthly","2005-M04","60780.37519693167","Millions"
"United Kingdom","Total reserves (gold at national valuation)","US dollar","Monthly","2005-M05","59532.08783188084","Millions"
"United Kingdom","Total reserves (gold at national valuation)","US dollar","Monthly","2005-M06","60525.10667187124","Millions"
"United Kingdom","Total reserves (gold at national valuation)","US dollar","Monthly","2005-M07","60351.72136730096","Millions"
"United Kingdom","Total reserves (gold at national valuation)","US dollar","Monthly","2005-M08","61505.94062795482","Millions"
"United Kingdom","Total reserves (gold at national valuation)","US dollar","Monthly","2005-M09","60520.86855924857","Millions"
"United Kingdom","Total reserves (gold at national valuation)","US dollar","Monthly","2005-M10","58958.38297659962","Millions"
"United Kingdom","Total reserves (gold at national valuation)","US dollar","Monthly","2005-M11","59252.34652111878","Millions"
"United Kingdom","Total reserves (gold at national valuation)","US dollar","Monthly","2005-M12","59135.10820500694","Millions"
"United Kingdom","Total reserves (gold at national valuation)","US dollar","Monthly","2006-M01","59979.62754743607","Millions"
"United Kingdom","Total reserves (gold at national valuation)","US dollar","Monthly","2006-M02","58031.90467281794","Millions"
"United Kingdom","Total reserves (gold at national valuation)","US dollar","Monthly","2006-M03","60603.75634279709","Millions"
"United Kingdom","Total reserves (gold at national valuation)","US dollar","Monthly","2006-M04","63820.15387722815","Millions"
"United Kingdom","Total reserves (gold at national valuation)","US dollar","Monthly","2006-M05","66827.20162320504","Millions"
"United Kingdom","Total reserves (gold at national valuation)","US dollar","Monthly","2006-M06","63016.50524882025","Millions"
"United Kingdom","Total reserves (gold at national valuation)","US dollar","Monthly","2006-M07","62219.48028091732","Millions"
"United Kingdom","Total reserves (gold at national valuation)","US dollar","Monthly","2006-M08","62754.95618054368","Millions"
"United Kingdom","Total reserves (gold at national valuation)","US dollar","Monthly","2006-M09","62199.0243064434","Millions"
"United Kingdom","Total reserves (gold at national valuation)","US dollar","Monthly","2006-M10","62051.19875608664","Millions"
"United Kingdom","Total reserves (gold at national valuation)","US dollar","Monthly","2006-M11","64400.49547732448","Millions"
"United Kingdom","Total reserves (gold at national valuation)","US dollar","Monthly","2006-M12","63823.57731364331","Millions"
"United Kingdom","Total reserves (gold at national valuation)","US dollar","Monthly","2007-M01","61592.56725061139","Millions"
"United Kingdom","Total reserves (gold at national valuation)","US dollar","Monthly","2007-M02","64178.02279631762","Millions"
"United Kingdom","Total reserves (gold at national valuation)","US dollar","Monthly","2007-M03","67958.54953683454","Millions"
"United Kingdom","Total reserves (gold at national valuation)","US dollar","Monthly","2007-M04","67883.95836554603","Millions"
"United Kingdom","Total reserves (gold at national valuation)","US dollar","Monthly","2007-M05","67658.80530954266","Millions"
"United Kingdom","Total reserves (gold at national valuation)","US dollar","Monthly","2007-M06","77276.9728643568","Millions"
"United Kingdom","Total reserves (gold at national valuation)","US dollar","Monthly","2007-M07","66612.63725011459","Millions"
"United Kingdom","Total reserves (gold at national valuation)","US dollar","Monthly","2007-M08","67309.68129208116","Millions"
"United Kingdom","Total reserves (gold at national valuation)","US dollar","Monthly","2007-M09","70943.45769826412","Millions"
"United Kingdom","Total reserves (gold at national valuation)","US dollar","Monthly","2007-M10","76124.44624745198","Millions"
"United Kingdom","Total reserves (gold at national valuation)","US dollar","Monthly","2007-M11","78480.97583929368","Millions"
"United Kingdom","Total reserves (gold at national valuation)","US dollar","Monthly","2007-M12","77742.89746609793","Millions"
"United Kingdom","Total reserves (gold at national valuation)","US dollar","Monthly","2008-M01","79426.58382043469","Millions"
"United Kingdom","Total reserves (gold at national valuation)","US dollar","Monthly","2008-M02","83004.20499432668","Millions"
"United Kingdom","Total reserves (gold at national valuation)","US dollar","Monthly","2008-M03","81468.66292643296","Millions"
"United Kingdom","Total reserves (gold at national valuation)","US dollar","Monthly","2008-M04","77586.03608388881","Millions"
"United Kingdom","Total reserves (gold at national valuation)","US dollar","Monthly","2008-M05","76069.92855854751","Millions"
"United Kingdom","Total reserves (gold at national valuation)","US dollar","Monthly","2008-M06","74452.70992000076","Millions"
"United Kingdom","Total reserves (gold at national valuation)","US dollar","Monthly","2008-M07","69505.22016259753","Millions"
"United Kingdom","Total reserves (gold at national valuation)","US dollar","Monthly","2008-M08","64860.79273566197","Millions"
"United Kingdom","Total reserves (gold at national valuation)","US dollar","Monthly","2008-M09","63348.97733002732","Millions"
"United Kingdom","Total reserves (gold at national valuation)","US dollar","Monthly","2008-M10","59674.73940283662","Millions"
"United Kingdom","Total reserves (gold at national valuation)","US dollar","Monthly","2008-M11","61543.14631987778","Millions"
"United Kingdom","Total reserves (gold at national valuation)","US dollar","Monthly","2008-M12","64738.32992480954","Millions"
"United Kingdom","Total reserves (gold at national valuation)","US dollar","Monthly","2009-M01","58807.75541712307","Millions"
"United Kingdom","Total reserves (gold at national valuation)","US dollar","Monthly","2009-M02","60301.78392673743","Millions"
"United Kingdom","Total reserves (gold at national valuation)","US dollar","Monthly","2009-M03","63212.87650149433","Millions"
"United Kingdom","Total reserves (gold at national valuation)","US dollar","Monthly","2009-M04","65187.10931957725","Millions"
"United Kingdom","Total reserves (gold at national valuation)","US dollar","Monthly","2009-M05","69981.64301665702","Millions"
"United Kingdom","Total reserves (gold at national valuation)","US dollar","Monthly","2009-M06","70808.46465750439","Millions"
"United Kingdom","Total reserves (gold at national valuation)","US dollar","Monthly","2009-M07","68563.40883651507","Millions"
"United Kingdom","Total reserves (gold at national valuation)","US dollar","Monthly","2009-M08","80134.45464576912","Millions"
"United Kingdom","Total reserves (gold at national valuation)","US dollar","Monthly","2009-M09","82513.95534880316","Millions"
"United Kingdom","Total reserves (gold at national valuation)","US dollar","Monthly","2009-M10","83223.45966120698","Millions"
"United Kingdom","Total reserves (gold at national valuation)","US dollar","Monthly","2009-M11","83770.22550388376","Millions"
"United Kingdom","Total reserves (gold at national valuation)","US dollar","Monthly","2009-M12","79618.16360024675","Millions"
"United Kingdom","Total reserves (gold at national valuation)","US dollar","Monthly","2010-M01","79868.13685400384","Millions"
"United Kingdom","Total reserves (gold at national valuation)","US dollar","Monthly","2010-M02","81100.88349188114","Millions"
"United Kingdom","Total reserves (gold at national valuation)","US dollar","Monthly","2010-M03","86637.88109287536","Millions"
"United Kingdom","Total reserves (gold at national valuation)","US dollar","Monthly","2010-M04","89020.39806845362","Millions"
"United Kingdom","Total reserves (gold at national valuation)","US dollar","Monthly","2010-M05","87352.92348586488","Millions"
"United Kingdom","Total reserves (gold at national valuation)","US dollar","Monthly","2010-M06","88901.28663784792","Millions"
"United Kingdom","Total reserves (gold at national valuation)","US dollar","Monthly","2010-M07","89449.20941870628","Millions"
"United Kingdom","Total reserves (gold at national valuation)","US dollar","Monthly","2010-M08","89699.48309898768","Millions"
"United Kingdom","Total reserves (gold at national valuation)","US dollar","Monthly","2010-M09","95091.62776091978","Millions"
"United Kingdom","Total reserves (gold at national valuation)","US dollar","Monthly","2010-M10","94606.43419332179","Millions"
"United Kingdom","Total reserves (gold at national valuation)","US dollar","Monthly","2010-M11","94168.04251905084","Millions"
"United Kingdom","Total reserves (gold at national valuation)","US dollar","Monthly","2010-M12","98072.59761442458","Millions"
"United Kingdom","Total reserves (gold at national valuation)","US dollar","Monthly","2011-M01","100969.7532899016","Millions"
"United Kingdom","Total reserves (gold at national valuation)","US dollar","Monthly","2011-M02","105076.0116635122","Millions"
"United Kingdom","Total reserves (gold at national valuation)","US dollar","Monthly","2011-M03","107429.5248293109","Millions"
"United Kingdom","Total reserves (gold at national valuation)","US dollar","Monthly","2011-M04","112688.1841743957","Millions"
"United Kingdom","Total reserves (gold at national valuation)","US dollar","Monthly","2011-M05","109136.7476255803","Millions"
"United Kingdom","Total reserves (gold at national valuation)","US dollar","Monthly","2011-M06","108877.092189253","Millions"
"United Kingdom","Total reserves (gold at national valuation)","US dollar","Monthly","2011-M07","114213.1896568291","Millions"
"United Kingdom","Total reserves (gold at national valuation)","US dollar","Monthly","2011-M08","117221.2059166271","Millions"
"United Kingdom","Total reserves (gold at national valuation)","US dollar","Monthly","2011-M09","110630.1821771288","Millions"
"United Kingdom","Total reserves (gold at national valuation)","US dollar","Monthly","2011-M10","113226.4930891531","Millions"
"United Kingdom","Total reserves (gold at national valuation)","US dollar","Monthly","2011-M11","113582.0456432847","Millions"
"United Kingdom","Total reserves (gold at national valuation)","US dollar","Monthly","2011-M12","109734.1745912877","Millions"
"United Kingdom","Total reserves (gold at national valuation)","US dollar","Monthly","2012-M01","112622.808177196","Millions"
"United Kingdom","Total reserves (gold at national valuation)","US dollar","Monthly","2012-M02","115504.4500894776","Millions"
"United Kingdom","Total reserves (gold at national valuation)","US dollar","Monthly","2012-M03","113161.7096872086","Millions"
"United Kingdom","Total reserves (gold at national valuation)","US dollar","Monthly","2012-M04","114136.7581594675","Millions"
"United Kingdom","Total reserves (gold at national valuation)","US dollar","Monthly","2012-M05","112806.8806154569","Millions"
"United Kingdom","Total reserves (gold at national valuation)","US dollar","Monthly","2012-M06","112881.7807959658","Millions"
"United Kingdom","Total reserves (gold at national valuation)","US dollar","Monthly","2012-M07","114464.1345555368","Millions"
"United Kingdom","Total reserves (gold at national valuation)","US dollar","Monthly","2012-M08","114237.9141591418","Millions"
"United Kingdom","Total reserves (gold at national valuation)","US dollar","Monthly","2012-M09","116699.1657518602","Millions"
"United Kingdom","Total reserves (gold at national valuation)","US dollar","Monthly","2012-M10","116818.1855797014","Millions"
"United Kingdom","Total reserves (gold at national valuation)","US dollar","Monthly","2012-M11","116699.8611408588","Millions"
"United Kingdom","Total reserves (gold at national valuation)","US dollar","Monthly","2012-M12","117092.5768645912","Millions"
"United Kingdom","Total reserves (gold at national valuation)","US dollar","Monthly","2013-M01","116376.5095092758","Millions"
"United Kingdom","Total reserves (gold at national valuation)","US dollar","Monthly","2013-M02","114102.0812640046","Millions"
"United Kingdom","Total reserves (gold at national valuation)","US dollar","Monthly","2013-M03","115310.7233737677","Millions"
"United Kingdom","Total reserves (gold at national valuation)","US dollar","Monthly","2013-M04","115417.9084153052","Millions"
"United Kingdom","Total reserves (gold at national valuation)","US dollar","Monthly","2013-M05","114190.0995764634","Millions"
"United Kingdom","Total reserves (gold at national valuation)","US dollar","Monthly","2013-M06","112697.5330849075","Millions"
"United Kingdom","Total reserves (gold at national valuation)","US dollar","Monthly","2013-M07","116588.310631667","Millions"
"United Kingdom","Total reserves (gold at national valuation)","US dollar","Monthly","2013-M08","119321.1337886918","Millions"
"United Kingdom","Total reserves (gold at national valuation)","US dollar","Monthly","2013-M09","121340.0343490884","Millions"
"United Kingdom","Total reserves (gold at national valuation)","US dollar","Monthly","2013-M10","123522.823751585","Millions"
"United Kingdom","Total reserves (gold at national valuation)","US dollar","Monthly","2013-M11","121646.4442608286","Millions"
"United Kingdom","Total reserves (gold at national valuation)","US dollar","Monthly","2013-M12","118750.3062796762","Millions"
"United Kingdom","Total reserves (gold at national valuation)","US dollar","Monthly","2014-M01","120960.52706538","Millions"
"United Kingdom","Total reserves (gold at national valuation)","US dollar","Monthly","2014-M02","123267.2760759032","Millions"
"United Kingdom","Total reserves (gold at national valuation)","US dollar","Monthly","2014-M03","128334.6090790156","Millions"
"United Kingdom","Total reserves (gold at national valuation)","US dollar","Monthly","2014-M04","126117.3169731594","Millions"
"United Kingdom","Total reserves (gold at national valuation)","US dollar","Monthly","2014-M05","126093.6945799936","Millions"
"United Kingdom","Total reserves (gold at national valuation)","US dollar","Monthly","2014-M06","130267.9238467898","Millions"
"United Kingdom","Total reserves (gold at national valuation)","US dollar","Monthly","2014-M07","128800.2424170912","Millions"
"United Kingdom","Total reserves (gold at national valuation)","US dollar","Monthly","2014-M08","129186.514950569","Millions"
"United Kingdom","Total reserves (gold at national valuation)","US dollar","Monthly","2014-M09","123861.2957451438","Millions"
"United Kingdom","Total reserves (gold at national valuation)","US dollar","Monthly","2014-M10","124533.9037907279","Millions"
"United Kingdom","Total reserves (gold at national valuation)","US dollar","Monthly","2014-M11","126506.9640049023","Millions"
"United Kingdom","Total reserves (gold at national valuation)","US dollar","Monthly","2014-M12","124487.5752212963","Millions"
"United Kingdom","Total reserves (gold at national valuation)","US dollar","Monthly","2015-M01","128305.010085623","Millions"
"United Kingdom","Total reserves (gold at national valuation)","US dollar","Monthly","2015-M02","130976.5765948633","Millions"
"United Kingdom","Total reserves (gold at national valuation)","US dollar","Monthly","2015-M03","135656.959488602","Millions"
"United Kingdom","Total reserves (gold at national valuation)","US dollar","Monthly","2015-M04","138977.2957490264","Millions"
"United Kingdom","Total reserves (gold at national valuation)","US dollar","Monthly","2015-M05","140822.2655178923","Millions"
"United Kingdom","Total reserves (gold at national valuation)","US dollar","Monthly","2015-M06","140197.1777954486","Millions"
"United Kingdom","Total reserves (gold at national valuation)","US dollar","Monthly","2015-M07","142954.0482622036","Millions"
"United Kingdom","Total reserves (gold at national valuation)","US dollar","Monthly","2015-M08","148298.5046630093","Millions"
"United Kingdom","Total reserves (gold at national valuation)","US dollar","Monthly","2015-M09","150819.8244199625","Millions"
"United Kingdom","Total reserves (gold at national valuation)","US dollar","Monthly","2015-M10","152956.3513535936","Millions"
"United Kingdom","Total reserves (gold at national valuation)","US dollar","Monthly","2015-M11","147554.4814781654","Millions"
"United Kingdom","Total reserves (gold at national valuation)","US dollar","Monthly","2015-M12","148128.7395058984","Millions"
"United Kingdom","Total reserves (gold at national valuation)","US dollar","Monthly","2016-M01","151284.6080901533","Millions"
"United Kingdom","Total reserves (gold at national valuation)","US dollar","Monthly","2016-M02","150879.8278072458","Millions"
"United Kingdom","Total reserves (gold at national valuation)","US dollar","Monthly","2016-M03","155324.7960635124","Millions"
"United Kingdom","Total reserves (gold at national valuation)","US dollar","Monthly","2016-M04","163057.085876715","Millions"
"United Kingdom","Total reserves (gold at national valuation)","US dollar","Monthly","2016-M05","159134.5368122668","Millions"
"United Kingdom","Total reserves (gold at national valuation)","US dollar","Monthly","2016-M06","162361.7720195111","Millions"
"United Kingdom","Total reserves (gold at national valuation)","US dollar","Monthly","2016-M07","165563.6204569884","Millions"
"United Kingdom","Total reserves (gold at national valuation)","US dollar","Monthly","2016-M08","165188.4107371163","Millions"
"United Kingdom","Total reserves (gold at national valuation)","US dollar","Monthly","2016-M09","145472.7232757514","Millions"
"United Kingdom","Total reserves (gold at national valuation)","US dollar","Monthly","2016-M10","144031.4464167891","Millions"
"United Kingdom","Total reserves (gold at national valuation)","US dollar","Monthly","2016-M11","137841.6942473875","Millions"
"United Kingdom","Total reserves (gold at national valuation)","US dollar","Monthly","2016-M12","135043.8301569181","Millions"
"United Kingdom","Total reserves (gold at national valuation)","US dollar","Monthly","2017-M01","140239.424927225","Millions"
"United Kingdom","Total reserves (gold at national valuation)","US dollar","Monthly","2017-M02","140332.8425452049","Millions"
"United Kingdom","Total reserves (gold at national valuation)","US dollar","Monthly","2017-M03","141911.5806923785","Millions"
"United Kingdom","Total reserves (gold at national valuation)","US dollar","Monthly","2017-M04","148867.6024918861","Millions"
"United Kingdom","Total reserves (gold at national valuation)","US dollar","Monthly","2017-M05","150382.2494785462","Millions"
"United Kingdom","Total reserves (gold at national valuation)","US dollar","Monthly","2017-M06","147311.9045465753","Millions"
"United Kingdom","Total reserves (gold at national valuation)","US dollar","Monthly","2017-M07","155448.2871282889","Millions"
"United Kingdom","Total reserves (gold at national valuation)","US dollar","Monthly","2017-M08","155620.8041279423","Millions"
"United Kingdom","Total reserves (gold at national valuation)","US dollar","Monthly","2017-M09","149316.1942047332","Millions"
"United Kingdom","Total reserves (gold at national valuation)","US dollar","Monthly","2017-M10","148649.793020834","Millions"
"United Kingdom","Total reserves (gold at national valuation)","US dollar","Monthly","2017-M11","145929.8534409317","Millions"
"United Kingdom","Total reserves (gold at national valuation)","US dollar","Monthly","2017-M12","150802.8111745649","Millions"
"United Kingdom","Total reserves (gold at national valuation)","US dollar","Monthly","2018-M01","156518.1647092157","Millions"
"United Kingdom","Total reserves (gold at national valuation)","US dollar","Monthly","2018-M02","154179.7215959286","Millions"
"United Kingdom","Total reserves (gold at national valuation)","US dollar","Monthly","2018-M03","157649.0362559559","Millions"
"United Kingdom","Total reserves (gold at national valuation)","US dollar","Monthly","2018-M04","154791.4078277323","Millions"
"United Kingdom","Total reserves (gold at national valuation)","US dollar","Monthly","2018-M05","158548.0390792837","Millions"
"United Kingdom","Total reserves (gold at national valuation)","US dollar","Monthly","2018-M06","155451.075548828","Millions"
"United Kingdom","Total reserves (gold at national valuation)","US dollar","Monthly","2018-M07","153138.2634938484","Millions"
"United Kingdom","Total reserves (gold at national valuation)","US dollar","Monthly","2018-M08","158449.5124830283","Millions"
"United Kingdom","Total reserves (gold at national valuation)","US dollar","Monthly","2018-M09","153818.9557154066","Millions"
"United Kingdom","Total reserves (gold at national valuation)","US dollar","Monthly","2018-M10","157432.345099236","Millions"
"United Kingdom","Total reserves (gold at national valuation)","US dollar","Monthly","2018-M11","167221.5728720783","Millions"
"United Kingdom","Total reserves (gold at national valuation)","US dollar","Monthly","2018-M12","172680.6866759482","Millions"
"United Kingdom","Total reserves (gold at national valuation)","US dollar","Monthly","2019-M01","175103.1353562875","Millions"
"United Kingdom","Total reserves (gold at national valuation)","US dollar","Monthly","2019-M02","169656.2740949205","Millions"
"United Kingdom","Total reserves (gold at national valuation)","US dollar","Monthly","2019-M03","163304.0407635869","Millions"
"United Kingdom","Total reserves (gold at national valuation)","US dollar","Monthly","2019-M04","166726.1048552767","Millions"
"United Kingdom","Total reserves (gold at national valuation)","US dollar","Monthly","2019-M05","156307.5830360091","Millions"
"United Kingdom","Total reserves (gold at national valuation)","US dollar","Monthly","2019-M06","160823.4333075508","Millions"
"United Kingdom","Total reserves (gold at national valuation)","US dollar","Monthly","2019-M07","168390.4123506004","Millions"
"United Kingdom","Total reserves (gold at national valuation)","US dollar","Monthly","2019-M08","167829.7497299316","Millions"
"United Kingdom","Total reserves (gold at national valuation)","US dollar","Monthly","2019-M09","158959.3866442438","Millions"
"United Kingdom","Total reserves (gold at national valuation)","US dollar","Monthly","2019-M10","175192.691839534","Millions"
"United Kingdom","Total reserves (gold at national valuation)","US dollar","Monthly","2019-M11","169674.830448601","Millions"
"United Kingdom","Total reserves (gold at national valuation)","US dollar","Monthly","2019-M12","173568.4510596866","Millions"
"United Kingdom","Total reserves (gold at national valuation)","US dollar","Monthly","2020-M01","169418.0382185948","Millions"
"United Kingdom","Total reserves (gold at national valuation)","US dollar","Monthly","2020-M02","166747.3902770559","Millions"
"United Kingdom","Total reserves (gold at national valuation)","US dollar","Monthly","2020-M03","170208.3993674612","Millions"
"United Kingdom","Total reserves (gold at national valuation)","US dollar","Monthly","2020-M04","173431.6762311986","Millions"
"United Kingdom","Total reserves (gold at national valuation)","US dollar","Monthly","2020-M05","174497.8717629007","Millions"
"United Kingdom","Total reserves (gold at national valuation)","US dollar","Monthly","2020-M06","173182.8500068495","Millions"
"United Kingdom","Total reserves (gold at national valuation)","US dollar","Monthly","2020-M07","177893.2299740172","Millions"
"United Kingdom","Total reserves (gold at national valuation)","US dollar","Monthly","2020-M08","176698.8420409252","Millions"
"United Kingdom","Total reserves (gold at national valuation)","US dollar","Monthly","2020-M09","169321.0266418626","Millions"
"United Kingdom","Total reserves (gold at national valuation)","US dollar","Monthly","2020-M10","171976.0777970751","Millions"
"United Kingdom","Total reserves (gold at national valuation)","US dollar","Monthly","2020-M11","178797.2601872774","Millions"
"United Kingdom","Total reserves (gold at national valuation)","US dollar","Monthly","2020-M12","180129.2209788177","Millions"
"United Kingdom","Total reserves (gold at national valuation)","US dollar","Monthly","2021-M01","173522.0973842985","Millions"
"United Kingdom","Total reserves (gold at national valuation)","US dollar","Monthly","2021-M02","171132.3255960293","Millions"
"United Kingdom","Total reserves (gold at national valuation)","US dollar","Monthly","2021-M03","171223.2400236804","Millions"
"United Kingdom","Total reserves (gold at national valuation)","US dollar","Monthly","2021-M04","172081.2566515731","Millions"
"United Kingdom","Total reserves (gold at national valuation)","US dollar","Monthly","2021-M05","171201.0660548067","Millions"
"United Kingdom","Total reserves (gold at national valuation)","US dollar","Monthly","2021-M06","167548.3082422701","Millions"
"United Kingdom","Total reserves (gold at national valuation)","US dollar","Monthly","2021-M07","169563.3878338301","Millions"
"United Kingdom","Total reserves (gold at national valuation)","US dollar","Monthly","2021-M08","192090.6976117296","Millions"
"United Kingdom","Total reserves (gold at national valuation)","US dollar","Monthly","2021-M09","193412.2388675972","Millions"
"United Kingdom","Total reserves (gold at national valuation)","US dollar","Monthly","2021-M10","192473.6721501149","Millions"
"United Kingdom","Total reserves (gold at national valuation)","US dollar","Monthly","2021-M11","192882.5373505041","Millions"
"United Kingdom","Total reserves (gold at national valuation)","US dollar","Monthly","2021-M12","194199.7033503949","Millions"
"United Kingdom","Total reserves (gold at national valuation)","US dollar","Monthly","2022-M01","186309.3599840401","Millions"
"United Kingdom","Total reserves (gold at national valuation)","US dollar","Monthly","2022-M02","188084.3234022908","Millions"
"United Kingdom","Total reserves (gold at national valuation)","US dollar","Monthly","2022-M03","190545.5301667567","Millions"
"United Kingdom","Total reserves (gold at national valuation)","US dollar","Monthly","2022-M04","180906.4356714726","Millions"
"United Kingdom","Total reserves (gold at national valuation)","US dollar","Monthly","2022-M05","178078.5660660232","Millions"
"United Kingdom","Total reserves (gold at national valuation)","US dollar","Monthly","2022-M06","175019.2413543969","Millions"
"United Kingdom","Total reserves (gold at national valuation)","US dollar","Monthly","2022-M07","172041.0104442165","Millions"
"United Kingdom","Total reserves (gold at national valuation)","US dollar","Monthly","2022-M08","170814.2309708419","Millions"
"United Kingdom","Total reserves (gold at national valuation)","US dollar","Monthly","2022-M09","159867.3150214036","Millions"
"United Kingdom","Total reserves (gold at national valuation)","US dollar","Monthly","2022-M10","164234.6823792109","Millions"
"United Kingdom","Total reserves (gold at national valuation)","US dollar","Monthly","2022-M11","173189.079265872","Millions"
"United Kingdom","Total reserves (gold at national valuation)","US dollar","Monthly","2022-M12","176469.0248097482","Millions"
"United Kingdom","Total reserves (gold at national valuation)","US dollar","Monthly","2023-M01","176414.6776616958","Millions"
"United Kingdom","Total reserves (gold at national valuation)","US dollar","Monthly","2023-M02","169084.2977534762","Millions"
"United Kingdom","Total reserves (gold at national valuation)","US dollar","Monthly","2023-M03","173356.2667771593","Millions"
"United Kingdom","Total reserves (gold at national valuation)","US dollar","Monthly","2023-M04","175599.2727679565","Millions"
"United Kingdom","Total reserves (gold at national valuation)","US dollar","Monthly","2023-M05","171387.437008765","Millions"
"United Kingdom","Total reserves (gold at national valuation)","US dollar","Monthly","2023-M06","173311.4127686847","Millions"
"United Kingdom","Total reserves (gold at national valuation)","US dollar","Monthly","2023-M07","178424.0729283827","Millions"
"United Kingdom","Total reserves (gold at national valuation)","US dollar","Monthly","2023-M08","176852.1589618068","Millions"
"United Kingdom","Total reserves (gold at national valuation)","US dollar","Monthly","2023-M09","170266.3647032074","Millions"
"United Kingdom","Total reserves (gold at national valuation)","US dollar","Monthly","2023-M10","171299.3909892195","Millions"
"United Kingdom","Total reserves (gold at national valuation)","US dollar","Monthly","2023-M11","174882.1637857098","Millions"
"United Kingdom","Total reserves (gold at national valuation)","US dollar","Monthly","2023-M12","177939.897303269","Millions"
"United Kingdom","Total reserves (gold at national valuation)","US dollar","Monthly","2024-M01","174284.5653149","Millions"
"United Kingdom","Total reserves (gold at national valuation)","US dollar","Monthly","2024-M02","173250.1735442654","Millions"
"United Kingdom","Total reserves (gold at national valuation)","US dollar","Monthly","2024-M03","175786.0382715966","Millions"
"United Kingdom","Total reserves (gold at national valuation)","US dollar","Monthly","2024-M04","170889.3359617838","Millions"
"United Kingdom","Total reserves (gold at national valuation)","US dollar","Monthly","2024-M05","175067.6859658934","Millions"
"United Kingdom","Total reserves (gold at national valuation)","US dollar","Monthly","2024-M06","172669.148828358","Millions"
"United Kingdom","Total reserves (gold at national valuation)","US dollar","Monthly","2024-M07","177026.9937355776","Millions"
"United Kingdom","Total reserves (gold at national valuation)","US dollar","Monthly","2024-M08","180382.4629819193","Millions"
"United Kingdom","Total reserves (gold at national valuation)","US dollar","Monthly","2024-M09","180794.9717413138","Millions"
"United Kingdom","Total reserves (gold at national valuation)","US dollar","Monthly","2024-M10","178308.1246427765","Millions"
"United Kingdom","Total reserves (gold at national valuation)","US dollar","Monthly","2024-M11","177533.5822359045","Millions"
"United Kingdom","Total reserves (gold at national valuation)","US dollar","Monthly","2024-M12","174766.9871015405","Millions"
"United Kingdom","Total reserves (gold at national valuation)","US dollar","Monthly","2025-M01","176669.1017278366","Millions"
"United Kingdom","Total reserves (gold at national valuation)","US dollar","Monthly","2025-M02","178465.1029663466","Millions"
"United Kingdom","Total reserves (gold at national valuation)","US dollar","Monthly","2025-M03","184055.6538791872","Millions"
"United Kingdom","Total reserves (gold at national valuation)","US dollar","Monthly","2025-M04","191974.2228065036","Millions"
"United Kingdom","Total reserves (gold at national valuation)","US dollar","Monthly","2025-M05","193110.0636083751","Millions"
"United Kingdom","Total reserves (gold at national valuation)","US dollar","Monthly","2025-M06","198008.5563806082","Millions"
"United Kingdom","Total reserves (gold at national valuation)","US dollar","Monthly","2025-M07","195745.4269321537","Millions"
"United Kingdom","Total reserves (gold at national valuation)","US dollar","Monthly","2025-M08","200962.7928767342","Millions"
"United Kingdom","Total reserves (gold at national valuation)","US dollar","Monthly","2025-M09","208848.5993607144","Millions"
"United Kingdom","Total reserves (gold at national valuation)","US dollar","Monthly","2025-M10","209024.3013036809","Millions"
"United Kingdom","Total reserves (gold at national valuation)","US dollar","Monthly","2025-M11","211455.5791829888","Millions"
"United Kingdom","Total reserves (gold at national valuation)","US dollar","Monthly","2025-M12","214028.8831081179","Millions"
"United Kingdom","Total reserves (gold at national valuation)","US dollar","Monthly","2026-M01","221797.5212654049","Millions"
"United Kingdom","Total reserves (gold at national valuation)","US dollar","Monthly","2026-M02","226219.3720808679","Millions"
