"COUNTRY","INDICATOR","UNIT","FREQUENCY","TIME_PERIOD","OBS_VALUE","SCALE"
"United States","Total reserves (gold at national valuation)","US dollar","Quarterly","1950-Q4","24265.5","Millions"
"United States","Total reserves (gold at national valuation)","US dollar","Quarterly","1951-Q4","24298.6","Millions"
"United States","Total reserves (gold at national valuation)","US dollar","Quarterly","1952-Q4","24713.9","Millions"
"United States","Total reserves (gold at national valuation)","US dollar","Quarterly","1953-Q4","23458.1","Millions"
"United States","Total reserves (gold at national valuation)","US dollar","Quarterly","1954-Q4","22978.2","Millions"
"United States","Total reserves (gold at national valuation)","US dollar","Quarterly","1955-Q4","22797.2","Millions"
"United States","Total reserves (gold at national valuation)","US dollar","Quarterly","1956-Q4","23665.6","Millions"
"United States","Total reserves (gold at national valuation)","US dollar","Quarterly","1957-Q1","23993.6","Millions"
"United States","Total reserves (gold at national valuation)","US dollar","Quarterly","1957-Q2","24381.3","Millions"
"United States","Total reserves (gold at national valuation)","US dollar","Quarterly","1957-Q3","24657.1","Millions"
"United States","Total reserves (gold at national valuation)","US dollar","Quarterly","1957-Q4","24832","Millions"
"United States","Total reserves (gold at national valuation)","US dollar","Quarterly","1958-Q1","24528.8","Millions"
"United States","Total reserves (gold at national valuation)","US dollar","Quarterly","1958-Q2","23496.4","Millions"
"United States","Total reserves (gold at national valuation)","US dollar","Quarterly","1958-Q3","22960.3","Millions"
"United States","Total reserves (gold at national valuation)","US dollar","Quarterly","1958-Q4","22539.7","Millions"
"United States","Total reserves (gold at national valuation)","US dollar","Quarterly","1959-Q1","22278.6","Millions"
"United States","Total reserves (gold at national valuation)","US dollar","Quarterly","1959-Q2","21857.6","Millions"
"United States","Total reserves (gold at national valuation)","US dollar","Quarterly","1959-Q3","21664","Millions"
"United States","Total reserves (gold at national valuation)","US dollar","Quarterly","1959-Q4","21504.5","Millions"
"United States","Total reserves (gold at national valuation)","US dollar","Quarterly","1960-Q1","21344.7","Millions"
"United States","Total reserves (gold at national valuation)","US dollar","Quarterly","1960-Q2","21169.8","Millions"
"United States","Total reserves (gold at national valuation)","US dollar","Quarterly","1960-Q3","20430","Millions"
"United States","Total reserves (gold at national valuation)","US dollar","Quarterly","1960-Q4","19358.8","Millions"
"United States","Total reserves (gold at national valuation)","US dollar","Quarterly","1961-Q1","18988.2","Millions"
"United States","Total reserves (gold at national valuation)","US dollar","Quarterly","1961-Q2","19307.9","Millions"
"United States","Total reserves (gold at national valuation)","US dollar","Quarterly","1961-Q3","19520.9","Millions"
"United States","Total reserves (gold at national valuation)","US dollar","Quarterly","1961-Q4","18752.9","Millions"
"United States","Total reserves (gold at national valuation)","US dollar","Quarterly","1962-Q1","18328.7","Millions"
"United States","Total reserves (gold at national valuation)","US dollar","Quarterly","1962-Q2","18490.3","Millions"
"United States","Total reserves (gold at national valuation)","US dollar","Quarterly","1962-Q3","17610.3","Millions"
"United States","Total reserves (gold at national valuation)","US dollar","Quarterly","1962-Q4","17220.4","Millions"
"United States","Total reserves (gold at national valuation)","US dollar","Quarterly","1963-Q1","17188.5","Millions"
"United States","Total reserves (gold at national valuation)","US dollar","Quarterly","1963-Q2","17064.7","Millions"
"United States","Total reserves (gold at national valuation)","US dollar","Quarterly","1963-Q3","16838","Millions"
"United States","Total reserves (gold at national valuation)","US dollar","Quarterly","1963-Q4","16843","Millions"
"United States","Total reserves (gold at national valuation)","US dollar","Quarterly","1964-Q1","16894","Millions"
"United States","Total reserves (gold at national valuation)","US dollar","Quarterly","1964-Q2","16591.2","Millions"
"United States","Total reserves (gold at national valuation)","US dollar","Quarterly","1964-Q3","16521","Millions"
"United States","Total reserves (gold at national valuation)","US dollar","Quarterly","1964-Q4","16672.4","Millions"
"United States","Total reserves (gold at national valuation)","US dollar","Quarterly","1965-Q1","15828.9","Millions"
"United States","Total reserves (gold at national valuation)","US dollar","Quarterly","1965-Q2","15761.8","Millions"
"United States","Total reserves (gold at national valuation)","US dollar","Quarterly","1965-Q3","15721.2","Millions"
"United States","Total reserves (gold at national valuation)","US dollar","Quarterly","1965-Q4","15450","Millions"
"United States","Total reserves (gold at national valuation)","US dollar","Quarterly","1966-Q1","15025.9","Millions"
"United States","Total reserves (gold at national valuation)","US dollar","Quarterly","1966-Q2","14957.8","Millions"
"United States","Total reserves (gold at national valuation)","US dollar","Quarterly","1966-Q3","14876","Millions"
"United States","Total reserves (gold at national valuation)","US dollar","Quarterly","1966-Q4","14881.7","Millions"
"United States","Total reserves (gold at national valuation)","US dollar","Quarterly","1967-Q1","13854.6","Millions"
"United States","Total reserves (gold at national valuation)","US dollar","Quarterly","1967-Q2","14274.3","Millions"
"United States","Total reserves (gold at national valuation)","US dollar","Quarterly","1967-Q3","14648.6","Millions"
"United States","Total reserves (gold at national valuation)","US dollar","Quarterly","1967-Q4","14830.2","Millions"
"United States","Total reserves (gold at national valuation)","US dollar","Quarterly","1968-Q1","13926.5","Millions"
"United States","Total reserves (gold at national valuation)","US dollar","Quarterly","1968-Q2","14062.6","Millions"
"United States","Total reserves (gold at national valuation)","US dollar","Quarterly","1968-Q3","14633.9","Millions"
"United States","Total reserves (gold at national valuation)","US dollar","Quarterly","1968-Q4","15709.9","Millions"
"United States","Total reserves (gold at national valuation)","US dollar","Quarterly","1969-Q1","15758.4","Millions"
"United States","Total reserves (gold at national valuation)","US dollar","Quarterly","1969-Q2","16057.1","Millions"
"United States","Total reserves (gold at national valuation)","US dollar","Quarterly","1969-Q3","16743.2","Millions"
"United States","Total reserves (gold at national valuation)","US dollar","Quarterly","1969-Q4","16963.6","Millions"
"United States","Total reserves (gold at national valuation)","US dollar","Quarterly","1970-Q1","17350.63","Millions"
"United States","Total reserves (gold at national valuation)","US dollar","Quarterly","1970-Q2","16328.29","Millions"
"United States","Total reserves (gold at national valuation)","US dollar","Quarterly","1970-Q3","15527.69","Millions"
"United States","Total reserves (gold at national valuation)","US dollar","Quarterly","1970-Q4","14486.89","Millions"
"United States","Total reserves (gold at national valuation)","US dollar","Quarterly","1971-Q1","14341.59","Millions"
"United States","Total reserves (gold at national valuation)","US dollar","Quarterly","1971-Q2","13503.91","Millions"
"United States","Total reserves (gold at national valuation)","US dollar","Quarterly","1971-Q3","12130.21","Millions"
"United States","Total reserves (gold at national valuation)","US dollar","Quarterly","1971-Q4","12314.56522645738","Millions"
"United States","Total reserves (gold at national valuation)","US dollar","Quarterly","1972-Q1","12475.16172042904","Millions"
"United States","Total reserves (gold at national valuation)","US dollar","Quarterly","1972-Q2","13338.59655001531","Millions"
"United States","Total reserves (gold at national valuation)","US dollar","Quarterly","1972-Q3","13216.79659346051","Millions"
"United States","Total reserves (gold at national valuation)","US dollar","Quarterly","1972-Q4","13150.32235212239","Millions"
"United States","Total reserves (gold at national valuation)","US dollar","Quarterly","1973-Q1","13201.41172894192","Millions"
"United States","Total reserves (gold at national valuation)","US dollar","Quarterly","1973-Q2","13183.15972337072","Millions"
"United States","Total reserves (gold at national valuation)","US dollar","Quarterly","1973-Q3","13197.9977715218","Millions"
"United States","Total reserves (gold at national valuation)","US dollar","Quarterly","1973-Q4","14377.95645421069","Millions"
"United States","Total reserves (gold at national valuation)","US dollar","Quarterly","1974-Q1","14588.25737731739","Millions"
"United States","Total reserves (gold at national valuation)","US dollar","Quarterly","1974-Q2","14946.21714602836","Millions"
"United States","Total reserves (gold at national valuation)","US dollar","Quarterly","1974-Q3","15893.18026994692","Millions"
"United States","Total reserves (gold at national valuation)","US dollar","Quarterly","1974-Q4","15883.84754912931","Millions"
"United States","Total reserves (gold at national valuation)","US dollar","Quarterly","1975-Q1","16255.80098377885","Millions"
"United States","Total reserves (gold at national valuation)","US dollar","Quarterly","1975-Q2","16241.47127758313","Millions"
"United States","Total reserves (gold at national valuation)","US dollar","Quarterly","1975-Q3","16291.69280186015","Millions"
"United States","Total reserves (gold at national valuation)","US dollar","Quarterly","1975-Q4","16225.89658934102","Millions"
"United States","Total reserves (gold at national valuation)","US dollar","Quarterly","1976-Q1","16941.1636137084","Millions"
"United States","Total reserves (gold at national valuation)","US dollar","Quarterly","1976-Q2","18476.49524430505","Millions"
"United States","Total reserves (gold at national valuation)","US dollar","Quarterly","1976-Q3","18945.8841135667","Millions"
"United States","Total reserves (gold at national valuation)","US dollar","Quarterly","1976-Q4","18747.00164611658","Millions"
"United States","Total reserves (gold at national valuation)","US dollar","Quarterly","1977-Q1","19120.64834088913","Millions"
"United States","Total reserves (gold at national valuation)","US dollar","Quarterly","1977-Q2","19155.7337476895","Millions"
"United States","Total reserves (gold at national valuation)","US dollar","Quarterly","1977-Q3","18988.47211270638","Millions"
"United States","Total reserves (gold at national valuation)","US dollar","Quarterly","1977-Q4","19311.49833289743","Millions"
"United States","Total reserves (gold at national valuation)","US dollar","Quarterly","1978-Q1","19191.3244384177","Millions"
"United States","Total reserves (gold at national valuation)","US dollar","Quarterly","1978-Q2","18863.95013024192","Millions"
"United States","Total reserves (gold at national valuation)","US dollar","Quarterly","1978-Q3","18849.93134403781","Millions"
"United States","Total reserves (gold at national valuation)","US dollar","Quarterly","1978-Q4","18650.30498789091","Millions"
"United States","Total reserves (gold at national valuation)","US dollar","Quarterly","1979-Q1","21657.91934705243","Millions"
"United States","Total reserves (gold at national valuation)","US dollar","Quarterly","1979-Q2","21267.65404481842","Millions"
"United States","Total reserves (gold at national valuation)","US dollar","Quarterly","1979-Q3","18557.29735528523","Millions"
"United States","Total reserves (gold at national valuation)","US dollar","Quarterly","1979-Q4","18956.02573273574","Millions"
"United States","Total reserves (gold at national valuation)","US dollar","Quarterly","1980-Q1","21491.05791114441","Millions"
"United States","Total reserves (gold at national valuation)","US dollar","Quarterly","1980-Q2","21942.97790293215","Millions"
"United States","Total reserves (gold at national valuation)","US dollar","Quarterly","1980-Q3","22994.40203385098","Millions"
"United States","Total reserves (gold at national valuation)","US dollar","Quarterly","1980-Q4","26755.96720335431","Millions"
"United States","Total reserves (gold at national valuation)","US dollar","Quarterly","1981-Q1","30409.44669757666","Millions"
"United States","Total reserves (gold at national valuation)","US dollar","Quarterly","1981-Q2","29582.15249816154","Millions"
"United States","Total reserves (gold at national valuation)","US dollar","Quarterly","1981-Q3","29715.20293533397","Millions"
"United States","Total reserves (gold at national valuation)","US dollar","Quarterly","1981-Q4","30074.50998574102","Millions"
"United States","Total reserves (gold at national valuation)","US dollar","Quarterly","1982-Q1","29943.50668930597","Millions"
"United States","Total reserves (gold at national valuation)","US dollar","Quarterly","1982-Q2","30671.36847853573","Millions"
"United States","Total reserves (gold at national valuation)","US dollar","Quarterly","1982-Q3","30992.61815173032","Millions"
"United States","Total reserves (gold at national valuation)","US dollar","Quarterly","1982-Q4","33957.35476222226","Millions"
"United States","Total reserves (gold at national valuation)","US dollar","Quarterly","1983-Q1","34260.60032632007","Millions"
"United States","Total reserves (gold at national valuation)","US dollar","Quarterly","1983-Q2","33876.65831380922","Millions"
"United States","Total reserves (gold at national valuation)","US dollar","Quarterly","1983-Q3","33066.39322253529","Millions"
"United States","Total reserves (gold at national valuation)","US dollar","Quarterly","1983-Q4","33747.77942348095","Millions"
"United States","Total reserves (gold at national valuation)","US dollar","Quarterly","1984-Q1","34974.73983105422","Millions"
"United States","Total reserves (gold at national valuation)","US dollar","Quarterly","1984-Q2","34547.52783764559","Millions"
"United States","Total reserves (gold at national valuation)","US dollar","Quarterly","1984-Q3","34306.83616383616","Millions"
"United States","Total reserves (gold at national valuation)","US dollar","Quarterly","1984-Q4","34933.77988137677","Millions"
"United States","Total reserves (gold at national valuation)","US dollar","Quarterly","1985-Q1","35493.01072299664","Millions"
"United States","Total reserves (gold at national valuation)","US dollar","Quarterly","1985-Q2","36087.30467595735","Millions"
"United States","Total reserves (gold at national valuation)","US dollar","Quarterly","1985-Q3","38293.99503141123","Millions"
"United States","Total reserves (gold at national valuation)","US dollar","Quarterly","1985-Q4","43185.42223198593","Millions"
"United States","Total reserves (gold at national valuation)","US dollar","Quarterly","1986-Q1","44918.59031564084","Millions"
"United States","Total reserves (gold at national valuation)","US dollar","Quarterly","1986-Q2","46594.62645282088","Millions"
"United States","Total reserves (gold at national valuation)","US dollar","Quarterly","1986-Q3","48086.70387807605","Millions"
"United States","Total reserves (gold at national valuation)","US dollar","Quarterly","1986-Q4","48516.48472838916","Millions"
"United States","Total reserves (gold at national valuation)","US dollar","Quarterly","1987-Q1","48823.94686499614","Millions"
"United States","Total reserves (gold at national valuation)","US dollar","Quarterly","1987-Q2","45139.50701633312","Millions"
"United States","Total reserves (gold at national valuation)","US dollar","Quarterly","1987-Q3","45070.6217513148","Millions"
"United States","Total reserves (gold at national valuation)","US dollar","Quarterly","1987-Q4","45798.29723786691","Millions"
"United States","Total reserves (gold at national valuation)","US dollar","Quarterly","1988-Q1","43185.99789131967","Millions"
"United States","Total reserves (gold at national valuation)","US dollar","Quarterly","1988-Q2","41027.8217562254","Millions"
"United States","Total reserves (gold at national valuation)","US dollar","Quarterly","1988-Q3","47787.96572726329","Millions"
"United States","Total reserves (gold at national valuation)","US dollar","Quarterly","1988-Q4","47801.65278357177","Millions"
"United States","Total reserves (gold at national valuation)","US dollar","Quarterly","1989-Q1","49854.24929870602","Millions"
"United States","Total reserves (gold at national valuation)","US dollar","Quarterly","1989-Q2","60503.41250373909","Millions"
"United States","Total reserves (gold at national valuation)","US dollar","Quarterly","1989-Q3","68417.49574465361","Millions"
"United States","Total reserves (gold at national valuation)","US dollar","Quarterly","1989-Q4","74608.63326937734","Millions"
"United States","Total reserves (gold at national valuation)","US dollar","Quarterly","1990-Q1","76303.02854020868","Millions"
"United States","Total reserves (gold at national valuation)","US dollar","Quarterly","1990-Q2","77298.84325354791","Millions"
"United States","Total reserves (gold at national valuation)","US dollar","Quarterly","1990-Q3","80024.16613285054","Millions"
"United States","Total reserves (gold at national valuation)","US dollar","Quarterly","1990-Q4","83316.21460784451","Millions"
"United States","Total reserves (gold at national valuation)","US dollar","Quarterly","1991-Q1","78002.36342340154","Millions"
"United States","Total reserves (gold at national valuation)","US dollar","Quarterly","1991-Q2","74939.38990982471","Millions"
"United States","Total reserves (gold at national valuation)","US dollar","Quarterly","1991-Q3","74730.8686730506","Millions"
"United States","Total reserves (gold at national valuation)","US dollar","Quarterly","1991-Q4","77718.47428800294","Millions"
"United States","Total reserves (gold at national valuation)","US dollar","Quarterly","1992-Q1","74656.90534979419","Millions"
"United States","Total reserves (gold at national valuation)","US dollar","Quarterly","1992-Q2","77091.90276644763","Millions"
"United States","Total reserves (gold at national valuation)","US dollar","Quarterly","1992-Q3","78526.60904913404","Millions"
"United States","Total reserves (gold at national valuation)","US dollar","Quarterly","1992-Q4","71323.69473510532","Millions"
"United States","Total reserves (gold at national valuation)","US dollar","Quarterly","1993-Q1","74378.15102383115","Millions"
"United States","Total reserves (gold at national valuation)","US dollar","Quarterly","1993-Q2","73969.08097540322","Millions"
"United States","Total reserves (gold at national valuation)","US dollar","Quarterly","1993-Q3","75834.60443389334","Millions"
"United States","Total reserves (gold at national valuation)","US dollar","Quarterly","1993-Q4","73405.9777751732","Millions"
"United States","Total reserves (gold at national valuation)","US dollar","Quarterly","1994-Q1","76809.87317326915","Millions"
"United States","Total reserves (gold at national valuation)","US dollar","Quarterly","1994-Q2","75731.3545948276","Millions"
"United States","Total reserves (gold at national valuation)","US dollar","Quarterly","1994-Q3","76532.07200291129","Millions"
"United States","Total reserves (gold at national valuation)","US dollar","Quarterly","1994-Q4","74334.72526493752","Millions"
"United States","Total reserves (gold at national valuation)","US dollar","Quarterly","1995-Q1","86762.05488347136","Millions"
"United States","Total reserves (gold at national valuation)","US dollar","Quarterly","1995-Q2","90062.65348647181","Millions"
"United States","Total reserves (gold at national valuation)","US dollar","Quarterly","1995-Q3","87152.14640212692","Millions"
"United States","Total reserves (gold at national valuation)","US dollar","Quarterly","1995-Q4","85831.1248834358","Millions"
"United States","Total reserves (gold at national valuation)","US dollar","Quarterly","1996-Q1","84211.61274406932","Millions"
"United States","Total reserves (gold at national valuation)","US dollar","Quarterly","1996-Q2","83454.80040950613","Millions"
"United States","Total reserves (gold at national valuation)","US dollar","Quarterly","1996-Q3","75510.50371627618","Millions"
"United States","Total reserves (gold at national valuation)","US dollar","Quarterly","1996-Q4","75088.76454620437","Millions"
"United States","Total reserves (gold at national valuation)","US dollar","Quarterly","1997-Q1","67222.0273645739","Millions"
"United States","Total reserves (gold at national valuation)","US dollar","Quarterly","1997-Q2","67813.07894723823","Millions"
"United States","Total reserves (gold at national valuation)","US dollar","Quarterly","1997-Q3","67147.6766710358","Millions"
"United States","Total reserves (gold at national valuation)","US dollar","Quarterly","1997-Q4","69954.13491070118","Millions"
"United States","Total reserves (gold at national valuation)","US dollar","Quarterly","1998-Q1","69353.00763241098","Millions"
"United States","Total reserves (gold at national valuation)","US dollar","Quarterly","1998-Q2","71162.03232830542","Millions"
"United States","Total reserves (gold at national valuation)","US dollar","Quarterly","1998-Q3","75675.20355695994","Millions"
"United States","Total reserves (gold at national valuation)","US dollar","Quarterly","1998-Q4","81760.4871234415","Millions"
"United States","Total reserves (gold at national valuation)","US dollar","Quarterly","1999-Q1","74358.89376379397","Millions"
"United States","Total reserves (gold at national valuation)","US dollar","Quarterly","1999-Q2","71688.96424401595","Millions"
"United States","Total reserves (gold at national valuation)","US dollar","Quarterly","1999-Q3","73413.58549358967","Millions"
"United States","Total reserves (gold at national valuation)","US dollar","Quarterly","1999-Q4","71547.97832108141","Millions"
"United States","Total reserves (gold at national valuation)","US dollar","Quarterly","2000-Q1","70789.38032113973","Millions"
"United States","Total reserves (gold at national valuation)","US dollar","Quarterly","2000-Q2","67955.52193091743","Millions"
"United States","Total reserves (gold at national valuation)","US dollar","Quarterly","2000-Q3","66255.99261008453","Millions"
"United States","Total reserves (gold at national valuation)","US dollar","Quarterly","2000-Q4","67646.11265272295","Millions"
"United States","Total reserves (gold at national valuation)","US dollar","Quarterly","2001-Q1","64221.32706201519","Millions"
"United States","Total reserves (gold at national valuation)","US dollar","Quarterly","2001-Q2","64846.8813068573","Millions"
"United States","Total reserves (gold at national valuation)","US dollar","Quarterly","2001-Q3","70947.16352363397","Millions"
"United States","Total reserves (gold at national valuation)","US dollar","Quarterly","2001-Q4","68678.67702798485","Millions"
"United States","Total reserves (gold at national valuation)","US dollar","Quarterly","2002-Q1","67573.38554778729","Millions"
"United States","Total reserves (gold at national valuation)","US dollar","Quarterly","2002-Q2","74696.25456316183","Millions"
"United States","Total reserves (gold at national valuation)","US dollar","Quarterly","2002-Q3","75860.0494330274","Millions"
"United States","Total reserves (gold at national valuation)","US dollar","Quarterly","2002-Q4","79005.41491424128","Millions"
"United States","Total reserves (gold at national valuation)","US dollar","Quarterly","2003-Q1","80048.96046625616","Millions"
"United States","Total reserves (gold at national valuation)","US dollar","Quarterly","2003-Q2","81660.15009776562","Millions"
"United States","Total reserves (gold at national valuation)","US dollar","Quarterly","2003-Q3","84432.57508500025","Millions"
"United States","Total reserves (gold at national valuation)","US dollar","Quarterly","2003-Q4","85937.13529877226","Millions"
"United States","Total reserves (gold at national valuation)","US dollar","Quarterly","2004-Q1","85191.6063289223","Millions"
"United States","Total reserves (gold at national valuation)","US dollar","Quarterly","2004-Q2","82652.58100024527","Millions"
"United States","Total reserves (gold at national valuation)","US dollar","Quarterly","2004-Q3","82578.01109854877","Millions"
"United States","Total reserves (gold at national valuation)","US dollar","Quarterly","2004-Q4","86934.73497259506","Millions"
"United States","Total reserves (gold at national valuation)","US dollar","Quarterly","2005-Q1","78942.23593645861","Millions"
"United States","Total reserves (gold at national valuation)","US dollar","Quarterly","2005-Q2","76593.58806428216","Millions"
"United States","Total reserves (gold at national valuation)","US dollar","Quarterly","2005-Q3","71273.36074772623","Millions"
"United States","Total reserves (gold at national valuation)","US dollar","Quarterly","2005-Q4","65126.95491064807","Millions"
"United States","Total reserves (gold at national valuation)","US dollar","Quarterly","2006-Q1","65353.94038159369","Millions"
"United States","Total reserves (gold at national valuation)","US dollar","Quarterly","2006-Q2","67933.97304325197","Millions"
"United States","Total reserves (gold at national valuation)","US dollar","Quarterly","2006-Q3","66217.01785414843","Millions"
"United States","Total reserves (gold at national valuation)","US dollar","Quarterly","2006-Q4","65894.93358205689","Millions"
"United States","Total reserves (gold at national valuation)","US dollar","Quarterly","2007-Q1","66550.62828697984","Millions"
"United States","Total reserves (gold at national valuation)","US dollar","Quarterly","2007-Q2","66127.04977099622","Millions"
"United States","Total reserves (gold at national valuation)","US dollar","Quarterly","2007-Q3","69070.38720733795","Millions"
"United States","Total reserves (gold at national valuation)","US dollar","Quarterly","2007-Q4","70565.29328523009","Millions"
"United States","Total reserves (gold at national valuation)","US dollar","Quarterly","2008-Q1","75764.13452326345","Millions"
"United States","Total reserves (gold at national valuation)","US dollar","Quarterly","2008-Q2","75739.68449362937","Millions"
"United States","Total reserves (gold at national valuation)","US dollar","Quarterly","2008-Q3","71834.03170721618","Millions"
"United States","Total reserves (gold at national valuation)","US dollar","Quarterly","2008-Q4","77648.06492062614","Millions"
"United States","Total reserves (gold at national valuation)","US dollar","Quarterly","2009-Q1","74957.56861736456","Millions"
"United States","Total reserves (gold at national valuation)","US dollar","Quarterly","2009-Q2","81488.61170104403","Millions"
"United States","Total reserves (gold at national valuation)","US dollar","Quarterly","2009-Q3","134295.9884419632","Millions"
"United States","Total reserves (gold at national valuation)","US dollar","Quarterly","2009-Q4","130759.9314168525","Millions"
"United States","Total reserves (gold at national valuation)","US dollar","Quarterly","2010-Q1","127520.7588564941","Millions"
"United States","Total reserves (gold at national valuation)","US dollar","Quarterly","2010-Q2","124514.0445019736","Millions"
"United States","Total reserves (gold at national valuation)","US dollar","Quarterly","2010-Q3","133099.0553144146","Millions"
"United States","Total reserves (gold at national valuation)","US dollar","Quarterly","2010-Q4","132432.8650189401","Millions"
"United States","Total reserves (gold at national valuation)","US dollar","Quarterly","2011-Q1","139314.5739595611","Millions"
"United States","Total reserves (gold at national valuation)","US dollar","Quarterly","2011-Q2","147659.8217703387","Millions"
"United States","Total reserves (gold at national valuation)","US dollar","Quarterly","2011-Q3","148486.621961641","Millions"
"United States","Total reserves (gold at national valuation)","US dollar","Quarterly","2011-Q4","147953.2862250137","Millions"
"United States","Total reserves (gold at national valuation)","US dollar","Quarterly","2012-Q1","149077.8785116579","Millions"
"United States","Total reserves (gold at national valuation)","US dollar","Quarterly","2012-Q2","149830.3628558273","Millions"
"United States","Total reserves (gold at national valuation)","US dollar","Quarterly","2012-Q3","153075.3828984044","Millions"
"United States","Total reserves (gold at national valuation)","US dollar","Quarterly","2012-Q4","150174.9308155984","Millions"
"United States","Total reserves (gold at national valuation)","US dollar","Quarterly","2013-Q1","146328.7043212348","Millions"
"United States","Total reserves (gold at national valuation)","US dollar","Quarterly","2013-Q2","145702.6560681273","Millions"
"United States","Total reserves (gold at national valuation)","US dollar","Quarterly","2013-Q3","147746.8666700758","Millions"
"United States","Total reserves (gold at national valuation)","US dollar","Quarterly","2013-Q4","144574.5240313598","Millions"
"United States","Total reserves (gold at national valuation)","US dollar","Quarterly","2014-Q1","144284.2946082576","Millions"
"United States","Total reserves (gold at national valuation)","US dollar","Quarterly","2014-Q2","145176.1859732982","Millions"
"United States","Total reserves (gold at national valuation)","US dollar","Quarterly","2014-Q3","137053.6809690558","Millions"
"United States","Total reserves (gold at national valuation)","US dollar","Quarterly","2014-Q4","130089.5436697056","Millions"
"United States","Total reserves (gold at national valuation)","US dollar","Quarterly","2015-Q1","119269.6046868742","Millions"
"United States","Total reserves (gold at national valuation)","US dollar","Quarterly","2015-Q2","120332.6555157567","Millions"
"United States","Total reserves (gold at national valuation)","US dollar","Quarterly","2015-Q3","120217.9479808954","Millions"
"United States","Total reserves (gold at national valuation)","US dollar","Quarterly","2015-Q4","117580.6957237927","Millions"
"United States","Total reserves (gold at national valuation)","US dollar","Quarterly","2016-Q1","119726.700875796","Millions"
"United States","Total reserves (gold at national valuation)","US dollar","Quarterly","2016-Q2","120202.252856585","Millions"
"United States","Total reserves (gold at national valuation)","US dollar","Quarterly","2016-Q3","122430.7314575222","Millions"
"United States","Total reserves (gold at national valuation)","US dollar","Quarterly","2016-Q4","117331.8691102519","Millions"
"United States","Total reserves (gold at national valuation)","US dollar","Quarterly","2017-Q1","118793.4709845379","Millions"
"United States","Total reserves (gold at national valuation)","US dollar","Quarterly","2017-Q2","122015.1987490224","Millions"
"United States","Total reserves (gold at national valuation)","US dollar","Quarterly","2017-Q3","123863.1673623583","Millions"
"United States","Total reserves (gold at national valuation)","US dollar","Quarterly","2017-Q4","123292.9654926834","Millions"
"United States","Total reserves (gold at national valuation)","US dollar","Quarterly","2018-Q1","126372.3321950739","Millions"
"United States","Total reserves (gold at national valuation)","US dollar","Quarterly","2018-Q2","125098.7349388926","Millions"
"United States","Total reserves (gold at national valuation)","US dollar","Quarterly","2018-Q3","123728.6555788512","Millions"
"United States","Total reserves (gold at national valuation)","US dollar","Quarterly","2018-Q4","125798.0499696686","Millions"
"United States","Total reserves (gold at national valuation)","US dollar","Quarterly","2019-Q1","125175.0159375113","Millions"
"United States","Total reserves (gold at national valuation)","US dollar","Quarterly","2019-Q2","128356.1800717571","Millions"
"United States","Total reserves (gold at national valuation)","US dollar","Quarterly","2019-Q3","127595.3761641626","Millions"
"United States","Total reserves (gold at national valuation)","US dollar","Quarterly","2019-Q4","129478.7786641038","Millions"
"United States","Total reserves (gold at national valuation)","US dollar","Quarterly","2020-Q1","127910.0533960461","Millions"
"United States","Total reserves (gold at national valuation)","US dollar","Quarterly","2020-Q2","133890.0313348645","Millions"
"United States","Total reserves (gold at national valuation)","US dollar","Quarterly","2020-Q3","138961.3488796163","Millions"
"United States","Total reserves (gold at national valuation)","US dollar","Quarterly","2020-Q4","144890.1558818671","Millions"
"United States","Total reserves (gold at national valuation)","US dollar","Quarterly","2021-Q1","139048.0919981523","Millions"
"United States","Total reserves (gold at national valuation)","US dollar","Quarterly","2021-Q2","140184.9040559084","Millions"
"United States","Total reserves (gold at national valuation)","US dollar","Quarterly","2021-Q3","250525.0007928012","Millions"
"United States","Total reserves (gold at national valuation)","US dollar","Quarterly","2021-Q4","251238.4140421319","Millions"
"United States","Total reserves (gold at national valuation)","US dollar","Quarterly","2022-Q1","248223.5361417214","Millions"
"United States","Total reserves (gold at national valuation)","US dollar","Quarterly","2022-Q2","238575.2539102736","Millions"
"United States","Total reserves (gold at national valuation)","US dollar","Quarterly","2022-Q3","230152.7485753563","Millions"
"United States","Total reserves (gold at national valuation)","US dollar","Quarterly","2022-Q4","243757.6969857299","Millions"
"United States","Total reserves (gold at national valuation)","US dollar","Quarterly","2023-Q1","246989.9024163685","Millions"
"United States","Total reserves (gold at national valuation)","US dollar","Quarterly","2023-Q2","244008.3467655637","Millions"
"United States","Total reserves (gold at national valuation)","US dollar","Quarterly","2023-Q3","240990.2655740096","Millions"
"United States","Total reserves (gold at national valuation)","US dollar","Quarterly","2023-Q4","245151.8617696513","Millions"
"United States","Total reserves (gold at national valuation)","US dollar","Quarterly","2024-Q1","243802.3086631096","Millions"
"United States","Total reserves (gold at national valuation)","US dollar","Quarterly","2024-Q2","242120.1583902179","Millions"
"United States","Total reserves (gold at national valuation)","US dollar","Quarterly","2024-Q3","250619.4865026094","Millions"
"United States","Total reserves (gold at national valuation)","US dollar","Quarterly","2024-Q4","238800.7581566165","Millions"
"United States","Total reserves (gold at national valuation)","US dollar","Quarterly","2025-Q1","245628.2636520242","Millions"
"United States","Total reserves (gold at national valuation)","US dollar","Quarterly","2025-Q2","255679.1464255384","Millions"
"United States","Total reserves (gold at national valuation)","US dollar","Quarterly","2025-Q3","255491.250734041","Millions"
"United States","Total reserves (gold at national valuation)","US dollar","Quarterly","2025-Q4","254313.1613170928","Millions"
"United States","Total reserves (gold at national valuation)","US dollar","Annual","1950","24265.5","Millions"
"United States","Total reserves (gold at national valuation)","US dollar","Annual","1951","24298.6","Millions"
"United States","Total reserves (gold at national valuation)","US dollar","Annual","1952","24713.9","Millions"
"United States","Total reserves (gold at national valuation)","US dollar","Annual","1953","23458.1","Millions"
"United States","Total reserves (gold at national valuation)","US dollar","Annual","1954","22978.2","Millions"
"United States","Total reserves (gold at national valuation)","US dollar","Annual","1955","22797.2","Millions"
"United States","Total reserves (gold at national valuation)","US dollar","Annual","1956","23665.6","Millions"
"United States","Total reserves (gold at national valuation)","US dollar","Annual","1957","24832","Millions"
"United States","Total reserves (gold at national valuation)","US dollar","Annual","1958","22539.7","Millions"
"United States","Total reserves (gold at national valuation)","US dollar","Annual","1959","21504.5","Millions"
"United States","Total reserves (gold at national valuation)","US dollar","Annual","1960","19358.8","Millions"
"United States","Total reserves (gold at national valuation)","US dollar","Annual","1961","18752.9","Millions"
"United States","Total reserves (gold at national valuation)","US dollar","Annual","1962","17220.4","Millions"
"United States","Total reserves (gold at national valuation)","US dollar","Annual","1963","16843","Millions"
"United States","Total reserves (gold at national valuation)","US dollar","Annual","1964","16672.4","Millions"
"United States","Total reserves (gold at national valuation)","US dollar","Annual","1965","15450","Millions"
"United States","Total reserves (gold at national valuation)","US dollar","Annual","1966","14881.7","Millions"
"United States","Total reserves (gold at national valuation)","US dollar","Annual","1967","14830.2","Millions"
"United States","Total reserves (gold at national valuation)","US dollar","Annual","1968","15709.9","Millions"
"United States","Total reserves (gold at national valuation)","US dollar","Annual","1969","16963.6","Millions"
"United States","Total reserves (gold at national valuation)","US dollar","Annual","1970","14486.89","Millions"
"United States","Total reserves (gold at national valuation)","US dollar","Annual","1971","12314.56522645738","Millions"
"United States","Total reserves (gold at national valuation)","US dollar","Annual","1972","13150.32235212239","Millions"
"United States","Total reserves (gold at national valuation)","US dollar","Annual","1973","14377.95645421069","Millions"
"United States","Total reserves (gold at national valuation)","US dollar","Annual","1974","15883.84754912931","Millions"
"United States","Total reserves (gold at national valuation)","US dollar","Annual","1975","16225.89658934102","Millions"
"United States","Total reserves (gold at national valuation)","US dollar","Annual","1976","18747.00164611658","Millions"
"United States","Total reserves (gold at national valuation)","US dollar","Annual","1977","19311.49833289743","Millions"
"United States","Total reserves (gold at national valuation)","US dollar","Annual","1978","18650.30498789091","Millions"
"United States","Total reserves (gold at national valuation)","US dollar","Annual","1979","18956.02573273574","Millions"
"United States","Total reserves (gold at national valuation)","US dollar","Annual","1980","26755.96720335431","Millions"
"United States","Total reserves (gold at national valuation)","US dollar","Annual","1981","30074.50998574102","Millions"
"United States","Total reserves (gold at national valuation)","US dollar","Annual","1982","33957.35476222226","Millions"
"United States","Total reserves (gold at national valuation)","US dollar","Annual","1983","33747.77942348095","Millions"
"United States","Total reserves (gold at national valuation)","US dollar","Annual","1984","34933.77988137677","Millions"
"United States","Total reserves (gold at national valuation)","US dollar","Annual","1985","43185.42223198593","Millions"
"United States","Total reserves (gold at national valuation)","US dollar","Annual","1986","48516.48472838916","Millions"
"United States","Total reserves (gold at national valuation)","US dollar","Annual","1987","45798.29723786691","Millions"
"United States","Total reserves (gold at national valuation)","US dollar","Annual","1988","47801.65278357177","Millions"
"United States","Total reserves (gold at national valuation)","US dollar","Annual","1989","74608.63326937734","Millions"
"United States","Total reserves (gold at national valuation)","US dollar","Annual","1990","83316.21460784451","Millions"
"United States","Total reserves (gold at national valuation)","US dollar","Annual","1991","77718.47428800294","Millions"
"United States","Total reserves (gold at national valuation)","US dollar","Annual","1992","71323.69473510532","Millions"
"United States","Total reserves (gold at national valuation)","US dollar","Annual","1993","73405.9777751732","Millions"
"United States","Total reserves (gold at national valuation)","US dollar","Annual","1994","74334.72526493752","Millions"
"United States","Total reserves (gold at national valuation)","US dollar","Annual","1995","85831.1248834358","Millions"
"United States","Total reserves (gold at national valuation)","US dollar","Annual","1996","75088.76454620437","Millions"
"United States","Total reserves (gold at national valuation)","US dollar","Annual","1997","69954.13491070118","Millions"
"United States","Total reserves (gold at national valuation)","US dollar","Annual","1998","81760.4871234415","Millions"
"United States","Total reserves (gold at national valuation)","US dollar","Annual","1999","71547.97832108141","Millions"
"United States","Total reserves (gold at national valuation)","US dollar","Annual","2000","67646.11265272295","Millions"
"United States","Total reserves (gold at national valuation)","US dollar","Annual","2001","68678.67702798485","Millions"
"United States","Total reserves (gold at national valuation)","US dollar","Annual","2002","79005.41491424128","Millions"
"United States","Total reserves (gold at national valuation)","US dollar","Annual","2003","85937.13529877226","Millions"
"United States","Total reserves (gold at national valuation)","US dollar","Annual","2004","86934.73497259506","Millions"
"United States","Total reserves (gold at national valuation)","US dollar","Annual","2005","65126.95491064807","Millions"
"United States","Total reserves (gold at national valuation)","US dollar","Annual","2006","65894.93358205689","Millions"
"United States","Total reserves (gold at national valuation)","US dollar","Annual","2007","70565.29328523009","Millions"
"United States","Total reserves (gold at national valuation)","US dollar","Annual","2008","77648.06492062614","Millions"
"United States","Total reserves (gold at national valuation)","US dollar","Annual","2009","130759.9314168525","Millions"
"United States","Total reserves (gold at national valuation)","US dollar","Annual","2010","132432.8650189401","Millions"
"United States","Total reserves (gold at national valuation)","US dollar","Annual","2011","147953.2862250137","Millions"
"United States","Total reserves (gold at national valuation)","US dollar","Annual","2012","150174.9308155984","Millions"
"United States","Total reserves (gold at national valuation)","US dollar","Annual","2013","144574.5240313598","Millions"
"United States","Total reserves (gold at national valuation)","US dollar","Annual","2014","130089.5436697056","Millions"
"United States","Total reserves (gold at national valuation)","US dollar","Annual","2015","117580.6957237927","Millions"
"United States","Total reserves (gold at national valuation)","US dollar","Annual","2016","117331.8691102519","Millions"
"United States","Total reserves (gold at national valuation)","US dollar","Annual","2017","123292.9654926834","Millions"
"United States","Total reserves (gold at national valuation)","US dollar","Annual","2018","125798.0499696686","Millions"
"United States","Total reserves (gold at national valuation)","US dollar","Annual","2019","129478.7786641038","Millions"
"United States","Total reserves (gold at national valuation)","US dollar","Annual","2020","144890.1558818671","Millions"
"United States","Total reserves (gold at national valuation)","US dollar","Annual","2021","251238.4140421319","Millions"
"United States","Total reserves (gold at national valuation)","US dollar","Annual","2022","243757.6969857299","Millions"
"United States","Total reserves (gold at national valuation)","US dollar","Annual","2023","245151.8617696513","Millions"
"United States","Total reserves (gold at national valuation)","US dollar","Annual","2024","238800.7581566165","Millions"
"United States","Total reserves (gold at national valuation)","US dollar","Annual","2025","254313.1613170928","Millions"
"United States","Total reserves (gold at national valuation)","US dollar","Monthly","1950-M12","24265.5","Millions"
"United States","Total reserves (gold at national valuation)","US dollar","Monthly","1951-M12","24298.6","Millions"
"United States","Total reserves (gold at national valuation)","US dollar","Monthly","1952-M12","24713.9","Millions"
"United States","Total reserves (gold at national valuation)","US dollar","Monthly","1953-M12","23458.1","Millions"
"United States","Total reserves (gold at national valuation)","US dollar","Monthly","1954-M12","22978.2","Millions"
"United States","Total reserves (gold at national valuation)","US dollar","Monthly","1955-M12","22797.2","Millions"
"United States","Total reserves (gold at national valuation)","US dollar","Monthly","1956-M12","23665.6","Millions"
"United States","Total reserves (gold at national valuation)","US dollar","Monthly","1957-M01","23704.2","Millions"
"United States","Total reserves (gold at national valuation)","US dollar","Monthly","1957-M02","23855.7","Millions"
"United States","Total reserves (gold at national valuation)","US dollar","Monthly","1957-M03","23993.6","Millions"
"United States","Total reserves (gold at national valuation)","US dollar","Monthly","1957-M04","24197","Millions"
"United States","Total reserves (gold at national valuation)","US dollar","Monthly","1957-M05","24261.5","Millions"
"United States","Total reserves (gold at national valuation)","US dollar","Monthly","1957-M06","24381.3","Millions"
"United States","Total reserves (gold at national valuation)","US dollar","Monthly","1957-M07","24493.2","Millions"
"United States","Total reserves (gold at national valuation)","US dollar","Monthly","1957-M08","24541.5","Millions"
"United States","Total reserves (gold at national valuation)","US dollar","Monthly","1957-M09","24657.1","Millions"
"United States","Total reserves (gold at national valuation)","US dollar","Monthly","1957-M10","24774","Millions"
"United States","Total reserves (gold at national valuation)","US dollar","Monthly","1957-M11","24801.4","Millions"
"United States","Total reserves (gold at national valuation)","US dollar","Monthly","1957-M12","24832","Millions"
"United States","Total reserves (gold at national valuation)","US dollar","Monthly","1958-M01","24841.4","Millions"
"United States","Total reserves (gold at national valuation)","US dollar","Monthly","1958-M02","24729.7","Millions"
"United States","Total reserves (gold at national valuation)","US dollar","Monthly","1958-M03","24528.8","Millions"
"United States","Total reserves (gold at national valuation)","US dollar","Monthly","1958-M04","24096.1","Millions"
"United States","Total reserves (gold at national valuation)","US dollar","Monthly","1958-M05","23703.1","Millions"
"United States","Total reserves (gold at national valuation)","US dollar","Monthly","1958-M06","23496.4","Millions"
"United States","Total reserves (gold at national valuation)","US dollar","Monthly","1958-M07","23361.3","Millions"
"United States","Total reserves (gold at national valuation)","US dollar","Monthly","1958-M08","23181.5","Millions"
"United States","Total reserves (gold at national valuation)","US dollar","Monthly","1958-M09","22960.3","Millions"
"United States","Total reserves (gold at national valuation)","US dollar","Monthly","1958-M10","22773.9","Millions"
"United States","Total reserves (gold at national valuation)","US dollar","Monthly","1958-M11","22614.9","Millions"
"United States","Total reserves (gold at national valuation)","US dollar","Monthly","1958-M12","22539.7","Millions"
"United States","Total reserves (gold at national valuation)","US dollar","Monthly","1959-M01","22496.9","Millions"
"United States","Total reserves (gold at national valuation)","US dollar","Monthly","1959-M02","22481.3","Millions"
"United States","Total reserves (gold at national valuation)","US dollar","Monthly","1959-M03","22278.6","Millions"
"United States","Total reserves (gold at national valuation)","US dollar","Monthly","1959-M04","22157.4","Millions"
"United States","Total reserves (gold at national valuation)","US dollar","Monthly","1959-M05","22013.9","Millions"
"United States","Total reserves (gold at national valuation)","US dollar","Monthly","1959-M06","21857.6","Millions"
"United States","Total reserves (gold at national valuation)","US dollar","Monthly","1959-M07","21767.6","Millions"
"United States","Total reserves (gold at national valuation)","US dollar","Monthly","1959-M08","21691.4","Millions"
"United States","Total reserves (gold at national valuation)","US dollar","Monthly","1959-M09","21664","Millions"
"United States","Total reserves (gold at national valuation)","US dollar","Monthly","1959-M10","21743.8","Millions"
"United States","Total reserves (gold at national valuation)","US dollar","Monthly","1959-M11","21630.7","Millions"
"United States","Total reserves (gold at national valuation)","US dollar","Monthly","1959-M12","21504.5","Millions"
"United States","Total reserves (gold at national valuation)","US dollar","Monthly","1960-M01","21478.1","Millions"
"United States","Total reserves (gold at national valuation)","US dollar","Monthly","1960-M02","21395.7","Millions"
"United States","Total reserves (gold at national valuation)","US dollar","Monthly","1960-M03","21344.7","Millions"
"United States","Total reserves (gold at national valuation)","US dollar","Monthly","1960-M04","21278","Millions"
"United States","Total reserves (gold at national valuation)","US dollar","Monthly","1960-M05","21234.3","Millions"
"United States","Total reserves (gold at national valuation)","US dollar","Monthly","1960-M06","21169.8","Millions"
"United States","Total reserves (gold at national valuation)","US dollar","Monthly","1960-M07","20999.4","Millions"
"United States","Total reserves (gold at national valuation)","US dollar","Monthly","1960-M08","20803.4","Millions"
"United States","Total reserves (gold at national valuation)","US dollar","Monthly","1960-M09","20430","Millions"
"United States","Total reserves (gold at national valuation)","US dollar","Monthly","1960-M10","20068.2","Millions"
"United States","Total reserves (gold at national valuation)","US dollar","Monthly","1960-M11","19558.2","Millions"
"United States","Total reserves (gold at national valuation)","US dollar","Monthly","1960-M12","19358.8","Millions"
"United States","Total reserves (gold at national valuation)","US dollar","Monthly","1961-M01","19056.2","Millions"
"United States","Total reserves (gold at national valuation)","US dollar","Monthly","1961-M02","18978","Millions"
"United States","Total reserves (gold at national valuation)","US dollar","Monthly","1961-M03","18988.2","Millions"
"United States","Total reserves (gold at national valuation)","US dollar","Monthly","1961-M04","19165.1","Millions"
"United States","Total reserves (gold at national valuation)","US dollar","Monthly","1961-M05","19196.9","Millions"
"United States","Total reserves (gold at national valuation)","US dollar","Monthly","1961-M06","19307.9","Millions"
"United States","Total reserves (gold at national valuation)","US dollar","Monthly","1961-M07","19234.6","Millions"
"United States","Total reserves (gold at national valuation)","US dollar","Monthly","1961-M08","19641.5","Millions"
"United States","Total reserves (gold at national valuation)","US dollar","Monthly","1961-M09","19520.9","Millions"
"United States","Total reserves (gold at national valuation)","US dollar","Monthly","1961-M10","19171.9","Millions"
"United States","Total reserves (gold at national valuation)","US dollar","Monthly","1961-M11","18827.9","Millions"
"United States","Total reserves (gold at national valuation)","US dollar","Monthly","1961-M12","18752.9","Millions"
"United States","Total reserves (gold at national valuation)","US dollar","Monthly","1962-M01","18649.8","Millions"
"United States","Total reserves (gold at national valuation)","US dollar","Monthly","1962-M02","18512","Millions"
"United States","Total reserves (gold at national valuation)","US dollar","Monthly","1962-M03","18328.7","Millions"
"United States","Total reserves (gold at national valuation)","US dollar","Monthly","1962-M04","18192.4","Millions"
"United States","Total reserves (gold at national valuation)","US dollar","Monthly","1962-M05","18124.5","Millions"
"United States","Total reserves (gold at national valuation)","US dollar","Monthly","1962-M06","18490.3","Millions"
"United States","Total reserves (gold at national valuation)","US dollar","Monthly","1962-M07","17784.5","Millions"
"United States","Total reserves (gold at national valuation)","US dollar","Monthly","1962-M08","17638.6","Millions"
"United States","Total reserves (gold at national valuation)","US dollar","Monthly","1962-M09","17610.3","Millions"
"United States","Total reserves (gold at national valuation)","US dollar","Monthly","1962-M10","17435.7","Millions"
"United States","Total reserves (gold at national valuation)","US dollar","Monthly","1962-M11","17286.2","Millions"
"United States","Total reserves (gold at national valuation)","US dollar","Monthly","1962-M12","17220.4","Millions"
"United States","Total reserves (gold at national valuation)","US dollar","Monthly","1963-M01","17177.9","Millions"
"United States","Total reserves (gold at national valuation)","US dollar","Monthly","1963-M02","17114.3","Millions"
"United States","Total reserves (gold at national valuation)","US dollar","Monthly","1963-M03","17188.5","Millions"
"United States","Total reserves (gold at national valuation)","US dollar","Monthly","1963-M04","17139.9","Millions"
"United States","Total reserves (gold at national valuation)","US dollar","Monthly","1963-M05","17113.6","Millions"
"United States","Total reserves (gold at national valuation)","US dollar","Monthly","1963-M06","17064.7","Millions"
"United States","Total reserves (gold at national valuation)","US dollar","Monthly","1963-M07","16815.1","Millions"
"United States","Total reserves (gold at national valuation)","US dollar","Monthly","1963-M08","16773.9","Millions"
"United States","Total reserves (gold at national valuation)","US dollar","Monthly","1963-M09","16838","Millions"
"United States","Total reserves (gold at national valuation)","US dollar","Monthly","1963-M10","16947.8","Millions"
"United States","Total reserves (gold at national valuation)","US dollar","Monthly","1963-M11","16817.1","Millions"
"United States","Total reserves (gold at national valuation)","US dollar","Monthly","1963-M12","16843","Millions"
"United States","Total reserves (gold at national valuation)","US dollar","Monthly","1964-M01","16880.9","Millions"
"United States","Total reserves (gold at national valuation)","US dollar","Monthly","1964-M02","16770.5","Millions"
"United States","Total reserves (gold at national valuation)","US dollar","Monthly","1964-M03","16894","Millions"
"United States","Total reserves (gold at national valuation)","US dollar","Monthly","1964-M04","16898.9","Millions"
"United States","Total reserves (gold at national valuation)","US dollar","Monthly","1964-M05","16855.5","Millions"
"United States","Total reserves (gold at national valuation)","US dollar","Monthly","1964-M06","16591.2","Millions"
"United States","Total reserves (gold at national valuation)","US dollar","Monthly","1964-M07","16628.6","Millions"
"United States","Total reserves (gold at national valuation)","US dollar","Monthly","1964-M08","16690.4","Millions"
"United States","Total reserves (gold at national valuation)","US dollar","Monthly","1964-M09","16521","Millions"
"United States","Total reserves (gold at national valuation)","US dollar","Monthly","1964-M10","16385.5","Millions"
"United States","Total reserves (gold at national valuation)","US dollar","Monthly","1964-M11","17015.2","Millions"
"United States","Total reserves (gold at national valuation)","US dollar","Monthly","1964-M12","16672.4","Millions"
"United States","Total reserves (gold at national valuation)","US dollar","Monthly","1965-M01","16342.9","Millions"
"United States","Total reserves (gold at national valuation)","US dollar","Monthly","1965-M02","15994.9","Millions"
"United States","Total reserves (gold at national valuation)","US dollar","Monthly","1965-M03","15828.9","Millions"
"United States","Total reserves (gold at national valuation)","US dollar","Monthly","1965-M04","15592.3","Millions"
"United States","Total reserves (gold at national valuation)","US dollar","Monthly","1965-M05","15420","Millions"
"United States","Total reserves (gold at national valuation)","US dollar","Monthly","1965-M06","15761.8","Millions"
"United States","Total reserves (gold at national valuation)","US dollar","Monthly","1965-M07","15565.6","Millions"
"United States","Total reserves (gold at national valuation)","US dollar","Monthly","1965-M08","15850.4","Millions"
"United States","Total reserves (gold at national valuation)","US dollar","Monthly","1965-M09","15721.2","Millions"
"United States","Total reserves (gold at national valuation)","US dollar","Monthly","1965-M10","15639.4","Millions"
"United States","Total reserves (gold at national valuation)","US dollar","Monthly","1965-M11","15547.9","Millions"
"United States","Total reserves (gold at national valuation)","US dollar","Monthly","1965-M12","15450","Millions"
"United States","Total reserves (gold at national valuation)","US dollar","Monthly","1966-M01","15224.5","Millions"
"United States","Total reserves (gold at national valuation)","US dollar","Monthly","1966-M02","14961.8","Millions"
"United States","Total reserves (gold at national valuation)","US dollar","Monthly","1966-M03","15025.9","Millions"
"United States","Total reserves (gold at national valuation)","US dollar","Monthly","1966-M04","14913.9","Millions"
"United States","Total reserves (gold at national valuation)","US dollar","Monthly","1966-M05","14904.5","Millions"
"United States","Total reserves (gold at national valuation)","US dollar","Monthly","1966-M06","14957.8","Millions"
"United States","Total reserves (gold at national valuation)","US dollar","Monthly","1966-M07","15148.2","Millions"
"United States","Total reserves (gold at national valuation)","US dollar","Monthly","1966-M08","15014.6","Millions"
"United States","Total reserves (gold at national valuation)","US dollar","Monthly","1966-M09","14876","Millions"
"United States","Total reserves (gold at national valuation)","US dollar","Monthly","1966-M10","14879.6","Millions"
"United States","Total reserves (gold at national valuation)","US dollar","Monthly","1966-M11","14715.1","Millions"
"United States","Total reserves (gold at national valuation)","US dollar","Monthly","1966-M12","14881.7","Millions"
"United States","Total reserves (gold at national valuation)","US dollar","Monthly","1967-M01","14195.8","Millions"
"United States","Total reserves (gold at national valuation)","US dollar","Monthly","1967-M02","13997.5","Millions"
"United States","Total reserves (gold at national valuation)","US dollar","Monthly","1967-M03","13854.6","Millions"
"United States","Total reserves (gold at national valuation)","US dollar","Monthly","1967-M04","13905.7","Millions"
"United States","Total reserves (gold at national valuation)","US dollar","Monthly","1967-M05","13942.5","Millions"
"United States","Total reserves (gold at national valuation)","US dollar","Monthly","1967-M06","14274.3","Millions"
"United States","Total reserves (gold at national valuation)","US dollar","Monthly","1967-M07","14223.6","Millions"
"United States","Total reserves (gold at national valuation)","US dollar","Monthly","1967-M08","14604.8","Millions"
"United States","Total reserves (gold at national valuation)","US dollar","Monthly","1967-M09","14648.6","Millions"
"United States","Total reserves (gold at national valuation)","US dollar","Monthly","1967-M10","14926.7","Millions"
"United States","Total reserves (gold at national valuation)","US dollar","Monthly","1967-M11","15437.6","Millions"
"United States","Total reserves (gold at national valuation)","US dollar","Monthly","1967-M12","14830.2","Millions"
"United States","Total reserves (gold at national valuation)","US dollar","Monthly","1968-M01","14620","Millions"
"United States","Total reserves (gold at national valuation)","US dollar","Monthly","1968-M02","14789.8","Millions"
"United States","Total reserves (gold at national valuation)","US dollar","Monthly","1968-M03","13926.5","Millions"
"United States","Total reserves (gold at national valuation)","US dollar","Monthly","1968-M04","13839.7","Millions"
"United States","Total reserves (gold at national valuation)","US dollar","Monthly","1968-M05","14348.3","Millions"
"United States","Total reserves (gold at national valuation)","US dollar","Monthly","1968-M06","14062.6","Millions"
"United States","Total reserves (gold at national valuation)","US dollar","Monthly","1968-M07","14365.8","Millions"
"United States","Total reserves (gold at national valuation)","US dollar","Monthly","1968-M08","14427","Millions"
"United States","Total reserves (gold at national valuation)","US dollar","Monthly","1968-M09","14633.9","Millions"
"United States","Total reserves (gold at national valuation)","US dollar","Monthly","1968-M10","14427.5","Millions"
"United States","Total reserves (gold at national valuation)","US dollar","Monthly","1968-M11","15659.7","Millions"
"United States","Total reserves (gold at national valuation)","US dollar","Monthly","1968-M12","15709.9","Millions"
"United States","Total reserves (gold at national valuation)","US dollar","Monthly","1969-M01","15454","Millions"
"United States","Total reserves (gold at national valuation)","US dollar","Monthly","1969-M02","15499.4","Millions"
"United States","Total reserves (gold at national valuation)","US dollar","Monthly","1969-M03","15758.4","Millions"
"United States","Total reserves (gold at national valuation)","US dollar","Monthly","1969-M04","15947.6","Millions"
"United States","Total reserves (gold at national valuation)","US dollar","Monthly","1969-M05","16069.9","Millions"
"United States","Total reserves (gold at national valuation)","US dollar","Monthly","1969-M06","16057.1","Millions"
"United States","Total reserves (gold at national valuation)","US dollar","Monthly","1969-M07","15935.8","Millions"
"United States","Total reserves (gold at national valuation)","US dollar","Monthly","1969-M08","16195.1","Millions"
"United States","Total reserves (gold at national valuation)","US dollar","Monthly","1969-M09","16743.2","Millions"
"United States","Total reserves (gold at national valuation)","US dollar","Monthly","1969-M10","16315.8","Millions"
"United States","Total reserves (gold at national valuation)","US dollar","Monthly","1969-M11","16000.3","Millions"
"United States","Total reserves (gold at national valuation)","US dollar","Monthly","1969-M12","16963.6","Millions"
"United States","Total reserves (gold at national valuation)","US dollar","Monthly","1970-M01","17396.53","Millions"
"United States","Total reserves (gold at national valuation)","US dollar","Monthly","1970-M02","17669.63","Millions"
"United States","Total reserves (gold at national valuation)","US dollar","Monthly","1970-M03","17350.63","Millions"
"United States","Total reserves (gold at national valuation)","US dollar","Monthly","1970-M04","16918.71","Millions"
"United States","Total reserves (gold at national valuation)","US dollar","Monthly","1970-M05","16164.89","Millions"
"United States","Total reserves (gold at national valuation)","US dollar","Monthly","1970-M06","16328.29","Millions"
"United States","Total reserves (gold at national valuation)","US dollar","Monthly","1970-M07","16065.39","Millions"
"United States","Total reserves (gold at national valuation)","US dollar","Monthly","1970-M08","15795.79","Millions"
"United States","Total reserves (gold at national valuation)","US dollar","Monthly","1970-M09","15527.69","Millions"
"United States","Total reserves (gold at national valuation)","US dollar","Monthly","1970-M10","15119.89","Millions"
"United States","Total reserves (gold at national valuation)","US dollar","Monthly","1970-M11","14890.29","Millions"
"United States","Total reserves (gold at national valuation)","US dollar","Monthly","1970-M12","14486.89","Millions"
"United States","Total reserves (gold at national valuation)","US dollar","Monthly","1971-M01","14698.99","Millions"
"United States","Total reserves (gold at national valuation)","US dollar","Monthly","1971-M02","14533.79","Millions"
"United States","Total reserves (gold at national valuation)","US dollar","Monthly","1971-M03","14341.59","Millions"
"United States","Total reserves (gold at national valuation)","US dollar","Monthly","1971-M04","14307.13","Millions"
"United States","Total reserves (gold at national valuation)","US dollar","Monthly","1971-M05","13810.51","Millions"
"United States","Total reserves (gold at national valuation)","US dollar","Monthly","1971-M06","13503.91","Millions"
"United States","Total reserves (gold at national valuation)","US dollar","Monthly","1971-M07","13282.51","Millions"
"United States","Total reserves (gold at national valuation)","US dollar","Monthly","1971-M08","12127.81","Millions"
"United States","Total reserves (gold at national valuation)","US dollar","Monthly","1971-M09","12130.21","Millions"
"United States","Total reserves (gold at national valuation)","US dollar","Monthly","1971-M10","12145.9","Millions"
"United States","Total reserves (gold at national valuation)","US dollar","Monthly","1971-M11","12130.3","Millions"
"United States","Total reserves (gold at national valuation)","US dollar","Monthly","1971-M12","12314.56522645738","Millions"
"United States","Total reserves (gold at national valuation)","US dollar","Monthly","1972-M01","13084.03029434019","Millions"
"United States","Total reserves (gold at national valuation)","US dollar","Monthly","1972-M02","12534.81885087327","Millions"
"United States","Total reserves (gold at national valuation)","US dollar","Monthly","1972-M03","12475.16172042904","Millions"
"United States","Total reserves (gold at national valuation)","US dollar","Monthly","1972-M04","12472.70566460204","Millions"
"United States","Total reserves (gold at national valuation)","US dollar","Monthly","1972-M05","13344.51653263723","Millions"
"United States","Total reserves (gold at national valuation)","US dollar","Monthly","1972-M06","13338.59655001531","Millions"
"United States","Total reserves (gold at national valuation)","US dollar","Monthly","1972-M07","13089.59085000445","Millions"
"United States","Total reserves (gold at national valuation)","US dollar","Monthly","1972-M08","13123.15086303801","Millions"
"United States","Total reserves (gold at national valuation)","US dollar","Monthly","1972-M09","13216.79659346051","Millions"
"United States","Total reserves (gold at national valuation)","US dollar","Monthly","1972-M10","13312.46517823296","Millions"
"United States","Total reserves (gold at national valuation)","US dollar","Monthly","1972-M11","13306.35090648321","Millions"
"United States","Total reserves (gold at national valuation)","US dollar","Monthly","1972-M12","13150.32235212239","Millions"
"United States","Total reserves (gold at national valuation)","US dollar","Monthly","1973-M01","13053.33950646148","Millions"
"United States","Total reserves (gold at national valuation)","US dollar","Monthly","1973-M02","13195.62127112687","Millions"
"United States","Total reserves (gold at national valuation)","US dollar","Monthly","1973-M03","13201.41172894192","Millions"
"United States","Total reserves (gold at national valuation)","US dollar","Monthly","1973-M04","13172.78515311874","Millions"
"United States","Total reserves (gold at national valuation)","US dollar","Monthly","1973-M05","13184.8867274044","Millions"
"United States","Total reserves (gold at national valuation)","US dollar","Monthly","1973-M06","13183.15972337072","Millions"
"United States","Total reserves (gold at national valuation)","US dollar","Monthly","1973-M07","13187.86447034545","Millions"
"United States","Total reserves (gold at national valuation)","US dollar","Monthly","1973-M08","13193.41365908488","Millions"
"United States","Total reserves (gold at national valuation)","US dollar","Monthly","1973-M09","13197.9977715218","Millions"
"United States","Total reserves (gold at national valuation)","US dollar","Monthly","1973-M10","14367.4612494209","Millions"
"United States","Total reserves (gold at national valuation)","US dollar","Monthly","1973-M11","14372.7691690847","Millions"
"United States","Total reserves (gold at national valuation)","US dollar","Monthly","1973-M12","14377.95645421069","Millions"
"United States","Total reserves (gold at national valuation)","US dollar","Monthly","1974-M01","14565.39411647794","Millions"
"United States","Total reserves (gold at national valuation)","US dollar","Monthly","1974-M02","14643.15580303173","Millions"
"United States","Total reserves (gold at national valuation)","US dollar","Monthly","1974-M03","14588.25737731739","Millions"
"United States","Total reserves (gold at national valuation)","US dollar","Monthly","1974-M04","14642.02419082094","Millions"
"United States","Total reserves (gold at national valuation)","US dollar","Monthly","1974-M05","14869.48079275164","Millions"
"United States","Total reserves (gold at national valuation)","US dollar","Monthly","1974-M06","14946.21714602836","Millions"
"United States","Total reserves (gold at national valuation)","US dollar","Monthly","1974-M07","14911.90684636693","Millions"
"United States","Total reserves (gold at national valuation)","US dollar","Monthly","1974-M08","15460.13590104379","Millions"
"United States","Total reserves (gold at national valuation)","US dollar","Monthly","1974-M09","15893.18026994692","Millions"
"United States","Total reserves (gold at national valuation)","US dollar","Monthly","1974-M10","15889.69514573088","Millions"
"United States","Total reserves (gold at national valuation)","US dollar","Monthly","1974-M11","15839.20199399464","Millions"
"United States","Total reserves (gold at national valuation)","US dollar","Monthly","1974-M12","15883.84754912931","Millions"
"United States","Total reserves (gold at national valuation)","US dollar","Monthly","1975-M01","15948.01255536135","Millions"
"United States","Total reserves (gold at national valuation)","US dollar","Monthly","1975-M02","16132.29532588358","Millions"
"United States","Total reserves (gold at national valuation)","US dollar","Monthly","1975-M03","16255.80098377885","Millions"
"United States","Total reserves (gold at national valuation)","US dollar","Monthly","1975-M04","16182.63164733418","Millions"
"United States","Total reserves (gold at national valuation)","US dollar","Monthly","1975-M05","16279.85258173638","Millions"
"United States","Total reserves (gold at national valuation)","US dollar","Monthly","1975-M06","16241.47127758313","Millions"
"United States","Total reserves (gold at national valuation)","US dollar","Monthly","1975-M07","16083.55581494875","Millions"
"United States","Total reserves (gold at national valuation)","US dollar","Monthly","1975-M08","16116.68497553556","Millions"
"United States","Total reserves (gold at national valuation)","US dollar","Monthly","1975-M09","16291.69280186015","Millions"
"United States","Total reserves (gold at national valuation)","US dollar","Monthly","1975-M10","16567.68994884052","Millions"
"United States","Total reserves (gold at national valuation)","US dollar","Monthly","1975-M11","16591.9447334418","Millions"
"United States","Total reserves (gold at national valuation)","US dollar","Monthly","1975-M12","16225.89658934102","Millions"
"United States","Total reserves (gold at national valuation)","US dollar","Monthly","1976-M01","16622.45838653895","Millions"
"United States","Total reserves (gold at national valuation)","US dollar","Monthly","1976-M02","16661.48785662786","Millions"
"United States","Total reserves (gold at national valuation)","US dollar","Monthly","1976-M03","16941.1636137084","Millions"
"United States","Total reserves (gold at national valuation)","US dollar","Monthly","1976-M04","17436.86983902106","Millions"
"United States","Total reserves (gold at national valuation)","US dollar","Monthly","1976-M05","17955.33015628995","Millions"
"United States","Total reserves (gold at national valuation)","US dollar","Monthly","1976-M06","18476.49524430505","Millions"
"United States","Total reserves (gold at national valuation)","US dollar","Monthly","1976-M07","18245.40158252006","Millions"
"United States","Total reserves (gold at national valuation)","US dollar","Monthly","1976-M08","18586.28293648101","Millions"
"United States","Total reserves (gold at national valuation)","US dollar","Monthly","1976-M09","18945.8841135667","Millions"
"United States","Total reserves (gold at national valuation)","US dollar","Monthly","1976-M10","19013.03351695001","Millions"
"United States","Total reserves (gold at national valuation)","US dollar","Monthly","1976-M11","19416.17432065331","Millions"
"United States","Total reserves (gold at national valuation)","US dollar","Monthly","1976-M12","18747.00164611658","Millions"
"United States","Total reserves (gold at national valuation)","US dollar","Monthly","1977-M01","19087.40888795636","Millions"
"United States","Total reserves (gold at national valuation)","US dollar","Monthly","1977-M02","19121.96754739893","Millions"
"United States","Total reserves (gold at national valuation)","US dollar","Monthly","1977-M03","19120.64834088913","Millions"
"United States","Total reserves (gold at national valuation)","US dollar","Monthly","1977-M04","18867.70397022849","Millions"
"United States","Total reserves (gold at national valuation)","US dollar","Monthly","1977-M05","19194.33261403154","Millions"
"United States","Total reserves (gold at national valuation)","US dollar","Monthly","1977-M06","19155.7337476895","Millions"
"United States","Total reserves (gold at national valuation)","US dollar","Monthly","1977-M07","18926.98700546357","Millions"
"United States","Total reserves (gold at national valuation)","US dollar","Monthly","1977-M08","19055.54709394141","Millions"
"United States","Total reserves (gold at national valuation)","US dollar","Monthly","1977-M09","18988.47211270638","Millions"
"United States","Total reserves (gold at national valuation)","US dollar","Monthly","1977-M10","19047.45116863502","Millions"
"United States","Total reserves (gold at national valuation)","US dollar","Monthly","1977-M11","19155.04187768458","Millions"
"United States","Total reserves (gold at national valuation)","US dollar","Monthly","1977-M12","19311.49833289743","Millions"
"United States","Total reserves (gold at national valuation)","US dollar","Monthly","1978-M01","19454.83057203733","Millions"
"United States","Total reserves (gold at national valuation)","US dollar","Monthly","1978-M02","19372.98034524094","Millions"
"United States","Total reserves (gold at national valuation)","US dollar","Monthly","1978-M03","19191.3244384177","Millions"
"United States","Total reserves (gold at national valuation)","US dollar","Monthly","1978-M04","18842.72438334692","Millions"
"United States","Total reserves (gold at national valuation)","US dollar","Monthly","1978-M05","18965.23712395702","Millions"
"United States","Total reserves (gold at national valuation)","US dollar","Monthly","1978-M06","18863.95013024192","Millions"
"United States","Total reserves (gold at national valuation)","US dollar","Monthly","1978-M07","18832.09023992376","Millions"
"United States","Total reserves (gold at national valuation)","US dollar","Monthly","1978-M08","18782.59474784674","Millions"
"United States","Total reserves (gold at national valuation)","US dollar","Monthly","1978-M09","18849.93134403781","Millions"
"United States","Total reserves (gold at national valuation)","US dollar","Monthly","1978-M10","18934.6843409769","Millions"
"United States","Total reserves (gold at national valuation)","US dollar","Monthly","1978-M11","17967.47065519139","Millions"
"United States","Total reserves (gold at national valuation)","US dollar","Monthly","1978-M12","18650.30498789091","Millions"
"United States","Total reserves (gold at national valuation)","US dollar","Monthly","1979-M01","20468.77113397876","Millions"
"United States","Total reserves (gold at national valuation)","US dollar","Monthly","1979-M02","20291.45288615632","Millions"
"United States","Total reserves (gold at national valuation)","US dollar","Monthly","1979-M03","21657.91934705243","Millions"
"United States","Total reserves (gold at national valuation)","US dollar","Monthly","1979-M04","21402.95894786947","Millions"
"United States","Total reserves (gold at national valuation)","US dollar","Monthly","1979-M05","22298.91982161094","Millions"
"United States","Total reserves (gold at national valuation)","US dollar","Monthly","1979-M06","21267.65404481842","Millions"
"United States","Total reserves (gold at national valuation)","US dollar","Monthly","1979-M07","20044.30072163824","Millions"
"United States","Total reserves (gold at national valuation)","US dollar","Monthly","1979-M08","20045.58215196227","Millions"
"United States","Total reserves (gold at national valuation)","US dollar","Monthly","1979-M09","18557.29735528523","Millions"
"United States","Total reserves (gold at national valuation)","US dollar","Monthly","1979-M10","18016.01061253231","Millions"
"United States","Total reserves (gold at national valuation)","US dollar","Monthly","1979-M11","19284.81491697425","Millions"
"United States","Total reserves (gold at national valuation)","US dollar","Monthly","1979-M12","18956.02573273574","Millions"
"United States","Total reserves (gold at national valuation)","US dollar","Monthly","1980-M01","20989.32412552442","Millions"
"United States","Total reserves (gold at national valuation)","US dollar","Monthly","1980-M02","20886.58149298903","Millions"
"United States","Total reserves (gold at national valuation)","US dollar","Monthly","1980-M03","21491.05791114441","Millions"
"United States","Total reserves (gold at national valuation)","US dollar","Monthly","1980-M04","21644.90782001932","Millions"
"United States","Total reserves (gold at national valuation)","US dollar","Monthly","1980-M05","21917.5578757659","Millions"
"United States","Total reserves (gold at national valuation)","US dollar","Monthly","1980-M06","21942.97790293215","Millions"
"United States","Total reserves (gold at national valuation)","US dollar","Monthly","1980-M07","21844.60063664602","Millions"
"United States","Total reserves (gold at national valuation)","US dollar","Monthly","1980-M08","22691.42593691017","Millions"
"United States","Total reserves (gold at national valuation)","US dollar","Monthly","1980-M09","22994.40203385098","Millions"
"United States","Total reserves (gold at national valuation)","US dollar","Monthly","1980-M10","23966.38891547581","Millions"
"United States","Total reserves (gold at national valuation)","US dollar","Monthly","1980-M11","25673.02584809132","Millions"
"United States","Total reserves (gold at national valuation)","US dollar","Monthly","1980-M12","26755.96720335431","Millions"
"United States","Total reserves (gold at national valuation)","US dollar","Monthly","1981-M01","28315.80560683649","Millions"
"United States","Total reserves (gold at national valuation)","US dollar","Monthly","1981-M02","29681.79179265634","Millions"
"United States","Total reserves (gold at national valuation)","US dollar","Monthly","1981-M03","30409.44669757666","Millions"
"United States","Total reserves (gold at national valuation)","US dollar","Monthly","1981-M04","29692.77927808006","Millions"
"United States","Total reserves (gold at national valuation)","US dollar","Monthly","1981-M05","29395.22259486093","Millions"
"United States","Total reserves (gold at national valuation)","US dollar","Monthly","1981-M06","29582.15249816154","Millions"
"United States","Total reserves (gold at national valuation)","US dollar","Monthly","1981-M07","28866.92084347381","Millions"
"United States","Total reserves (gold at national valuation)","US dollar","Monthly","1981-M08","29265.13910570445","Millions"
"United States","Total reserves (gold at national valuation)","US dollar","Monthly","1981-M09","29715.20293533397","Millions"
"United States","Total reserves (gold at national valuation)","US dollar","Monthly","1981-M10","30247.86670429258","Millions"
"United States","Total reserves (gold at national valuation)","US dollar","Monthly","1981-M11","31001.37550371614","Millions"
"United States","Total reserves (gold at national valuation)","US dollar","Monthly","1981-M12","30074.50998574102","Millions"
"United States","Total reserves (gold at national valuation)","US dollar","Monthly","1982-M01","30097.36226975709","Millions"
"United States","Total reserves (gold at national valuation)","US dollar","Monthly","1982-M02","30060.76449136214","Millions"
"United States","Total reserves (gold at national valuation)","US dollar","Monthly","1982-M03","29943.50668930597","Millions"
"United States","Total reserves (gold at national valuation)","US dollar","Monthly","1982-M04","31555.85631694163","Millions"
"United States","Total reserves (gold at national valuation)","US dollar","Monthly","1982-M05","30914.35702632569","Millions"
"United States","Total reserves (gold at national valuation)","US dollar","Monthly","1982-M06","30671.36847853573","Millions"
"United States","Total reserves (gold at national valuation)","US dollar","Monthly","1982-M07","31226.72768977889","Millions"
"United States","Total reserves (gold at national valuation)","US dollar","Monthly","1982-M08","31232.4459871691","Millions"
"United States","Total reserves (gold at national valuation)","US dollar","Monthly","1982-M09","30992.61815173032","Millions"
"United States","Total reserves (gold at national valuation)","US dollar","Monthly","1982-M10","31711.48156377789","Millions"
"United States","Total reserves (gold at national valuation)","US dollar","Monthly","1982-M11","34005.80394903955","Millions"
"United States","Total reserves (gold at national valuation)","US dollar","Monthly","1982-M12","33957.35476222226","Millions"
"United States","Total reserves (gold at national valuation)","US dollar","Monthly","1983-M01","33935.32656834447","Millions"
"United States","Total reserves (gold at national valuation)","US dollar","Monthly","1983-M02","34232.18534886556","Millions"
"United States","Total reserves (gold at national valuation)","US dollar","Monthly","1983-M03","34260.60032632007","Millions"
"United States","Total reserves (gold at national valuation)","US dollar","Monthly","1983-M04","34172.80934580363","Millions"
"United States","Total reserves (gold at national valuation)","US dollar","Monthly","1983-M05","33930.6005633887","Millions"
"United States","Total reserves (gold at national valuation)","US dollar","Monthly","1983-M06","33876.65831380922","Millions"
"United States","Total reserves (gold at national valuation)","US dollar","Monthly","1983-M07","33372.3789876178","Millions"
"United States","Total reserves (gold at national valuation)","US dollar","Monthly","1983-M08","32623.85930725886","Millions"
"United States","Total reserves (gold at national valuation)","US dollar","Monthly","1983-M09","33066.39322253529","Millions"
"United States","Total reserves (gold at national valuation)","US dollar","Monthly","1983-M10","33273.0341248199","Millions"
"United States","Total reserves (gold at national valuation)","US dollar","Monthly","1983-M11","33654.82196501355","Millions"
"United States","Total reserves (gold at national valuation)","US dollar","Monthly","1983-M12","33747.77942348095","Millions"
"United States","Total reserves (gold at national valuation)","US dollar","Monthly","1984-M01","33887.78783126976","Millions"
"United States","Total reserves (gold at national valuation)","US dollar","Monthly","1984-M02","34818.17811999102","Millions"
"United States","Total reserves (gold at national valuation)","US dollar","Monthly","1984-M03","34974.73983105422","Millions"
"United States","Total reserves (gold at national valuation)","US dollar","Monthly","1984-M04","34584.68588155361","Millions"
"United States","Total reserves (gold at national valuation)","US dollar","Monthly","1984-M05","34712.80762007685","Millions"
"United States","Total reserves (gold at national valuation)","US dollar","Monthly","1984-M06","34547.52783764559","Millions"
"United States","Total reserves (gold at national valuation)","US dollar","Monthly","1984-M07","34391.3537011704","Millions"
"United States","Total reserves (gold at national valuation)","US dollar","Monthly","1984-M08","34760.15444674886","Millions"
"United States","Total reserves (gold at national valuation)","US dollar","Monthly","1984-M09","34306.83616383616","Millions"
"United States","Total reserves (gold at national valuation)","US dollar","Monthly","1984-M10","34570.05634417607","Millions"
"United States","Total reserves (gold at national valuation)","US dollar","Monthly","1984-M11","34727.42209404711","Millions"
"United States","Total reserves (gold at national valuation)","US dollar","Monthly","1984-M12","34933.77988137677","Millions"
"United States","Total reserves (gold at national valuation)","US dollar","Monthly","1985-M01","34379.67363819497","Millions"
"United States","Total reserves (gold at national valuation)","US dollar","Monthly","1985-M02","34272.41312482011","Millions"
"United States","Total reserves (gold at national valuation)","US dollar","Monthly","1985-M03","35493.01072299664","Millions"
"United States","Total reserves (gold at national valuation)","US dollar","Monthly","1985-M04","35493.03446293524","Millions"
"United States","Total reserves (gold at national valuation)","US dollar","Monthly","1985-M05","35782.07516631914","Millions"
"United States","Total reserves (gold at national valuation)","US dollar","Monthly","1985-M06","36087.30467595735","Millions"
"United States","Total reserves (gold at national valuation)","US dollar","Monthly","1985-M07","37070.8635448868","Millions"
"United States","Total reserves (gold at national valuation)","US dollar","Monthly","1985-M08","37153.62436842534","Millions"
"United States","Total reserves (gold at national valuation)","US dollar","Monthly","1985-M09","38293.99503141123","Millions"
"United States","Total reserves (gold at national valuation)","US dollar","Monthly","1985-M10","41656.72709346938","Millions"
"United States","Total reserves (gold at national valuation)","US dollar","Monthly","1985-M11","42850.7047531593","Millions"
"United States","Total reserves (gold at national valuation)","US dollar","Monthly","1985-M12","43185.42223198593","Millions"
"United States","Total reserves (gold at national valuation)","US dollar","Monthly","1986-M01","43672.46437103464","Millions"
"United States","Total reserves (gold at national valuation)","US dollar","Monthly","1986-M02","45504.37302495459","Millions"
"United States","Total reserves (gold at national valuation)","US dollar","Monthly","1986-M03","44918.59031564084","Millions"
"United States","Total reserves (gold at national valuation)","US dollar","Monthly","1986-M04","46491.94614109145","Millions"
"United States","Total reserves (gold at national valuation)","US dollar","Monthly","1986-M05","45249.15510185421","Millions"
"United States","Total reserves (gold at national valuation)","US dollar","Monthly","1986-M06","46594.62645282088","Millions"
"United States","Total reserves (gold at national valuation)","US dollar","Monthly","1986-M07","47430.02090477844","Millions"
"United States","Total reserves (gold at national valuation)","US dollar","Monthly","1986-M08","48161.27654541503","Millions"
"United States","Total reserves (gold at national valuation)","US dollar","Monthly","1986-M09","48086.70387807605","Millions"
"United States","Total reserves (gold at national valuation)","US dollar","Monthly","1986-M10","47088.76807518429","Millions"
"United States","Total reserves (gold at national valuation)","US dollar","Monthly","1986-M11","47824.60931448483","Millions"
"United States","Total reserves (gold at national valuation)","US dollar","Monthly","1986-M12","48516.48472838916","Millions"
"United States","Total reserves (gold at national valuation)","US dollar","Monthly","1987-M01","49386.8444669794","Millions"
"United States","Total reserves (gold at national valuation)","US dollar","Monthly","1987-M02","49359.9844251726","Millions"
"United States","Total reserves (gold at national valuation)","US dollar","Monthly","1987-M03","48823.94686499614","Millions"
"United States","Total reserves (gold at national valuation)","US dollar","Monthly","1987-M04","46591.78773153592","Millions"
"United States","Total reserves (gold at national valuation)","US dollar","Monthly","1987-M05","45912.91990993892","Millions"
"United States","Total reserves (gold at national valuation)","US dollar","Monthly","1987-M06","45139.50701633312","Millions"
"United States","Total reserves (gold at national valuation)","US dollar","Monthly","1987-M07","44318.33706740332","Millions"
"United States","Total reserves (gold at national valuation)","US dollar","Monthly","1987-M08","45914.52656080273","Millions"
"United States","Total reserves (gold at national valuation)","US dollar","Monthly","1987-M09","45070.6217513148","Millions"
"United States","Total reserves (gold at national valuation)","US dollar","Monthly","1987-M10","46200.49739084477","Millions"
"United States","Total reserves (gold at national valuation)","US dollar","Monthly","1987-M11","46779.16422359907","Millions"
"United States","Total reserves (gold at national valuation)","US dollar","Monthly","1987-M12","45798.29723786691","Millions"
"United States","Total reserves (gold at national valuation)","US dollar","Monthly","1988-M01","42954.41659379104","Millions"
"United States","Total reserves (gold at national valuation)","US dollar","Monthly","1988-M02","43063.98843143922","Millions"
"United States","Total reserves (gold at national valuation)","US dollar","Monthly","1988-M03","43185.99789131967","Millions"
"United States","Total reserves (gold at national valuation)","US dollar","Monthly","1988-M04","42730.05481348192","Millions"
"United States","Total reserves (gold at national valuation)","US dollar","Monthly","1988-M05","41948.64506134923","Millions"
"United States","Total reserves (gold at national valuation)","US dollar","Monthly","1988-M06","41027.8217562254","Millions"
"United States","Total reserves (gold at national valuation)","US dollar","Monthly","1988-M07","43875.8454078722","Millions"
"United States","Total reserves (gold at national valuation)","US dollar","Monthly","1988-M08","47778.65310644212","Millions"
"United States","Total reserves (gold at national valuation)","US dollar","Monthly","1988-M09","47787.96572726329","Millions"
"United States","Total reserves (gold at national valuation)","US dollar","Monthly","1988-M10","50204.33431136351","Millions"
"United States","Total reserves (gold at national valuation)","US dollar","Monthly","1988-M11","48943.46635331407","Millions"
"United States","Total reserves (gold at national valuation)","US dollar","Monthly","1988-M12","47801.65278357177","Millions"
"United States","Total reserves (gold at national valuation)","US dollar","Monthly","1989-M01","48190.02071261903","Millions"
"United States","Total reserves (gold at national valuation)","US dollar","Monthly","1989-M02","49372.82778306382","Millions"
"United States","Total reserves (gold at national valuation)","US dollar","Monthly","1989-M03","49854.24929870602","Millions"
"United States","Total reserves (gold at national valuation)","US dollar","Monthly","1989-M04","50303.485987484","Millions"
"United States","Total reserves (gold at national valuation)","US dollar","Monthly","1989-M05","54940.54893669946","Millions"
"United States","Total reserves (gold at national valuation)","US dollar","Monthly","1989-M06","60503.41250373909","Millions"
"United States","Total reserves (gold at national valuation)","US dollar","Monthly","1989-M07","63462.21050598684","Millions"
"United States","Total reserves (gold at national valuation)","US dollar","Monthly","1989-M08","62363.84599179781","Millions"
"United States","Total reserves (gold at national valuation)","US dollar","Monthly","1989-M09","68417.49574465361","Millions"
"United States","Total reserves (gold at national valuation)","US dollar","Monthly","1989-M10","70808.68936083206","Millions"
"United States","Total reserves (gold at national valuation)","US dollar","Monthly","1989-M11","72559.75165149318","Millions"
"United States","Total reserves (gold at national valuation)","US dollar","Monthly","1989-M12","74608.63326937734","Millions"
"United States","Total reserves (gold at national valuation)","US dollar","Monthly","1990-M01","75506.36146239297","Millions"
"United States","Total reserves (gold at national valuation)","US dollar","Monthly","1990-M02","74173.52486798968","Millions"
"United States","Total reserves (gold at national valuation)","US dollar","Monthly","1990-M03","76303.02854020868","Millions"
"United States","Total reserves (gold at national valuation)","US dollar","Monthly","1990-M04","76283.21060994834","Millions"
"United States","Total reserves (gold at national valuation)","US dollar","Monthly","1990-M05","77028.36683766517","Millions"
"United States","Total reserves (gold at national valuation)","US dollar","Monthly","1990-M06","77298.84325354791","Millions"
"United States","Total reserves (gold at national valuation)","US dollar","Monthly","1990-M07","77906.28664681944","Millions"
"United States","Total reserves (gold at national valuation)","US dollar","Monthly","1990-M08","78908.8383573794","Millions"
"United States","Total reserves (gold at national valuation)","US dollar","Monthly","1990-M09","80024.16613285054","Millions"
"United States","Total reserves (gold at national valuation)","US dollar","Monthly","1990-M10","82852.19653179186","Millions"
"United States","Total reserves (gold at national valuation)","US dollar","Monthly","1990-M11","83059.40277361635","Millions"
"United States","Total reserves (gold at national valuation)","US dollar","Monthly","1990-M12","83316.21460784451","Millions"
"United States","Total reserves (gold at national valuation)","US dollar","Monthly","1991-M01","85009.01119113896","Millions"
"United States","Total reserves (gold at national valuation)","US dollar","Monthly","1991-M02","82798.41843286557","Millions"
"United States","Total reserves (gold at national valuation)","US dollar","Monthly","1991-M03","78002.36342340154","Millions"
"United States","Total reserves (gold at national valuation)","US dollar","Monthly","1991-M04","78296.76881821344","Millions"
"United States","Total reserves (gold at national valuation)","US dollar","Monthly","1991-M05","78262.79860552426","Millions"
"United States","Total reserves (gold at national valuation)","US dollar","Monthly","1991-M06","74939.38990982471","Millions"
"United States","Total reserves (gold at national valuation)","US dollar","Monthly","1991-M07","74816.4458258851","Millions"
"United States","Total reserves (gold at national valuation)","US dollar","Monthly","1991-M08","73514.36132094397","Millions"
"United States","Total reserves (gold at national valuation)","US dollar","Monthly","1991-M09","74730.8686730506","Millions"
"United States","Total reserves (gold at national valuation)","US dollar","Monthly","1991-M10","74507.89443692865","Millions"
"United States","Total reserves (gold at national valuation)","US dollar","Monthly","1991-M11","74650.99986192797","Millions"
"United States","Total reserves (gold at national valuation)","US dollar","Monthly","1991-M12","77718.47428800294","Millions"
"United States","Total reserves (gold at national valuation)","US dollar","Monthly","1992-M01","75867.19590581992","Millions"
"United States","Total reserves (gold at national valuation)","US dollar","Monthly","1992-M02","75088.92996022982","Millions"
"United States","Total reserves (gold at national valuation)","US dollar","Monthly","1992-M03","74656.90534979419","Millions"
"United States","Total reserves (gold at national valuation)","US dollar","Monthly","1992-M04","74712.24124044605","Millions"
"United States","Total reserves (gold at national valuation)","US dollar","Monthly","1992-M05","74587.02331848584","Millions"
"United States","Total reserves (gold at national valuation)","US dollar","Monthly","1992-M06","77091.90276644763","Millions"
"United States","Total reserves (gold at national valuation)","US dollar","Monthly","1992-M07","77370.79735428337","Millions"
"United States","Total reserves (gold at national valuation)","US dollar","Monthly","1992-M08","78474.84026572952","Millions"
"United States","Total reserves (gold at national valuation)","US dollar","Monthly","1992-M09","78526.60904913404","Millions"
"United States","Total reserves (gold at national valuation)","US dollar","Monthly","1992-M10","74205.91010446101","Millions"
"United States","Total reserves (gold at national valuation)","US dollar","Monthly","1992-M11","72231.46776542234","Millions"
"United States","Total reserves (gold at national valuation)","US dollar","Monthly","1992-M12","71323.69473510532","Millions"
"United States","Total reserves (gold at national valuation)","US dollar","Monthly","1993-M01","71962.21937400675","Millions"
"United States","Total reserves (gold at national valuation)","US dollar","Monthly","1993-M02","72846.75824629483","Millions"
"United States","Total reserves (gold at national valuation)","US dollar","Monthly","1993-M03","74378.15102383115","Millions"
"United States","Total reserves (gold at national valuation)","US dollar","Monthly","1993-M04","75644.39579303366","Millions"
"United States","Total reserves (gold at national valuation)","US dollar","Monthly","1993-M05","76711.35480985905","Millions"
"United States","Total reserves (gold at national valuation)","US dollar","Monthly","1993-M06","73969.08097540322","Millions"
"United States","Total reserves (gold at national valuation)","US dollar","Monthly","1993-M07","74139.22879655266","Millions"
"United States","Total reserves (gold at national valuation)","US dollar","Monthly","1993-M08","75230.29108029394","Millions"
"United States","Total reserves (gold at national valuation)","US dollar","Monthly","1993-M09","75834.60443389334","Millions"
"United States","Total reserves (gold at national valuation)","US dollar","Monthly","1993-M10","74548.83756529297","Millions"
"United States","Total reserves (gold at national valuation)","US dollar","Monthly","1993-M11","74042.57870167995","Millions"
"United States","Total reserves (gold at national valuation)","US dollar","Monthly","1993-M12","73405.9777751732","Millions"
"United States","Total reserves (gold at national valuation)","US dollar","Monthly","1994-M01","74243.16536973341","Millions"
"United States","Total reserves (gold at national valuation)","US dollar","Monthly","1994-M02","75765.49290732462","Millions"
"United States","Total reserves (gold at national valuation)","US dollar","Monthly","1994-M03","76809.87317326915","Millions"
"United States","Total reserves (gold at national valuation)","US dollar","Monthly","1994-M04","76564.58963968127","Millions"
"United States","Total reserves (gold at national valuation)","US dollar","Monthly","1994-M05","74420.17332931755","Millions"
"United States","Total reserves (gold at national valuation)","US dollar","Monthly","1994-M06","75731.3545948276","Millions"
"United States","Total reserves (gold at national valuation)","US dollar","Monthly","1994-M07","75443.86275570669","Millions"
"United States","Total reserves (gold at national valuation)","US dollar","Monthly","1994-M08","75739.85294571118","Millions"
"United States","Total reserves (gold at national valuation)","US dollar","Monthly","1994-M09","76532.07200291129","Millions"
"United States","Total reserves (gold at national valuation)","US dollar","Monthly","1994-M10","78171.24654118852","Millions"
"United States","Total reserves (gold at national valuation)","US dollar","Monthly","1994-M11","73999.7288934132","Millions"
"United States","Total reserves (gold at national valuation)","US dollar","Monthly","1994-M12","74334.72526493752","Millions"
"United States","Total reserves (gold at national valuation)","US dollar","Monthly","1995-M01","76027.93694286929","Millions"
"United States","Total reserves (gold at national valuation)","US dollar","Monthly","1995-M02","81439.68540290092","Millions"
"United States","Total reserves (gold at national valuation)","US dollar","Monthly","1995-M03","86762.05488347136","Millions"
"United States","Total reserves (gold at national valuation)","US dollar","Monthly","1995-M04","88756.11933029738","Millions"
"United States","Total reserves (gold at national valuation)","US dollar","Monthly","1995-M05","90548.15779075383","Millions"
"United States","Total reserves (gold at national valuation)","US dollar","Monthly","1995-M06","90062.65348647181","Millions"
"United States","Total reserves (gold at national valuation)","US dollar","Monthly","1995-M07","91534.65835976645","Millions"
"United States","Total reserves (gold at national valuation)","US dollar","Monthly","1995-M08","86648.05532172173","Millions"
"United States","Total reserves (gold at national valuation)","US dollar","Monthly","1995-M09","87152.14640212692","Millions"
"United States","Total reserves (gold at national valuation)","US dollar","Monthly","1995-M10","86223.598999725","Millions"
"United States","Total reserves (gold at national valuation)","US dollar","Monthly","1995-M11","85756.23701153252","Millions"
"United States","Total reserves (gold at national valuation)","US dollar","Monthly","1995-M12","85831.1248834358","Millions"
"United States","Total reserves (gold at national valuation)","US dollar","Monthly","1996-M01","82717.64893467692","Millions"
"United States","Total reserves (gold at national valuation)","US dollar","Monthly","1996-M02","84269.54901641401","Millions"
"United States","Total reserves (gold at national valuation)","US dollar","Monthly","1996-M03","84211.61274406932","Millions"
"United States","Total reserves (gold at national valuation)","US dollar","Monthly","1996-M04","83710.34988646069","Millions"
"United States","Total reserves (gold at national valuation)","US dollar","Monthly","1996-M05","83468.78461336734","Millions"
"United States","Total reserves (gold at national valuation)","US dollar","Monthly","1996-M06","83454.80040950613","Millions"
"United States","Total reserves (gold at national valuation)","US dollar","Monthly","1996-M07","85098.461574448","Millions"
"United States","Total reserves (gold at national valuation)","US dollar","Monthly","1996-M08","76780.84778096679","Millions"
"United States","Total reserves (gold at national valuation)","US dollar","Monthly","1996-M09","75510.50371627618","Millions"
"United States","Total reserves (gold at national valuation)","US dollar","Monthly","1996-M10","75556.98812563582","Millions"
"United States","Total reserves (gold at national valuation)","US dollar","Monthly","1996-M11","75379.95914366716","Millions"
"United States","Total reserves (gold at national valuation)","US dollar","Monthly","1996-M12","75088.76454620437","Millions"
"United States","Total reserves (gold at national valuation)","US dollar","Monthly","1997-M01","68199.75144103466","Millions"
"United States","Total reserves (gold at national valuation)","US dollar","Monthly","1997-M02","67481.73424599302","Millions"
"United States","Total reserves (gold at national valuation)","US dollar","Monthly","1997-M03","67222.0273645739","Millions"
"United States","Total reserves (gold at national valuation)","US dollar","Monthly","1997-M04","65873.84769232492","Millions"
"United States","Total reserves (gold at national valuation)","US dollar","Monthly","1997-M05","68053.19137637318","Millions"
"United States","Total reserves (gold at national valuation)","US dollar","Monthly","1997-M06","67813.07894723823","Millions"
"United States","Total reserves (gold at national valuation)","US dollar","Monthly","1997-M07","66120.68942055424","Millions"
"United States","Total reserves (gold at national valuation)","US dollar","Monthly","1997-M08","66642.39147305437","Millions"
"United States","Total reserves (gold at national valuation)","US dollar","Monthly","1997-M09","67147.6766710358","Millions"
"United States","Total reserves (gold at national valuation)","US dollar","Monthly","1997-M10","68036.57755319048","Millions"
"United States","Total reserves (gold at national valuation)","US dollar","Monthly","1997-M11","67113.18195305467","Millions"
"United States","Total reserves (gold at national valuation)","US dollar","Monthly","1997-M12","69954.13491070118","Millions"
"United States","Total reserves (gold at national valuation)","US dollar","Monthly","1998-M01","70004.19589125583","Millions"
"United States","Total reserves (gold at national valuation)","US dollar","Monthly","1998-M02","70631.00089905107","Millions"
"United States","Total reserves (gold at national valuation)","US dollar","Monthly","1998-M03","69353.00763241098","Millions"
"United States","Total reserves (gold at national valuation)","US dollar","Monthly","1998-M04","70328.70611478897","Millions"
"United States","Total reserves (gold at national valuation)","US dollar","Monthly","1998-M05","70723.42756526396","Millions"
"United States","Total reserves (gold at national valuation)","US dollar","Monthly","1998-M06","71162.03232830542","Millions"
"United States","Total reserves (gold at national valuation)","US dollar","Monthly","1998-M07","72260.77666714661","Millions"
"United States","Total reserves (gold at national valuation)","US dollar","Monthly","1998-M08","73544.44713089873","Millions"
"United States","Total reserves (gold at national valuation)","US dollar","Monthly","1998-M09","75675.20355695994","Millions"
"United States","Total reserves (gold at national valuation)","US dollar","Monthly","1998-M10","79185.71913373687","Millions"
"United States","Total reserves (gold at national valuation)","US dollar","Monthly","1998-M11","77682.26380803698","Millions"
"United States","Total reserves (gold at national valuation)","US dollar","Monthly","1998-M12","81760.4871234415","Millions"
"United States","Total reserves (gold at national valuation)","US dollar","Monthly","1999-M01","80676.86003945988","Millions"
"United States","Total reserves (gold at national valuation)","US dollar","Monthly","1999-M02","75320.8490869108","Millions"
"United States","Total reserves (gold at national valuation)","US dollar","Monthly","1999-M03","74358.89376379397","Millions"
"United States","Total reserves (gold at national valuation)","US dollar","Monthly","1999-M04","73694.57186575982","Millions"
"United States","Total reserves (gold at national valuation)","US dollar","Monthly","1999-M05","72054.17754580845","Millions"
"United States","Total reserves (gold at national valuation)","US dollar","Monthly","1999-M06","71688.96424401595","Millions"
"United States","Total reserves (gold at national valuation)","US dollar","Monthly","1999-M07","73304.77616365585","Millions"
"United States","Total reserves (gold at national valuation)","US dollar","Monthly","1999-M08","72649.48284306667","Millions"
"United States","Total reserves (gold at national valuation)","US dollar","Monthly","1999-M09","73413.58549358967","Millions"
"United States","Total reserves (gold at national valuation)","US dollar","Monthly","1999-M10","73229.39182199763","Millions"
"United States","Total reserves (gold at national valuation)","US dollar","Monthly","1999-M11","72317.60097323749","Millions"
"United States","Total reserves (gold at national valuation)","US dollar","Monthly","1999-M12","71547.97832108141","Millions"
"United States","Total reserves (gold at national valuation)","US dollar","Monthly","2000-M01","69897.98215116358","Millions"
"United States","Total reserves (gold at national valuation)","US dollar","Monthly","2000-M02","69309.10653348869","Millions"
"United States","Total reserves (gold at national valuation)","US dollar","Monthly","2000-M03","70789.38032113973","Millions"
"United States","Total reserves (gold at national valuation)","US dollar","Monthly","2000-M04","66604.35099480338","Millions"
"United States","Total reserves (gold at national valuation)","US dollar","Monthly","2000-M05","67159.28686150031","Millions"
"United States","Total reserves (gold at national valuation)","US dollar","Monthly","2000-M06","67955.52193091743","Millions"
"United States","Total reserves (gold at national valuation)","US dollar","Monthly","2000-M07","66517.25878495702","Millions"
"United States","Total reserves (gold at national valuation)","US dollar","Monthly","2000-M08","65332.62468708386","Millions"
"United States","Total reserves (gold at national valuation)","US dollar","Monthly","2000-M09","66255.99261008453","Millions"
"United States","Total reserves (gold at national valuation)","US dollar","Monthly","2000-M10","65257.24002540966","Millions"
"United States","Total reserves (gold at national valuation)","US dollar","Monthly","2000-M11","65522.1685492058","Millions"
"United States","Total reserves (gold at national valuation)","US dollar","Monthly","2000-M12","67646.11265272295","Millions"
"United States","Total reserves (gold at national valuation)","US dollar","Monthly","2001-M01","67542.02266329761","Millions"
"United States","Total reserves (gold at national valuation)","US dollar","Monthly","2001-M02","66485.27827136302","Millions"
"United States","Total reserves (gold at national valuation)","US dollar","Monthly","2001-M03","64221.32706201519","Millions"
"United States","Total reserves (gold at national valuation)","US dollar","Monthly","2001-M04","64730.6243319043","Millions"
"United States","Total reserves (gold at national valuation)","US dollar","Monthly","2001-M05","65255.11514446361","Millions"
"United States","Total reserves (gold at national valuation)","US dollar","Monthly","2001-M06","64846.8813068573","Millions"
"United States","Total reserves (gold at national valuation)","US dollar","Monthly","2001-M07","65735.57607393636","Millions"
"United States","Total reserves (gold at national valuation)","US dollar","Monthly","2001-M08","67851.90977674896","Millions"
"United States","Total reserves (gold at national valuation)","US dollar","Monthly","2001-M09","70947.16352363397","Millions"
"United States","Total reserves (gold at national valuation)","US dollar","Monthly","2001-M10","69706.70274505192","Millions"
"United States","Total reserves (gold at national valuation)","US dollar","Monthly","2001-M11","69157.27357531453","Millions"
"United States","Total reserves (gold at national valuation)","US dollar","Monthly","2001-M12","68678.67702798485","Millions"
"United States","Total reserves (gold at national valuation)","US dollar","Monthly","2002-M01","67532.84911535477","Millions"
"United States","Total reserves (gold at national valuation)","US dollar","Monthly","2002-M02","67357.01356227247","Millions"
"United States","Total reserves (gold at national valuation)","US dollar","Monthly","2002-M03","67573.38554778729","Millions"
"United States","Total reserves (gold at national valuation)","US dollar","Monthly","2002-M04","67844.01168064947","Millions"
"United States","Total reserves (gold at national valuation)","US dollar","Monthly","2002-M05","69578.71884800942","Millions"
"United States","Total reserves (gold at national valuation)","US dollar","Monthly","2002-M06","74696.25456316183","Millions"
"United States","Total reserves (gold at national valuation)","US dollar","Monthly","2002-M07","74751.2907123294","Millions"
"United States","Total reserves (gold at national valuation)","US dollar","Monthly","2002-M08","75577.60367880545","Millions"
"United States","Total reserves (gold at national valuation)","US dollar","Monthly","2002-M09","75860.0494330274","Millions"
"United States","Total reserves (gold at national valuation)","US dollar","Monthly","2002-M10","75499.68947410852","Millions"
"United States","Total reserves (gold at national valuation)","US dollar","Monthly","2002-M11","75671.51749834161","Millions"
"United States","Total reserves (gold at national valuation)","US dollar","Monthly","2002-M12","79005.41491424128","Millions"
"United States","Total reserves (gold at national valuation)","US dollar","Monthly","2003-M01","78434.14830313659","Millions"
"United States","Total reserves (gold at national valuation)","US dollar","Monthly","2003-M02","78579.73441943913","Millions"
"United States","Total reserves (gold at national valuation)","US dollar","Monthly","2003-M03","80048.96046625616","Millions"
"United States","Total reserves (gold at national valuation)","US dollar","Monthly","2003-M04","80404.59260033602","Millions"
"United States","Total reserves (gold at national valuation)","US dollar","Monthly","2003-M05","82286.99767310331","Millions"
"United States","Total reserves (gold at national valuation)","US dollar","Monthly","2003-M06","81660.15009776562","Millions"
"United States","Total reserves (gold at national valuation)","US dollar","Monthly","2003-M07","80615.22635476134","Millions"
"United States","Total reserves (gold at national valuation)","US dollar","Monthly","2003-M08","80422.51117228511","Millions"
"United States","Total reserves (gold at national valuation)","US dollar","Monthly","2003-M09","84432.57508500025","Millions"
"United States","Total reserves (gold at national valuation)","US dollar","Monthly","2003-M10","84150.60857582121","Millions"
"United States","Total reserves (gold at national valuation)","US dollar","Monthly","2003-M11","85371.29543045718","Millions"
"United States","Total reserves (gold at national valuation)","US dollar","Monthly","2003-M12","85937.13529877226","Millions"
"United States","Total reserves (gold at national valuation)","US dollar","Monthly","2004-M01","85254.36505080324","Millions"
"United States","Total reserves (gold at national valuation)","US dollar","Monthly","2004-M02","84741.28669114634","Millions"
"United States","Total reserves (gold at national valuation)","US dollar","Monthly","2004-M03","85191.6063289223","Millions"
"United States","Total reserves (gold at national valuation)","US dollar","Monthly","2004-M04","82090.20523687435","Millions"
"United States","Total reserves (gold at national valuation)","US dollar","Monthly","2004-M05","82803.64463751099","Millions"
"United States","Total reserves (gold at national valuation)","US dollar","Monthly","2004-M06","82652.58100024527","Millions"
"United States","Total reserves (gold at national valuation)","US dollar","Monthly","2004-M07","81374.53524883988","Millions"
"United States","Total reserves (gold at national valuation)","US dollar","Monthly","2004-M08","82602.59036604966","Millions"
"United States","Total reserves (gold at national valuation)","US dollar","Monthly","2004-M09","82578.01109854877","Millions"
"United States","Total reserves (gold at national valuation)","US dollar","Monthly","2004-M10","84231.74841304564","Millions"
"United States","Total reserves (gold at national valuation)","US dollar","Monthly","2004-M11","86701.94582518831","Millions"
"United States","Total reserves (gold at national valuation)","US dollar","Monthly","2004-M12","86934.73497259506","Millions"
"United States","Total reserves (gold at national valuation)","US dollar","Monthly","2005-M01","81366.43959606436","Millions"
"United States","Total reserves (gold at national valuation)","US dollar","Monthly","2005-M02","80168.01394299184","Millions"
"United States","Total reserves (gold at national valuation)","US dollar","Monthly","2005-M03","78942.23593645861","Millions"
"United States","Total reserves (gold at national valuation)","US dollar","Monthly","2005-M04","79525.55600680875","Millions"
"United States","Total reserves (gold at national valuation)","US dollar","Monthly","2005-M05","77742.43586558937","Millions"
"United States","Total reserves (gold at national valuation)","US dollar","Monthly","2005-M06","76593.58806428216","Millions"
"United States","Total reserves (gold at national valuation)","US dollar","Monthly","2005-M07","74620.44648397072","Millions"
"United States","Total reserves (gold at national valuation)","US dollar","Monthly","2005-M08","72243.44212209982","Millions"
"United States","Total reserves (gold at national valuation)","US dollar","Monthly","2005-M09","71273.36074772623","Millions"
"United States","Total reserves (gold at national valuation)","US dollar","Monthly","2005-M10","70218.10019298662","Millions"
"United States","Total reserves (gold at national valuation)","US dollar","Monthly","2005-M11","68773.11105326176","Millions"
"United States","Total reserves (gold at national valuation)","US dollar","Monthly","2005-M12","65126.95491064807","Millions"
"United States","Total reserves (gold at national valuation)","US dollar","Monthly","2006-M01","65593.70378446169","Millions"
"United States","Total reserves (gold at national valuation)","US dollar","Monthly","2006-M02","65364.41387097256","Millions"
"United States","Total reserves (gold at national valuation)","US dollar","Monthly","2006-M03","65353.94038159369","Millions"
"United States","Total reserves (gold at national valuation)","US dollar","Monthly","2006-M04","66846.27979830497","Millions"
"United States","Total reserves (gold at national valuation)","US dollar","Monthly","2006-M05","67090.37322099318","Millions"
"United States","Total reserves (gold at national valuation)","US dollar","Monthly","2006-M06","67933.97304325197","Millions"
"United States","Total reserves (gold at national valuation)","US dollar","Monthly","2006-M07","67558.79265095692","Millions"
"United States","Total reserves (gold at national valuation)","US dollar","Monthly","2006-M08","66605.80083558417","Millions"
"United States","Total reserves (gold at national valuation)","US dollar","Monthly","2006-M09","66217.01785414843","Millions"
"United States","Total reserves (gold at national valuation)","US dollar","Monthly","2006-M10","65588.43347757167","Millions"
"United States","Total reserves (gold at national valuation)","US dollar","Monthly","2006-M11","66704.94580049232","Millions"
"United States","Total reserves (gold at national valuation)","US dollar","Monthly","2006-M12","65894.93358205689","Millions"
"United States","Total reserves (gold at national valuation)","US dollar","Monthly","2007-M01","65063.36352942983","Millions"
"United States","Total reserves (gold at national valuation)","US dollar","Monthly","2007-M02","66081.62326863554","Millions"
"United States","Total reserves (gold at national valuation)","US dollar","Monthly","2007-M03","66550.62828697984","Millions"
"United States","Total reserves (gold at national valuation)","US dollar","Monthly","2007-M04","66719.54034009698","Millions"
"United States","Total reserves (gold at national valuation)","US dollar","Monthly","2007-M05","66007.50232755686","Millions"
"United States","Total reserves (gold at national valuation)","US dollar","Monthly","2007-M06","66127.04977099622","Millions"
"United States","Total reserves (gold at national valuation)","US dollar","Monthly","2007-M07","67029.21027909758","Millions"
"United States","Total reserves (gold at national valuation)","US dollar","Monthly","2007-M08","67508.33582689511","Millions"
"United States","Total reserves (gold at national valuation)","US dollar","Monthly","2007-M09","69070.38720733795","Millions"
"United States","Total reserves (gold at national valuation)","US dollar","Monthly","2007-M10","69626.44752851561","Millions"
"United States","Total reserves (gold at national valuation)","US dollar","Monthly","2007-M11","70965.96504964628","Millions"
"United States","Total reserves (gold at national valuation)","US dollar","Monthly","2007-M12","70565.29328523009","Millions"
"United States","Total reserves (gold at national valuation)","US dollar","Monthly","2008-M01","72016.64420465299","Millions"
"United States","Total reserves (gold at national valuation)","US dollar","Monthly","2008-M02","73404.02610581537","Millions"
"United States","Total reserves (gold at national valuation)","US dollar","Monthly","2008-M03","75764.13452326345","Millions"
"United States","Total reserves (gold at national valuation)","US dollar","Monthly","2008-M04","74371.62684513487","Millions"
"United States","Total reserves (gold at national valuation)","US dollar","Monthly","2008-M05","75169.99438133459","Millions"
"United States","Total reserves (gold at national valuation)","US dollar","Monthly","2008-M06","75739.68449362937","Millions"
"United States","Total reserves (gold at national valuation)","US dollar","Monthly","2008-M07","74831.87056953519","Millions"
"United States","Total reserves (gold at national valuation)","US dollar","Monthly","2008-M08","72560.41437863512","Millions"
"United States","Total reserves (gold at national valuation)","US dollar","Monthly","2008-M09","71834.03170721618","Millions"
"United States","Total reserves (gold at national valuation)","US dollar","Monthly","2008-M10","69762.97304966516","Millions"
"United States","Total reserves (gold at national valuation)","US dollar","Monthly","2008-M11","73378.41798503741","Millions"
"United States","Total reserves (gold at national valuation)","US dollar","Monthly","2008-M12","77648.06492062614","Millions"
"United States","Total reserves (gold at national valuation)","US dollar","Monthly","2009-M01","75363.58429693662","Millions"
"United States","Total reserves (gold at national valuation)","US dollar","Monthly","2009-M02","73198.79781997835","Millions"
"United States","Total reserves (gold at national valuation)","US dollar","Monthly","2009-M03","74957.56861736456","Millions"
"United States","Total reserves (gold at national valuation)","US dollar","Monthly","2009-M04","75114.59171935557","Millions"
"United States","Total reserves (gold at national valuation)","US dollar","Monthly","2009-M05","81737.83192060598","Millions"
"United States","Total reserves (gold at national valuation)","US dollar","Monthly","2009-M06","81488.61170104403","Millions"
"United States","Total reserves (gold at national valuation)","US dollar","Monthly","2009-M07","82931.26787889232","Millions"
"United States","Total reserves (gold at national valuation)","US dollar","Monthly","2009-M08","126846.0685892208","Millions"
"United States","Total reserves (gold at national valuation)","US dollar","Monthly","2009-M09","134295.9884419632","Millions"
"United States","Total reserves (gold at national valuation)","US dollar","Monthly","2009-M10","134690.0967515904","Millions"
"United States","Total reserves (gold at national valuation)","US dollar","Monthly","2009-M11","135019.9789751471","Millions"
"United States","Total reserves (gold at national valuation)","US dollar","Monthly","2009-M12","130759.9314168525","Millions"
"United States","Total reserves (gold at national valuation)","US dollar","Monthly","2010-M01","129960.2715922748","Millions"
"United States","Total reserves (gold at national valuation)","US dollar","Monthly","2010-M02","129292.7600738434","Millions"
"United States","Total reserves (gold at national valuation)","US dollar","Monthly","2010-M03","127520.7588564941","Millions"
"United States","Total reserves (gold at national valuation)","US dollar","Monthly","2010-M04","126481.4377570006","Millions"
"United States","Total reserves (gold at national valuation)","US dollar","Monthly","2010-M05","124174.4015267929","Millions"
"United States","Total reserves (gold at national valuation)","US dollar","Monthly","2010-M06","124514.0445019736","Millions"
"United States","Total reserves (gold at national valuation)","US dollar","Monthly","2010-M07","129127.1523531541","Millions"
"United States","Total reserves (gold at national valuation)","US dollar","Monthly","2010-M08","128446.7263619847","Millions"
"United States","Total reserves (gold at national valuation)","US dollar","Monthly","2010-M09","133099.0553144146","Millions"
"United States","Total reserves (gold at national valuation)","US dollar","Monthly","2010-M10","135391.7354986635","Millions"
"United States","Total reserves (gold at national valuation)","US dollar","Monthly","2010-M11","130282.2287755907","Millions"
"United States","Total reserves (gold at national valuation)","US dollar","Monthly","2010-M12","132432.8650189401","Millions"
"United States","Total reserves (gold at national valuation)","US dollar","Monthly","2011-M01","133943.1642889754","Millions"
"United States","Total reserves (gold at national valuation)","US dollar","Monthly","2011-M02","134654.7264475073","Millions"
"United States","Total reserves (gold at national valuation)","US dollar","Monthly","2011-M03","139314.5739595611","Millions"
"United States","Total reserves (gold at national valuation)","US dollar","Monthly","2011-M04","142988.5860685546","Millions"
"United States","Total reserves (gold at national valuation)","US dollar","Monthly","2011-M05","146945.9432412979","Millions"
"United States","Total reserves (gold at national valuation)","US dollar","Monthly","2011-M06","147659.8217703387","Millions"
"United States","Total reserves (gold at national valuation)","US dollar","Monthly","2011-M07","149703.5377057108","Millions"
"United States","Total reserves (gold at national valuation)","US dollar","Monthly","2011-M08","150653.7349075628","Millions"
"United States","Total reserves (gold at national valuation)","US dollar","Monthly","2011-M09","148486.621961641","Millions"
"United States","Total reserves (gold at national valuation)","US dollar","Monthly","2011-M10","150695.1438432282","Millions"
"United States","Total reserves (gold at national valuation)","US dollar","Monthly","2011-M11","148028.3251259412","Millions"
"United States","Total reserves (gold at national valuation)","US dollar","Monthly","2011-M12","147953.2862250137","Millions"
"United States","Total reserves (gold at national valuation)","US dollar","Monthly","2012-M01","149279.8648070812","Millions"
"United States","Total reserves (gold at national valuation)","US dollar","Monthly","2012-M02","148881.5573945955","Millions"
"United States","Total reserves (gold at national valuation)","US dollar","Monthly","2012-M03","149077.8785116579","Millions"
"United States","Total reserves (gold at national valuation)","US dollar","Monthly","2012-M04","152462.699119339","Millions"
"United States","Total reserves (gold at national valuation)","US dollar","Monthly","2012-M05","148864.8380431512","Millions"
"United States","Total reserves (gold at national valuation)","US dollar","Monthly","2012-M06","149830.3628558273","Millions"
"United States","Total reserves (gold at national valuation)","US dollar","Monthly","2012-M07","149383.5759768984","Millions"
"United States","Total reserves (gold at national valuation)","US dollar","Monthly","2012-M08","151501.1891423315","Millions"
"United States","Total reserves (gold at national valuation)","US dollar","Monthly","2012-M09","153075.3828984044","Millions"
"United States","Total reserves (gold at national valuation)","US dollar","Monthly","2012-M10","152228.312618823","Millions"
"United States","Total reserves (gold at national valuation)","US dollar","Monthly","2012-M11","151275.5191424598","Millions"
"United States","Total reserves (gold at national valuation)","US dollar","Monthly","2012-M12","150174.9308155984","Millions"
"United States","Total reserves (gold at national valuation)","US dollar","Monthly","2013-M01","151894.9448579459","Millions"
"United States","Total reserves (gold at national valuation)","US dollar","Monthly","2013-M02","148837.3806828826","Millions"
"United States","Total reserves (gold at national valuation)","US dollar","Monthly","2013-M03","146328.7043212348","Millions"
"United States","Total reserves (gold at national valuation)","US dollar","Monthly","2013-M04","146794.6639238132","Millions"
"United States","Total reserves (gold at national valuation)","US dollar","Monthly","2013-M05","144041.7082969557","Millions"
"United States","Total reserves (gold at national valuation)","US dollar","Monthly","2013-M06","145702.6560681273","Millions"
"United States","Total reserves (gold at national valuation)","US dollar","Monthly","2013-M07","147426.7599808478","Millions"
"United States","Total reserves (gold at national valuation)","US dollar","Monthly","2013-M08","145755.459188099","Millions"
"United States","Total reserves (gold at national valuation)","US dollar","Monthly","2013-M09","147746.8666700758","Millions"
"United States","Total reserves (gold at national valuation)","US dollar","Monthly","2013-M10","147085.9750417525","Millions"
"United States","Total reserves (gold at national valuation)","US dollar","Monthly","2013-M11","145111.8556548668","Millions"
"United States","Total reserves (gold at national valuation)","US dollar","Monthly","2013-M12","144574.5240313598","Millions"
"United States","Total reserves (gold at national valuation)","US dollar","Monthly","2014-M01","144415.8508593218","Millions"
"United States","Total reserves (gold at national valuation)","US dollar","Monthly","2014-M02","145204.669723511","Millions"
"United States","Total reserves (gold at national valuation)","US dollar","Monthly","2014-M03","144284.2946082576","Millions"
"United States","Total reserves (gold at national valuation)","US dollar","Monthly","2014-M04","144277.5250684731","Millions"
"United States","Total reserves (gold at national valuation)","US dollar","Monthly","2014-M05","144578.0778037385","Millions"
"United States","Total reserves (gold at national valuation)","US dollar","Monthly","2014-M06","145176.1859732982","Millions"
"United States","Total reserves (gold at national valuation)","US dollar","Monthly","2014-M07","142915.8447290266","Millions"
"United States","Total reserves (gold at national valuation)","US dollar","Monthly","2014-M08","141317.8943923799","Millions"
"United States","Total reserves (gold at national valuation)","US dollar","Monthly","2014-M09","137053.6809690558","Millions"
"United States","Total reserves (gold at national valuation)","US dollar","Monthly","2014-M10","136284.5695776963","Millions"
"United States","Total reserves (gold at national valuation)","US dollar","Monthly","2014-M11","133640.6663494183","Millions"
"United States","Total reserves (gold at national valuation)","US dollar","Monthly","2014-M12","130089.5436697056","Millions"
"United States","Total reserves (gold at national valuation)","US dollar","Monthly","2015-M01","126603.0295961051","Millions"
"United States","Total reserves (gold at national valuation)","US dollar","Monthly","2015-M02","124717.4435408218","Millions"
"United States","Total reserves (gold at national valuation)","US dollar","Monthly","2015-M03","119269.6046868742","Millions"
"United States","Total reserves (gold at national valuation)","US dollar","Monthly","2015-M04","121290.0916884722","Millions"
"United States","Total reserves (gold at national valuation)","US dollar","Monthly","2015-M05","119535.186800057","Millions"
"United States","Total reserves (gold at national valuation)","US dollar","Monthly","2015-M06","120332.6555157567","Millions"
"United States","Total reserves (gold at national valuation)","US dollar","Monthly","2015-M07","119317.9668824581","Millions"
"United States","Total reserves (gold at national valuation)","US dollar","Monthly","2015-M08","120899.1345028532","Millions"
"United States","Total reserves (gold at national valuation)","US dollar","Monthly","2015-M09","120217.9479808954","Millions"
"United States","Total reserves (gold at national valuation)","US dollar","Monthly","2015-M10","119266.7364006112","Millions"
"United States","Total reserves (gold at national valuation)","US dollar","Monthly","2015-M11","116640.487861351","Millions"
"United States","Total reserves (gold at national valuation)","US dollar","Monthly","2015-M12","117580.6957237927","Millions"
"United States","Total reserves (gold at national valuation)","US dollar","Monthly","2016-M01","117188.3520258542","Millions"
"United States","Total reserves (gold at national valuation)","US dollar","Monthly","2016-M02","117218.2399575758","Millions"
"United States","Total reserves (gold at national valuation)","US dollar","Monthly","2016-M03","119726.700875796","Millions"
"United States","Total reserves (gold at national valuation)","US dollar","Monthly","2016-M04","121034.5814089851","Millions"
"United States","Total reserves (gold at national valuation)","US dollar","Monthly","2016-M05","119189.6718435041","Millions"
"United States","Total reserves (gold at national valuation)","US dollar","Monthly","2016-M06","120202.252856585","Millions"
"United States","Total reserves (gold at national valuation)","US dollar","Monthly","2016-M07","120411.2314685146","Millions"
"United States","Total reserves (gold at national valuation)","US dollar","Monthly","2016-M08","120312.8885762102","Millions"
"United States","Total reserves (gold at national valuation)","US dollar","Monthly","2016-M09","122430.7314575222","Millions"
"United States","Total reserves (gold at national valuation)","US dollar","Monthly","2016-M10","121019.9430923599","Millions"
"United States","Total reserves (gold at national valuation)","US dollar","Monthly","2016-M11","118219.0278897516","Millions"
"United States","Total reserves (gold at national valuation)","US dollar","Monthly","2016-M12","117331.8691102519","Millions"
"United States","Total reserves (gold at national valuation)","US dollar","Monthly","2017-M01","119182.6821956824","Millions"
"United States","Total reserves (gold at national valuation)","US dollar","Monthly","2017-M02","118281.2237099841","Millions"
"United States","Total reserves (gold at national valuation)","US dollar","Monthly","2017-M03","118793.4709845379","Millions"
"United States","Total reserves (gold at national valuation)","US dollar","Monthly","2017-M04","120025.9836400649","Millions"
"United States","Total reserves (gold at national valuation)","US dollar","Monthly","2017-M05","121705.6442828651","Millions"
"United States","Total reserves (gold at national valuation)","US dollar","Monthly","2017-M06","122015.1987490224","Millions"
"United States","Total reserves (gold at national valuation)","US dollar","Monthly","2017-M07","123689.5429623655","Millions"
"United States","Total reserves (gold at national valuation)","US dollar","Monthly","2017-M08","124516.4078760107","Millions"
"United States","Total reserves (gold at national valuation)","US dollar","Monthly","2017-M09","123863.1673623583","Millions"
"United States","Total reserves (gold at national valuation)","US dollar","Monthly","2017-M10","122631.8267140335","Millions"
"United States","Total reserves (gold at national valuation)","US dollar","Monthly","2017-M11","123428.6567378514","Millions"
"United States","Total reserves (gold at national valuation)","US dollar","Monthly","2017-M12","123292.9654926834","Millions"
"United States","Total reserves (gold at national valuation)","US dollar","Monthly","2018-M01","126214.483341408","Millions"
"United States","Total reserves (gold at national valuation)","US dollar","Monthly","2018-M02","125725.0962959713","Millions"
"United States","Total reserves (gold at national valuation)","US dollar","Monthly","2018-M03","126372.3321950739","Millions"
"United States","Total reserves (gold at national valuation)","US dollar","Monthly","2018-M04","124540.0900764722","Millions"
"United States","Total reserves (gold at national valuation)","US dollar","Monthly","2018-M05","122844.2890721204","Millions"
"United States","Total reserves (gold at national valuation)","US dollar","Monthly","2018-M06","125098.7349388926","Millions"
"United States","Total reserves (gold at national valuation)","US dollar","Monthly","2018-M07","124694.378010044","Millions"
"United States","Total reserves (gold at national valuation)","US dollar","Monthly","2018-M08","124529.3404064594","Millions"
"United States","Total reserves (gold at national valuation)","US dollar","Monthly","2018-M09","123728.6555788512","Millions"
"United States","Total reserves (gold at national valuation)","US dollar","Monthly","2018-M10","123571.8511538359","Millions"
"United States","Total reserves (gold at national valuation)","US dollar","Monthly","2018-M11","123501.639658156","Millions"
"United States","Total reserves (gold at national valuation)","US dollar","Monthly","2018-M12","125798.0499696686","Millions"
"United States","Total reserves (gold at national valuation)","US dollar","Monthly","2019-M01","126357.407216795","Millions"
"United States","Total reserves (gold at national valuation)","US dollar","Monthly","2019-M02","125827.4543314948","Millions"
"United States","Total reserves (gold at national valuation)","US dollar","Monthly","2019-M03","125175.0159375113","Millions"
"United States","Total reserves (gold at national valuation)","US dollar","Monthly","2019-M04","127263.8003823924","Millions"
"United States","Total reserves (gold at national valuation)","US dollar","Monthly","2019-M05","126967.4495399401","Millions"
"United States","Total reserves (gold at national valuation)","US dollar","Monthly","2019-M06","128356.1800717571","Millions"
"United States","Total reserves (gold at national valuation)","US dollar","Monthly","2019-M07","128844.9842654516","Millions"
"United States","Total reserves (gold at national valuation)","US dollar","Monthly","2019-M08","128525.9645016567","Millions"
"United States","Total reserves (gold at national valuation)","US dollar","Monthly","2019-M09","127595.3761641626","Millions"
"United States","Total reserves (gold at national valuation)","US dollar","Monthly","2019-M10","128811.9227312417","Millions"
"United States","Total reserves (gold at national valuation)","US dollar","Monthly","2019-M11","127938.3921705075","Millions"
"United States","Total reserves (gold at national valuation)","US dollar","Monthly","2019-M12","129478.7786641038","Millions"
"United States","Total reserves (gold at national valuation)","US dollar","Monthly","2020-M01","128867.0833514304","Millions"
"United States","Total reserves (gold at national valuation)","US dollar","Monthly","2020-M02","128425.2809424026","Millions"
"United States","Total reserves (gold at national valuation)","US dollar","Monthly","2020-M03","127910.0533960461","Millions"
"United States","Total reserves (gold at national valuation)","US dollar","Monthly","2020-M04","128801.5601279","Millions"
"United States","Total reserves (gold at national valuation)","US dollar","Monthly","2020-M05","132238.6226187906","Millions"
"United States","Total reserves (gold at national valuation)","US dollar","Monthly","2020-M06","133890.0313348645","Millions"
"United States","Total reserves (gold at national valuation)","US dollar","Monthly","2020-M07","139971.4450711818","Millions"
"United States","Total reserves (gold at national valuation)","US dollar","Monthly","2020-M08","140387.6573645377","Millions"
"United States","Total reserves (gold at national valuation)","US dollar","Monthly","2020-M09","138961.3488796163","Millions"
"United States","Total reserves (gold at national valuation)","US dollar","Monthly","2020-M10","139477.8293051651","Millions"
"United States","Total reserves (gold at national valuation)","US dollar","Monthly","2020-M11","141191.4154111536","Millions"
"United States","Total reserves (gold at national valuation)","US dollar","Monthly","2020-M12","144890.1558818671","Millions"
"United States","Total reserves (gold at national valuation)","US dollar","Monthly","2021-M01","144009.033799513","Millions"
"United States","Total reserves (gold at national valuation)","US dollar","Monthly","2021-M02","143407.1639135334","Millions"
"United States","Total reserves (gold at national valuation)","US dollar","Monthly","2021-M03","139048.0919981523","Millions"
"United States","Total reserves (gold at national valuation)","US dollar","Monthly","2021-M04","141120.362639615","Millions"
"United States","Total reserves (gold at national valuation)","US dollar","Monthly","2021-M05","141810.0677586042","Millions"
"United States","Total reserves (gold at national valuation)","US dollar","Monthly","2021-M06","140184.9040559084","Millions"
"United States","Total reserves (gold at national valuation)","US dollar","Monthly","2021-M07","140554.9625743207","Millions"
"United States","Total reserves (gold at national valuation)","US dollar","Monthly","2021-M08","253217.3204714418","Millions"
"United States","Total reserves (gold at national valuation)","US dollar","Monthly","2021-M09","250525.0007928012","Millions"
"United States","Total reserves (gold at national valuation)","US dollar","Monthly","2021-M10","252429.7948529462","Millions"
"United States","Total reserves (gold at national valuation)","US dollar","Monthly","2021-M11","250225.8558012992","Millions"
"United States","Total reserves (gold at national valuation)","US dollar","Monthly","2021-M12","251238.4140421319","Millions"
"United States","Total reserves (gold at national valuation)","US dollar","Monthly","2022-M01","250371.8646037466","Millions"
"United States","Total reserves (gold at national valuation)","US dollar","Monthly","2022-M02","250795.8036995194","Millions"
"United States","Total reserves (gold at national valuation)","US dollar","Monthly","2022-M03","248223.5361417214","Millions"
"United States","Total reserves (gold at national valuation)","US dollar","Monthly","2022-M04","240957.7062849635","Millions"
"United States","Total reserves (gold at national valuation)","US dollar","Monthly","2022-M05","242311.1815533224","Millions"
"United States","Total reserves (gold at national valuation)","US dollar","Monthly","2022-M06","238575.2539102736","Millions"
"United States","Total reserves (gold at national valuation)","US dollar","Monthly","2022-M07","238034.2005997247","Millions"
"United States","Total reserves (gold at national valuation)","US dollar","Monthly","2022-M08","234112.0806265916","Millions"
"United States","Total reserves (gold at national valuation)","US dollar","Monthly","2022-M09","230152.7485753563","Millions"
"United States","Total reserves (gold at national valuation)","US dollar","Monthly","2022-M10","232795.5866461443","Millions"
"United States","Total reserves (gold at national valuation)","US dollar","Monthly","2022-M11","239666.6907488539","Millions"
"United States","Total reserves (gold at national valuation)","US dollar","Monthly","2022-M12","243757.6969857299","Millions"
"United States","Total reserves (gold at national valuation)","US dollar","Monthly","2023-M01","247103.8719263648","Millions"
"United States","Total reserves (gold at national valuation)","US dollar","Monthly","2023-M02","243476.3399670366","Millions"
"United States","Total reserves (gold at national valuation)","US dollar","Monthly","2023-M03","246989.9024163685","Millions"
"United States","Total reserves (gold at national valuation)","US dollar","Monthly","2023-M04","246686.3495886086","Millions"
"United States","Total reserves (gold at national valuation)","US dollar","Monthly","2023-M05","243013.719167853","Millions"
"United States","Total reserves (gold at national valuation)","US dollar","Monthly","2023-M06","244008.3467655637","Millions"
"United States","Total reserves (gold at national valuation)","US dollar","Monthly","2023-M07","245007.8946284486","Millions"
"United States","Total reserves (gold at national valuation)","US dollar","Monthly","2023-M08","243802.6260293894","Millions"
"United States","Total reserves (gold at national valuation)","US dollar","Monthly","2023-M09","240990.2655740096","Millions"
"United States","Total reserves (gold at national valuation)","US dollar","Monthly","2023-M10","240713.6045117015","Millions"
"United States","Total reserves (gold at national valuation)","US dollar","Monthly","2023-M11","243388.018176449","Millions"
"United States","Total reserves (gold at national valuation)","US dollar","Monthly","2023-M12","245151.8617696513","Millions"
"United States","Total reserves (gold at national valuation)","US dollar","Monthly","2024-M01","244005.77913069","Millions"
"United States","Total reserves (gold at national valuation)","US dollar","Monthly","2024-M02","243686.5618907394","Millions"
"United States","Total reserves (gold at national valuation)","US dollar","Monthly","2024-M03","243802.3086631096","Millions"
"United States","Total reserves (gold at national valuation)","US dollar","Monthly","2024-M04","241602.3103092762","Millions"
"United States","Total reserves (gold at national valuation)","US dollar","Monthly","2024-M05","243055.6128664556","Millions"
"United States","Total reserves (gold at national valuation)","US dollar","Monthly","2024-M06","242120.1583902179","Millions"
"United States","Total reserves (gold at national valuation)","US dollar","Monthly","2024-M07","245221.4790956394","Millions"
"United States","Total reserves (gold at national valuation)","US dollar","Monthly","2024-M08","249094.1487742049","Millions"
"United States","Total reserves (gold at national valuation)","US dollar","Monthly","2024-M09","250619.4865026094","Millions"
"United States","Total reserves (gold at national valuation)","US dollar","Monthly","2024-M10","243925.086159633","Millions"
"United States","Total reserves (gold at national valuation)","US dollar","Monthly","2024-M11","241464.2356593942","Millions"
"United States","Total reserves (gold at national valuation)","US dollar","Monthly","2024-M12","238800.7581566165","Millions"
"United States","Total reserves (gold at national valuation)","US dollar","Monthly","2025-M01","239948.5628476419","Millions"
"United States","Total reserves (gold at national valuation)","US dollar","Monthly","2025-M02","241210.1979847583","Millions"
"United States","Total reserves (gold at national valuation)","US dollar","Monthly","2025-M03","245628.2636520242","Millions"
"United States","Total reserves (gold at national valuation)","US dollar","Monthly","2025-M04","253841.5511072088","Millions"
"United States","Total reserves (gold at national valuation)","US dollar","Monthly","2025-M05","254122.6137139232","Millions"
"United States","Total reserves (gold at national valuation)","US dollar","Monthly","2025-M06","255679.1464255384","Millions"
"United States","Total reserves (gold at national valuation)","US dollar","Monthly","2025-M07","251594.3514730237","Millions"
"United States","Total reserves (gold at national valuation)","US dollar","Monthly","2025-M08","255347.7106666004","Millions"
"United States","Total reserves (gold at national valuation)","US dollar","Monthly","2025-M09","255491.250734041","Millions"
"United States","Total reserves (gold at national valuation)","US dollar","Monthly","2025-M10","251949.0108790816","Millions"
"United States","Total reserves (gold at national valuation)","US dollar","Monthly","2025-M11","252409.2764352838","Millions"
"United States","Total reserves (gold at national valuation)","US dollar","Monthly","2025-M12","254313.1613170928","Millions"
"United States","Total reserves (gold at national valuation)","US dollar","Monthly","2026-M01","256232.2047584333","Millions"
