"COUNTRY","PRODUCTION_INDEX","TYPE_OF_TRANSFORMATION","FREQUENCY","TIME_PERIOD","OBS_VALUE","SCALE"
"Germany","Industrial Production","Index","Annual","1958","27.33297207151794","Units"
"Germany","Industrial Production","Index","Annual","1959","29.28884647832431","Units"
"Germany","Industrial Production","Index","Annual","1960","32.69493336376036","Units"
"Germany","Industrial Production","Index","Annual","1961","34.75842300143508","Units"
"Germany","Industrial Production","Index","Annual","1962","36.21835974791435","Units"
"Germany","Industrial Production","Index","Annual","1963","37.44296921243445","Units"
"Germany","Industrial Production","Index","Annual","1964","40.54047266477812","Units"
"Germany","Industrial Production","Index","Annual","1965","42.77510941660491","Units"
"Germany","Industrial Production","Index","Annual","1966","43.48109126248232","Units"
"Germany","Industrial Production","Index","Annual","1967","42.55274782511187","Units"
"Germany","Industrial Production","Index","Annual","1968","47.78051422103049","Units"
"Germany","Industrial Production","Index","Annual","1969","54.02608731853542","Units"
"Germany","Industrial Production","Index","Annual","1970","57.54756884911951","Units"
"Germany","Industrial Production","Index","Annual","1971","58.05517563086607","Units"
"Germany","Industrial Production","Index","Annual","1972","60.19710769586049","Units"
"Germany","Industrial Production","Index","Annual","1973","64.06931115355169","Units"
"Germany","Industrial Production","Index","Annual","1974","62.95555834251648","Units"
"Germany","Industrial Production","Index","Annual","1975","59.04834752056692","Units"
"Germany","Industrial Production","Index","Annual","1976","63.02427650198665","Units"
"Germany","Industrial Production","Index","Annual","1977","64.66638119951418","Units"
"Germany","Industrial Production","Index","Annual","1978","63.45149600284362","Units"
"Germany","Industrial Production","Index","Annual","1979","66.64753870272941","Units"
"Germany","Industrial Production","Index","Annual","1980","66.64300071106625","Units"
"Germany","Industrial Production","Index","Annual","1981","65.4248740917792","Units"
"Germany","Industrial Production","Index","Annual","1982","63.29785257082072","Units"
"Germany","Industrial Production","Index","Annual","1983","63.72183064906114","Units"
"Germany","Industrial Production","Index","Annual","1984","65.64853225231886","Units"
"Germany","Industrial Production","Index","Annual","1985","68.79725018200347","Units"
"Germany","Industrial Production","Index","Annual","1986","70.05946014887519","Units"
"Germany","Industrial Production","Index","Annual","1987","70.32979479509271","Units"
"Germany","Industrial Production","Index","Annual","1988","72.86134585859248","Units"
"Germany","Industrial Production","Index","Annual","1989","76.45024897960011","Units"
"Germany","Industrial Production","Index","Annual","1990","80.4054328562741","Units"
"Germany","Industrial Production","Index","Annual","1991","83.22676710169053","Units"
"Germany","Industrial Production","Index","Annual","1992","82.08811421564339","Units"
"Germany","Industrial Production","Index","Annual","1993","75.98318297275998","Units"
"Germany","Industrial Production","Index","Annual","1994","78.11158798283265","Units"
"Germany","Industrial Production","Index","Annual","1995","78.83857405623197","Units"
"Germany","Industrial Production","Index","Annual","1996","78.75974424104409","Units"
"Germany","Industrial Production","Index","Annual","1997","81.00201453972153","Units"
"Germany","Industrial Production","Index","Annual","1998","84.4179731978629","Units"
"Germany","Industrial Production","Index","Annual","1999","85.61793816238946","Units"
"Germany","Industrial Production","Index","Annual","2000","89.90978365595172","Units"
"Germany","Industrial Production","Index","Annual","2001","89.87474818253486","Units"
"Germany","Industrial Production","Index","Annual","2002","88.85871945344665","Units"
"Germany","Industrial Production","Index","Annual","2003","89.34921608128234","Units"
"Germany","Industrial Production","Index","Annual","2004","93.13304721030047","Units"
"Germany","Industrial Production","Index","Annual","2005","95.9709205570641","Units"
"Germany","Industrial Production","Index","Annual","2006","101.0598230708593","Units"
"Germany","Industrial Production","Index","Annual","2007","106.8757116580538","Units"
"Germany","Industrial Production","Index","Annual","2008","107.5413856529737","Units"
"Germany","Industrial Production","Index","Annual","2009","89.91854252430592","Units"
"Germany","Industrial Production","Index","Annual","2010","100","Units"
"Germany","Industrial Production","Index","Annual","2011","107.0158535517211","Units"
"Germany","Industrial Production","Index","Annual","2012","106.1925199264255","Units"
"Germany","Industrial Production","Index","Annual","2013","106.0261014276956","Units"
"Germany","Industrial Production","Index","Annual","2014","107.4625558377858","Units"
"Germany","Industrial Production","Index","Annual","2015","109.0128755364807","Units"
"Germany","Industrial Production","Index","Annual","2016","110.0902163440485","Units"
"Germany","Industrial Production","Index","Annual","2017","112.7704300604363","Units"
"Germany","Industrial Production","Index","Annual","2018","113.8915652097749","Units"
"Germany","Industrial Production","Index","Annual","2019","110.0026276605063","Units"
"Germany","Industrial Production","Index","Annual","2020","100.376631339231","Units"
"Germany","Industrial Production","Index","Annual","2021","105.1151791188579","Units"
"Germany","Industrial Production","Index","Annual","2022","104.6509590960848","Units"
"Germany","Industrial Production","Index","Annual","2023","102.2335114303232","Units"
"Germany","Industrial Production","Index","Annual","2024","97.38109836209168","Units"
"Germany","Industrial Production","Index","Monthly","1958-M01","26.45709185956194","Units"
"Germany","Industrial Production","Index","Monthly","1958-M02","26.9059246811722","Units"
"Germany","Industrial Production","Index","Monthly","1958-M03","27.91579852979528","Units"
"Germany","Industrial Production","Index","Monthly","1958-M04","28.25242314600298","Units"
"Germany","Industrial Production","Index","Monthly","1958-M05","28.84552366027368","Units"
"Germany","Industrial Production","Index","Monthly","1958-M06","28.43676519773575","Units"
"Germany","Industrial Production","Index","Monthly","1958-M07","26.42503237230405","Units"
"Germany","Industrial Production","Index","Monthly","1958-M08","27.0582072456471","Units"
"Germany","Industrial Production","Index","Monthly","1958-M09","28.36463135140553","Units"
"Germany","Industrial Production","Index","Monthly","1958-M10","28.88559801934601","Units"
"Germany","Industrial Production","Index","Monthly","1958-M11","31.04159853743815","Units"
"Germany","Industrial Production","Index","Monthly","1958-M12","29.33443084095628","Units"
"Germany","Industrial Production","Index","Monthly","1959-M01","27.01813288657477","Units"
"Germany","Industrial Production","Index","Monthly","1959-M02","27.5791739135876","Units"
"Germany","Industrial Production","Index","Monthly","1959-M03","28.88559801934603","Units"
"Germany","Industrial Production","Index","Monthly","1959-M04","29.22222263555373","Units"
"Germany","Industrial Production","Index","Monthly","1959-M05","31.71484776985356","Units"
"Germany","Industrial Production","Index","Monthly","1959-M06","29.99966520155722","Units"
"Germany","Industrial Production","Index","Monthly","1959-M07","27.94785801705318","Units"
"Germany","Industrial Production","Index","Monthly","1959-M08","29.11001443015118","Units"
"Germany","Industrial Production","Index","Monthly","1959-M09","31.15380674284076","Units"
"Germany","Industrial Production","Index","Monthly","1959-M10","32.86898931113711","Units"
"Germany","Industrial Production","Index","Monthly","1959-M11","34.10327957056533","Units"
"Germany","Industrial Production","Index","Monthly","1959-M12","32.50030520767154","Units"
"Germany","Industrial Production","Index","Monthly","1960-M01","31.1938811019131","Units"
"Germany","Industrial Production","Index","Monthly","1960-M02","31.04159853743818","Units"
"Germany","Industrial Production","Index","Monthly","1960-M03","32.20375495053617","Units"
"Germany","Industrial Production","Index","Monthly","1960-M04","34.28762162229809","Units"
"Germany","Industrial Production","Index","Monthly","1960-M05","33.72658059528528","Units"
"Germany","Industrial Production","Index","Monthly","1960-M06","34.39982982770066","Units"
"Germany","Industrial Production","Index","Monthly","1960-M07","32.3480226431966","Units"
"Germany","Industrial Production","Index","Monthly","1960-M08","31.15380674284074","Units"
"Germany","Industrial Production","Index","Monthly","1960-M09","34.65630572576366","Units"
"Germany","Industrial Production","Index","Monthly","1960-M10","35.89059598519188","Units"
"Germany","Industrial Production","Index","Monthly","1960-M11","37.26915393728054","Units"
"Germany","Industrial Production","Index","Monthly","1960-M12","36.04287854966678","Units"
"Germany","Industrial Production","Index","Monthly","1961-M01","33.47010469722225","Units"
"Germany","Industrial Production","Index","Monthly","1961-M02","34.80858829023856","Units"
"Germany","Industrial Production","Index","Monthly","1961-M03","36.22722060139956","Units"
"Germany","Industrial Production","Index","Monthly","1961-M04","36.97260368014517","Units"
"Germany","Industrial Production","Index","Monthly","1961-M05","36.18714624232722","Units"
"Germany","Industrial Production","Index","Monthly","1961-M06","35.55397136898417","Units"
"Germany","Industrial Production","Index","Monthly","1961-M07","33.95099700609037","Units"
"Germany","Industrial Production","Index","Monthly","1961-M08","32.94913802928174","Units"
"Germany","Industrial Production","Index","Monthly","1961-M09","36.67605342300979","Units"
"Germany","Industrial Production","Index","Monthly","1961-M10","36.74818726934001","Units"
"Germany","Industrial Production","Index","Monthly","1961-M11","38.57557804303892","Units"
"Germany","Industrial Production","Index","Monthly","1961-M12","37.60577855348819","Units"
"Germany","Industrial Production","Index","Monthly","1962-M01","33.95099700609035","Units"
"Germany","Industrial Production","Index","Monthly","1962-M02","35.85052162611949","Units"
"Germany","Industrial Production","Index","Monthly","1962-M03","35.96272983152206","Units"
"Germany","Industrial Production","Index","Monthly","1962-M04","37.86225445155119","Units"
"Germany","Industrial Production","Index","Monthly","1962-M05","37.83019496429331","Units"
"Germany","Industrial Production","Index","Monthly","1962-M06","38.6076375302968","Units"
"Germany","Industrial Production","Index","Monthly","1962-M07","34.99293034197132","Units"
"Germany","Industrial Production","Index","Monthly","1962-M08","34.47196367403085","Units"
"Germany","Industrial Production","Index","Monthly","1962-M09","39.05647035190707","Units"
"Germany","Industrial Production","Index","Monthly","1962-M10","38.57557804303895","Units"
"Germany","Industrial Production","Index","Monthly","1962-M11","41.03614369008091","Units"
"Germany","Industrial Production","Index","Monthly","1962-M12","39.57743701984755","Units"
"Germany","Industrial Production","Index","Monthly","1963-M01","34.47196367403085","Units"
"Germany","Industrial Production","Index","Monthly","1963-M02","35.44176316358159","Units"
"Germany","Industrial Production","Index","Monthly","1963-M03","37.83019496429333","Units"
"Germany","Industrial Production","Index","Monthly","1963-M04","38.94426214650451","Units"
"Germany","Industrial Production","Index","Monthly","1963-M05","38.4633698376364","Units"
"Germany","Industrial Production","Index","Monthly","1963-M06","41.10827753641115","Units"
"Germany","Industrial Production","Index","Monthly","1963-M07","35.89059598519188","Units"
"Germany","Industrial Production","Index","Monthly","1963-M08","35.89059598519188","Units"
"Germany","Industrial Production","Index","Monthly","1963-M09","40.02626984145785","Units"
"Germany","Industrial Production","Index","Monthly","1963-M10","40.77165292020347","Units"
"Germany","Industrial Production","Index","Monthly","1963-M11","43.71311087611356","Units"
"Germany","Industrial Production","Index","Monthly","1963-M12","40.36289445766553","Units"
"Germany","Industrial Production","Index","Monthly","1964-M01","37.75004624614865","Units"
"Germany","Industrial Production","Index","Monthly","1964-M02","39.98619548238548","Units"
"Germany","Industrial Production","Index","Monthly","1964-M03","40.51517702214043","Units"
"Germany","Industrial Production","Index","Monthly","1964-M04","41.96586882055931","Units"
"Germany","Industrial Production","Index","Monthly","1964-M05","44.12988421046592","Units"
"Germany","Industrial Production","Index","Monthly","1964-M06","42.07807702596186","Units"
"Germany","Industrial Production","Index","Monthly","1964-M07","39.32096112178456","Units"
"Germany","Industrial Production","Index","Monthly","1964-M08","38.16681958050102","Units"
"Germany","Industrial Production","Index","Monthly","1964-M09","42.75132625837724","Units"
"Germany","Industrial Production","Index","Monthly","1964-M10","44.57070216026169","Units"
"Germany","Industrial Production","Index","Monthly","1964-M11","46.47824165210529","Units"
"Germany","Industrial Production","Index","Monthly","1964-M12","43.49670933712285","Units"
"Germany","Industrial Production","Index","Monthly","1965-M01","42.33455292402484","Units"
"Germany","Industrial Production","Index","Monthly","1965-M02","43.07993600277044","Units"
"Germany","Industrial Production","Index","Monthly","1965-M03","42.59904369390231","Units"
"Germany","Industrial Production","Index","Monthly","1965-M04","45.42829344440984","Units"
"Germany","Industrial Production","Index","Monthly","1965-M05","45.46836780348218","Units"
"Germany","Industrial Production","Index","Monthly","1965-M06","45.13174318727447","Units"
"Germany","Industrial Production","Index","Monthly","1965-M07","40.99606933100852","Units"
"Germany","Industrial Production","Index","Monthly","1965-M08","39.6575857379922","Units"
"Germany","Industrial Production","Index","Monthly","1965-M09","45.20387703360468","Units"
"Germany","Industrial Production","Index","Monthly","1965-M10","46.28588472855799","Units"
"Germany","Industrial Production","Index","Monthly","1965-M11","48.15334986132925","Units"
"Germany","Industrial Production","Index","Monthly","1965-M12","44.49856831393141","Units"
"Germany","Industrial Production","Index","Monthly","1966-M01","42.55896933482994","Units"
"Germany","Industrial Production","Index","Monthly","1966-M02","43.90546779966072","Units"
"Germany","Industrial Production","Index","Monthly","1966-M03","45.20387703360467","Units"
"Germany","Industrial Production","Index","Monthly","1966-M04","47.40796678258362","Units"
"Germany","Industrial Production","Index","Monthly","1966-M05","46.62250934476567","Units"
"Germany","Industrial Production","Index","Monthly","1966-M06","46.73471755016824","Units"
"Germany","Industrial Production","Index","Monthly","1966-M07","42.71125189930483","Units"
"Germany","Industrial Production","Index","Monthly","1966-M08","39.3930949681147","Units"
"Germany","Industrial Production","Index","Monthly","1966-M09","45.28402575174934","Units"
"Germany","Industrial Production","Index","Monthly","1966-M10","46.55037549843544","Units"
"Germany","Industrial Production","Index","Monthly","1966-M11","47.2556842181087","Units"
"Germany","Industrial Production","Index","Monthly","1966-M12","43.93752728691856","Units"
"Germany","Industrial Production","Index","Monthly","1967-M01","40.17855240593262","Units"
"Germany","Industrial Production","Index","Monthly","1967-M02","41.70137805068172","Units"
"Germany","Industrial Production","Index","Monthly","1967-M03","42.7112518993048","Units"
"Germany","Industrial Production","Index","Monthly","1967-M04","44.20201805679602","Units"
"Germany","Industrial Production","Index","Monthly","1967-M05","44.04973549232111","Units"
"Germany","Industrial Production","Index","Monthly","1967-M06","43.34442677264787","Units"
"Germany","Industrial Production","Index","Monthly","1967-M07","41.51703599894895","Units"
"Germany","Industrial Production","Index","Monthly","1967-M08","38.2790277859035","Units"
"Germany","Industrial Production","Index","Monthly","1967-M09","45.3160852390072","Units"
"Germany","Industrial Production","Index","Monthly","1967-M10","46.66258370383797","Units"
"Germany","Industrial Production","Index","Monthly","1967-M11","48.85865858100245","Units"
"Germany","Industrial Production","Index","Monthly","1967-M12","49.26741704354037","Units"
"Germany","Industrial Production","Index","Monthly","1968-M01","42.19028523136433","Units"
"Germany","Industrial Production","Index","Monthly","1968-M02","44.5707021602616","Units"
"Germany","Industrial Production","Index","Monthly","1968-M03","47.11141652544824","Units"
"Germany","Industrial Production","Index","Monthly","1968-M04","48.78652473467224","Units"
"Germany","Industrial Production","Index","Monthly","1968-M05","49.19528319721015","Units"
"Germany","Industrial Production","Index","Monthly","1968-M06","52.7378565392054","Units"
"Germany","Industrial Production","Index","Monthly","1968-M07","44.61077651933394","Units"
"Germany","Industrial Production","Index","Monthly","1968-M08","45.62065036795702","Units"
"Germany","Industrial Production","Index","Monthly","1968-M09","51.72798269058232","Units"
"Germany","Industrial Production","Index","Monthly","1968-M10","52.28902371759514","Units"
"Germany","Industrial Production","Index","Monthly","1968-M11","57.61891347421697","Units"
"Germany","Industrial Production","Index","Monthly","1968-M12","54.2606821839545","Units"
"Germany","Industrial Production","Index","Monthly","1969-M01","49.5639673006757","Units"
"Germany","Industrial Production","Index","Monthly","1969-M02","52.54549961565813","Units"
"Germany","Industrial Production","Index","Monthly","1969-M03","54.37289038935704","Units"
"Germany","Industrial Production","Index","Monthly","1969-M04","56.12814731672574","Units"
"Germany","Industrial Production","Index","Monthly","1969-M05","57.43457142248417","Units"
"Germany","Industrial Production","Index","Monthly","1969-M06","57.91546373135231","Units"
"Germany","Industrial Production","Index","Monthly","1969-M07","50.7982575601039","Units"
"Germany","Industrial Production","Index","Monthly","1969-M08","50.61391550837113","Units"
"Germany","Industrial Production","Index","Monthly","1969-M09","56.42469757386108","Units"
"Germany","Industrial Production","Index","Monthly","1969-M10","58.70092116917025","Units"
"Germany","Industrial Production","Index","Monthly","1969-M11","64.21515297752486","Units"
"Germany","Industrial Production","Index","Monthly","1969-M12","59.22188783711071","Units"
"Germany","Industrial Production","Index","Monthly","1970-M01","54.67745551830684","Units"
"Germany","Industrial Production","Index","Monthly","1970-M02","58.04370168038378","Units"
"Germany","Industrial Production","Index","Monthly","1970-M03","60.6405201482717","Units"
"Germany","Industrial Production","Index","Monthly","1970-M04","60.18367245484697","Units"
"Germany","Industrial Production","Index","Monthly","1970-M05","65.44142836513857","Units"
"Germany","Industrial Production","Index","Monthly","1970-M06","60.70463912278746","Units"
"Germany","Industrial Production","Index","Monthly","1970-M07","54.80569346733836","Units"
"Germany","Industrial Production","Index","Monthly","1970-M08","52.52946987202917","Units"
"Germany","Industrial Production","Index","Monthly","1970-M09","59.02151604174897","Units"
"Germany","Industrial Production","Index","Monthly","1970-M10","61.22560579072792","Units"
"Germany","Industrial Production","Index","Monthly","1970-M11","64.01478118216309","Units"
"Germany","Industrial Production","Index","Monthly","1970-M12","60.18367245484696","Units"
"Germany","Industrial Production","Index","Monthly","1971-M01","58.37231142477697","Units"
"Germany","Industrial Production","Index","Monthly","1971-M02","59.67072065872094","Units"
"Germany","Industrial Production","Index","Monthly","1971-M03","59.4703488633592","Units"
"Germany","Industrial Production","Index","Monthly","1971-M04","62.90872887176636","Units"
"Germany","Industrial Production","Index","Monthly","1971-M05","63.03696682079786","Units"
"Germany","Industrial Production","Index","Monthly","1971-M06","62.32364322931012","Units"
"Germany","Industrial Production","Index","Monthly","1971-M07","55.96784988043629","Units"
"Germany","Industrial Production","Index","Monthly","1971-M08","51.36731345893112","Units"
"Germany","Industrial Production","Index","Monthly","1971-M09","60.11955348033115","Units"
"Germany","Industrial Production","Index","Monthly","1971-M10","62.84460989725057","Units"
"Germany","Industrial Production","Index","Monthly","1971-M11","64.27125708022603","Units"
"Germany","Industrial Production","Index","Monthly","1971-M12","57.39449706341172","Units"
"Germany","Industrial Production","Index","Monthly","1972-M01","57.20214013986447","Units"
"Germany","Industrial Production","Index","Monthly","1972-M02","59.40622988884342","Units"
"Germany","Industrial Production","Index","Monthly","1972-M03","61.87481040769983","Units"
"Germany","Industrial Production","Index","Monthly","1972-M04","65.37730939062274","Units"
"Germany","Industrial Production","Index","Monthly","1972-M05","63.75029041228558","Units"
"Germany","Industrial Production","Index","Monthly","1972-M06","63.03696682079787","Units"
"Germany","Industrial Production","Index","Monthly","1972-M07","57.07390219083301","Units"
"Germany","Industrial Production","Index","Monthly","1972-M08","53.31492730984711","Units"
"Germany","Industrial Production","Index","Monthly","1972-M09","62.58813399918764","Units"
"Germany","Industrial Production","Index","Monthly","1972-M10","64.53574785010357","Units"
"Germany","Industrial Production","Index","Monthly","1972-M11","68.81568939902996","Units"
"Germany","Industrial Production","Index","Monthly","1972-M12","67.25278939520853","Units"
"Germany","Industrial Production","Index","Monthly","1973-M01","60.44816322472445","Units"
"Germany","Industrial Production","Index","Monthly","1973-M02","66.21887093114206","Units"
"Germany","Industrial Production","Index","Monthly","1973-M03","65.76202323771733","Units"
"Germany","Industrial Production","Index","Monthly","1973-M04","69.52901299051771","Units"
"Germany","Industrial Production","Index","Monthly","1973-M05","67.6455181141175","Units"
"Germany","Industrial Production","Index","Monthly","1973-M06","69.13628427160871","Units"
"Germany","Industrial Production","Index","Monthly","1973-M07","57.5948688587735","Units"
"Germany","Industrial Production","Index","Monthly","1973-M08","57.5948688587735","Units"
"Germany","Industrial Production","Index","Monthly","1973-M09","68.42296068012099","Units"
"Germany","Industrial Production","Index","Monthly","1973-M10","67.38904221605446","Units"
"Germany","Industrial Production","Index","Monthly","1973-M11","71.86134068852811","Units"
"Germany","Industrial Production","Index","Monthly","1973-M12","70.49881248006842","Units"
"Germany","Industrial Production","Index","Monthly","1974-M01","61.48208168879091","Units"
"Germany","Industrial Production","Index","Monthly","1974-M02","65.82614221223305","Units"
"Germany","Industrial Production","Index","Monthly","1974-M03","66.73983759908251","Units"
"Germany","Industrial Production","Index","Monthly","1974-M04","68.55119862915248","Units"
"Germany","Industrial Production","Index","Monthly","1974-M05","67.77375606314902","Units"
"Germany","Industrial Production","Index","Monthly","1974-M06","71.46861196961918","Units"
"Germany","Industrial Production","Index","Monthly","1974-M07","58.69290629735574","Units"
"Germany","Industrial Production","Index","Monthly","1974-M08","55.39077910979457","Units"
"Germany","Industrial Production","Index","Monthly","1974-M09","64.92046169719809","Units"
"Germany","Industrial Production","Index","Monthly","1974-M10","64.92046169719809","Units"
"Germany","Industrial Production","Index","Monthly","1974-M11","69.39276016967174","Units"
"Germany","Industrial Production","Index","Monthly","1974-M12","63.17321964164386","Units"
"Germany","Industrial Production","Index","Monthly","1975-M01","56.68117347192404","Units"
"Germany","Industrial Production","Index","Monthly","1975-M02","60.44816322472442","Units"
"Germany","Industrial Production","Index","Monthly","1975-M03","64.14301913119457","Units"
"Germany","Industrial Production","Index","Monthly","1975-M04","61.03324886718065","Units"
"Germany","Industrial Production","Index","Monthly","1975-M05","63.88654323313157","Units"
"Germany","Industrial Production","Index","Monthly","1975-M06","62.19540528027861","Units"
"Germany","Industrial Production","Index","Monthly","1975-M07","52.01651807590313","Units"
"Germany","Industrial Production","Index","Monthly","1975-M08","52.92219859093811","Units"
"Germany","Industrial Production","Index","Monthly","1975-M09","60.76875809730316","Units"
"Germany","Industrial Production","Index","Monthly","1975-M10","62.78049092273486","Units"
"Germany","Industrial Production","Index","Monthly","1975-M11","68.94392734806143","Units"
"Germany","Industrial Production","Index","Monthly","1975-M12","64.20713810571034","Units"
"Germany","Industrial Production","Index","Monthly","1976-M01","59.86307758226819","Units"
"Germany","Industrial Production","Index","Monthly","1976-M02","64.98458067171382","Units"
"Germany","Industrial Production","Index","Monthly","1976-M03","63.95066220764733","Units"
"Germany","Industrial Production","Index","Monthly","1976-M04","67.6455181141175","Units"
"Germany","Industrial Production","Index","Monthly","1976-M05","67.45316119057025","Units"
"Germany","Industrial Production","Index","Monthly","1976-M06","68.67943657818399","Units"
"Germany","Industrial Production","Index","Monthly","1976-M07","57.00978321631727","Units"
"Germany","Industrial Production","Index","Monthly","1976-M08","56.48881654837679","Units"
"Germany","Industrial Production","Index","Monthly","1976-M09","66.60358477823654","Units"
"Germany","Industrial Production","Index","Monthly","1976-M10","68.87980837354571","Units"
"Germany","Industrial Production","Index","Monthly","1976-M11","71.73310273949665","Units"
"Germany","Industrial Production","Index","Monthly","1976-M12","65.89026118674879","Units"
"Germany","Industrial Production","Index","Monthly","1977-M01","63.36557656519106","Units"
"Germany","Industrial Production","Index","Monthly","1977-M02","66.80395657359822","Units"
"Germany","Industrial Production","Index","Monthly","1977-M03","67.51728016508594","Units"
"Germany","Industrial Production","Index","Monthly","1977-M04","70.49881248006837","Units"
"Germany","Industrial Production","Index","Monthly","1977-M05","68.10236580754217","Units"
"Germany","Industrial Production","Index","Monthly","1977-M06","69.45687914418741","Units"
"Germany","Industrial Production","Index","Monthly","1977-M07","58.10782065489947","Units"
"Germany","Industrial Production","Index","Monthly","1977-M08","57.00978321631724","Units"
"Germany","Industrial Production","Index","Monthly","1977-M09","67.58139913960172","Units"
"Germany","Industrial Production","Index","Monthly","1977-M10","69.45687914418743","Units"
"Germany","Industrial Production","Index","Monthly","1977-M11","72.57466428001584","Units"
"Germany","Industrial Production","Index","Monthly","1977-M12","69.00804632257718","Units"
"Germany","Industrial Production","Index","Monthly","1978-M01","63.88654323313158","Units"
"Germany","Industrial Production","Index","Monthly","1978-M02","62.18739040846415","Units"
"Germany","Industrial Production","Index","Monthly","1978-M03","66.00246939215135","Units"
"Germany","Industrial Production","Index","Monthly","1978-M04","64.37545041381417","Units"
"Germany","Industrial Production","Index","Monthly","1978-M05","63.24535348797406","Units"
"Germany","Industrial Production","Index","Monthly","1978-M06","64.30331656748396","Units"
"Germany","Industrial Production","Index","Monthly","1978-M07","61.12942732895427","Units"
"Germany","Industrial Production","Index","Monthly","1978-M08","59.78292886412348","Units"
"Germany","Industrial Production","Index","Monthly","1978-M09","69.04010580983505","Units"
"Germany","Industrial Production","Index","Monthly","1978-M10","71.6529540213519","Units"
"Germany","Industrial Production","Index","Monthly","1978-M11","70.09806888934493","Units"
"Germany","Industrial Production","Index","Monthly","1978-M12","68.7595852963286","Units"
"Germany","Industrial Production","Index","Monthly","1979-M01","64.80023861998095","Units"
"Germany","Industrial Production","Index","Monthly","1979-M02","64.51971810647451","Units"
"Germany","Industrial Production","Index","Monthly","1979-M03","70.81139248083259","Units"
"Germany","Industrial Production","Index","Monthly","1979-M04","68.26266324383146","Units"
"Germany","Industrial Production","Index","Monthly","1979-M05","68.19052939750126","Units"
"Germany","Industrial Production","Index","Monthly","1979-M06","68.75958529632854","Units"
"Germany","Industrial Production","Index","Monthly","1979-M07","65.85820169949078","Units"
"Germany","Industrial Production","Index","Monthly","1979-M08","62.25952425479425","Units"
"Germany","Industrial Production","Index","Monthly","1979-M09","70.45873812099591","Units"
"Germany","Industrial Production","Index","Monthly","1979-M10","74.7627242853657","Units"
"Germany","Industrial Production","Index","Monthly","1979-M11","73.77689505218606","Units"
"Germany","Industrial Production","Index","Monthly","1979-M12","71.51670120050586","Units"
"Germany","Industrial Production","Index","Monthly","1980-M01","68.47906478282214","Units"
"Germany","Industrial Production","Index","Monthly","1980-M02","68.68745144999834","Units"
"Germany","Industrial Production","Index","Monthly","1980-M03","73.70476120585586","Units"
"Germany","Industrial Production","Index","Monthly","1980-M04","69.68129555499248","Units"
"Germany","Industrial Production","Index","Monthly","1980-M05","67.98214273032511","Units"
"Germany","Industrial Production","Index","Monthly","1980-M06","67.70162221681869","Units"
"Germany","Industrial Production","Index","Monthly","1980-M07","65.36929451880821","Units"
"Germany","Industrial Production","Index","Monthly","1980-M08","61.12942732895419","Units"
"Germany","Industrial Production","Index","Monthly","1980-M09","69.1122396561652","Units"
"Germany","Industrial Production","Index","Monthly","1980-M10","73.42424069234947","Units"
"Germany","Industrial Production","Index","Monthly","1980-M11","71.16404684066925","Units"
"Germany","Industrial Production","Index","Monthly","1980-M12","67.48522067782801","Units"
"Germany","Industrial Production","Index","Monthly","1981-M01","64.23919759296813","Units"
"Germany","Industrial Production","Index","Monthly","1981-M02","66.35512375198792","Units"
"Germany","Industrial Production","Index","Monthly","1981-M03","71.86935556034252","Units"
"Germany","Industrial Production","Index","Monthly","1981-M04","67.55735452415829","Units"
"Germany","Industrial Production","Index","Monthly","1981-M05","66.28298990565771","Units"
"Germany","Industrial Production","Index","Monthly","1981-M06","65.93033554582105","Units"
"Germany","Industrial Production","Index","Monthly","1981-M07","64.1670637466379","Units"
"Germany","Industrial Production","Index","Monthly","1981-M08","59.85506271045365","Units"
"Germany","Industrial Production","Index","Monthly","1981-M09","70.17020273567511","Units"
"Germany","Industrial Production","Index","Monthly","1981-M10","73.92116274484655","Units"
"Germany","Industrial Production","Index","Monthly","1981-M11","71.16404684066925","Units"
"Germany","Industrial Production","Index","Monthly","1981-M12","67.34896785698207","Units"
"Germany","Industrial Production","Index","Monthly","1982-M01","63.95066220764728","Units"
"Germany","Industrial Production","Index","Monthly","1982-M02","64.72810477365076","Units"
"Germany","Industrial Production","Index","Monthly","1982-M03","72.01362325300299","Units"
"Germany","Industrial Production","Index","Monthly","1982-M04","67.62948837048849","Units"
"Germany","Industrial Production","Index","Monthly","1982-M05","65.8582016994909","Units"
"Germany","Industrial Production","Index","Monthly","1982-M06","65.22502682614784","Units"
"Germany","Industrial Production","Index","Monthly","1982-M07","59.92719655678391","Units"
"Germany","Industrial Production","Index","Monthly","1982-M08","57.59486885877345","Units"
"Germany","Industrial Production","Index","Monthly","1982-M09","66.77991195815481","Units"
"Germany","Industrial Production","Index","Monthly","1982-M10","68.83171914265884","Units"
"Germany","Industrial Production","Index","Monthly","1982-M11","66.63564426549435","Units"
"Germany","Industrial Production","Index","Monthly","1982-M12","63.38962118063447","Units"
"Germany","Industrial Production","Index","Monthly","1983-M01","61.48208168879089","Units"
"Germany","Industrial Production","Index","Monthly","1983-M02","62.04312271580372","Units"
"Germany","Industrial Production","Index","Monthly","1983-M03","69.46489401600191","Units"
"Germany","Industrial Production","Index","Monthly","1983-M04","65.29716067247807","Units"
"Germany","Industrial Production","Index","Monthly","1983-M05","64.16706374663792","Units"
"Germany","Industrial Production","Index","Monthly","1983-M06","66.70777811182456","Units"
"Germany","Industrial Production","Index","Monthly","1983-M07","60.35198476295072","Units"
"Germany","Industrial Production","Index","Monthly","1983-M08","58.3001775784467","Units"
"Germany","Industrial Production","Index","Monthly","1983-M09","68.90385298898905","Units"
"Germany","Industrial Production","Index","Monthly","1983-M10","71.58883504683612","Units"
"Germany","Industrial Production","Index","Monthly","1983-M11","71.09191299433904","Units"
"Germany","Industrial Production","Index","Monthly","1983-M12","68.40693093649199","Units"
"Germany","Industrial Production","Index","Monthly","1984-M01","65.22502682614786","Units"
"Germany","Industrial Production","Index","Monthly","1984-M02","66.99631349714549","Units"
"Germany","Industrial Production","Index","Monthly","1984-M03","71.23618068699953","Units"
"Germany","Industrial Production","Index","Monthly","1984-M04","66.57152529097861","Units"
"Germany","Industrial Production","Index","Monthly","1984-M05","66.70777811182458","Units"
"Germany","Industrial Production","Index","Monthly","1984-M06","59.92719655678389","Units"
"Germany","Industrial Production","Index","Monthly","1984-M07","64.663985799135","Units"
"Germany","Industrial Production","Index","Monthly","1984-M08","60.77677296911761","Units"
"Germany","Industrial Production","Index","Monthly","1984-M09","70.38660427466582","Units"
"Germany","Industrial Production","Index","Monthly","1984-M10","75.61230069769955","Units"
"Germany","Industrial Production","Index","Monthly","1984-M11","73.42424069234956","Units"
"Germany","Industrial Production","Index","Monthly","1984-M12","70.09806888934498","Units"
"Germany","Industrial Production","Index","Monthly","1985-M01","67.41308683149791","Units"
"Germany","Industrial Production","Index","Monthly","1985-M02","67.9821427303252","Units"
"Germany","Industrial Production","Index","Monthly","1985-M03","74.48220377185947","Units"
"Germany","Industrial Production","Index","Monthly","1985-M04","70.03394991482923","Units"
"Germany","Industrial Production","Index","Monthly","1985-M05","69.39276016967174","Units"
"Germany","Industrial Production","Index","Monthly","1985-M06","69.96181606849903","Units"
"Germany","Industrial Production","Index","Monthly","1985-M07","68.75958529632867","Units"
"Germany","Industrial Production","Index","Monthly","1985-M08","62.75644630729149","Units"
"Germany","Industrial Production","Index","Monthly","1985-M09","73.14372017884318","Units"
"Germany","Industrial Production","Index","Monthly","1985-M10","79.00259147521994","Units"
"Germany","Industrial Production","Index","Monthly","1985-M11","77.03093300886056","Units"
"Germany","Industrial Production","Index","Monthly","1985-M12","70.59499094184206","Units"
"Germany","Industrial Production","Index","Monthly","1986-M01","69.25650734882577","Units"
"Germany","Industrial Production","Index","Monthly","1986-M02","70.38660427466589","Units"
"Germany","Industrial Production","Index","Monthly","1986-M03","75.3317801841932","Units"
"Germany","Industrial Production","Index","Monthly","1986-M04","74.05741556569266","Units"
"Germany","Industrial Production","Index","Monthly","1986-M05","69.8175483758386","Units"
"Germany","Industrial Production","Index","Monthly","1986-M06","72.07774222751883","Units"
"Germany","Industrial Production","Index","Monthly","1986-M07","70.17020273567527","Units"
"Germany","Industrial Production","Index","Monthly","1986-M08","63.95066220764741","Units"
"Germany","Industrial Production","Index","Monthly","1986-M09","74.41006992552933","Units"
"Germany","Industrial Production","Index","Monthly","1986-M10","79.14685916788045","Units"
"Germany","Industrial Production","Index","Monthly","1986-M11","76.10922275019675","Units"
"Germany","Industrial Production","Index","Monthly","1986-M12","71.44456735417585","Units"
"Germany","Industrial Production","Index","Monthly","1987-M01","67.62948837048862","Units"
"Germany","Industrial Production","Index","Monthly","1987-M02","70.38660427466592","Units"
"Germany","Industrial Production","Index","Monthly","1987-M03","76.10922275019671","Units"
"Germany","Industrial Production","Index","Monthly","1987-M04","72.92731863985258","Units"
"Germany","Industrial Production","Index","Monthly","1987-M05","71.79722171401243","Units"
"Germany","Industrial Production","Index","Monthly","1987-M06","71.58883504683625","Units"
"Germany","Industrial Production","Index","Monthly","1987-M07","68.4069309364921","Units"
"Germany","Industrial Production","Index","Monthly","1987-M08","64.94450631264152","Units"
"Germany","Industrial Production","Index","Monthly","1987-M09","74.90699197802638","Units"
"Germany","Industrial Production","Index","Monthly","1987-M10","79.99643558021413","Units"
"Germany","Industrial Production","Index","Monthly","1987-M11","77.8083755748641","Units"
"Germany","Industrial Production","Index","Monthly","1987-M12","72.99945248618273","Units"
"Germany","Industrial Production","Index","Monthly","1988-M01","69.68129555499258","Units"
"Germany","Industrial Production","Index","Monthly","1988-M02","72.29414376650944","Units"
"Germany","Industrial Production","Index","Monthly","1988-M03","79.07472532155013","Units"
"Germany","Industrial Production","Index","Monthly","1988-M04","73.77689505218616","Units"
"Germany","Industrial Production","Index","Monthly","1988-M05","72.79106581900647","Units"
"Germany","Industrial Production","Index","Monthly","1988-M06","75.40391403052333","Units"
"Germany","Industrial Production","Index","Monthly","1988-M07","69.46489401600188","Units"
"Germany","Industrial Production","Index","Monthly","1988-M08","69.25650734882566","Units"
"Germany","Industrial Production","Index","Monthly","1988-M09","78.6499371153832","Units"
"Germany","Industrial Production","Index","Monthly","1988-M10","82.53714994540061","Units"
"Germany","Industrial Production","Index","Monthly","1988-M11","80.98226481339364","Units"
"Germany","Industrial Production","Index","Monthly","1988-M12","76.88666531620007","Units"
"Germany","Industrial Production","Index","Monthly","1989-M01","74.12954941202277","Units"
"Germany","Industrial Production","Index","Monthly","1989-M02","74.76272428536581","Units"
"Germany","Industrial Production","Index","Monthly","1989-M03","81.90397507205759","Units"
"Germany","Industrial Production","Index","Monthly","1989-M04","79.78003404122334","Units"
"Germany","Industrial Production","Index","Monthly","1989-M05","73.98528171936232","Units"
"Germany","Industrial Production","Index","Monthly","1989-M06","79.85216788755354","Units"
"Germany","Industrial Production","Index","Monthly","1989-M07","74.69860531085004","Units"
"Germany","Industrial Production","Index","Monthly","1989-M08","71.65295402135188","Units"
"Germany","Industrial Production","Index","Monthly","1989-M09","81.97610891838782","Units"
"Germany","Industrial Production","Index","Monthly","1989-M10","87.27393918775176","Units"
"Germany","Industrial Production","Index","Monthly","1989-M11","84.73322482256513","Units"
"Germany","Industrial Production","Index","Monthly","1989-M12","80.42122378638086","Units"
"Germany","Industrial Production","Index","Monthly","1990-M01","78.36941660187685","Units"
"Germany","Industrial Production","Index","Monthly","1990-M02","78.5858181408675","Units"
"Germany","Industrial Production","Index","Monthly","1990-M03","87.12967149509135","Units"
"Germany","Industrial Production","Index","Monthly","1990-M04","79.78003404122339","Units"
"Germany","Industrial Production","Index","Monthly","1990-M05","81.27080019871461","Units"
"Germany","Industrial Production","Index","Monthly","1990-M06","81.75970737939721","Units"
"Germany","Industrial Production","Index","Monthly","1990-M07","78.79420480804373","Units"
"Germany","Industrial Production","Index","Monthly","1990-M08","75.96495505753619","Units"
"Germany","Industrial Production","Index","Monthly","1990-M09","86.49649662174832","Units"
"Germany","Industrial Production","Index","Monthly","1990-M10","92.64390330344596","Units"
"Germany","Industrial Production","Index","Monthly","1990-M11","89.46199919310185","Units"
"Germany","Industrial Production","Index","Monthly","1990-M12","83.8115145639013","Units"
"Germany","Industrial Production","Index","Monthly","1991-M01","83.03407199789784","Units"
"Germany","Industrial Production","Index","Monthly","1991-M02","80.82683717263727","Units"
"Germany","Industrial Production","Index","Monthly","1991-M03","84.82088114215641","Units"
"Germany","Industrial Production","Index","Monthly","1991-M04","86.29237102566346","Units"
"Germany","Industrial Production","Index","Monthly","1991-M05","79.67066654988173","Units"
"Germany","Industrial Production","Index","Monthly","1991-M06","86.29237102566346","Units"
"Germany","Industrial Production","Index","Monthly","1991-M07","81.98300779539281","Units"
"Germany","Industrial Production","Index","Monthly","1991-M08","73.67960059560302","Units"
"Germany","Industrial Production","Index","Monthly","1991-M09","84.82088114215641","Units"
"Germany","Industrial Production","Index","Monthly","1991-M10","90.28641499518259","Units"
"Germany","Industrial Production","Index","Monthly","1991-M11","87.02811596741698","Units"
"Germany","Industrial Production","Index","Monthly","1991-M12","79.98598581063324","Units"
"Germany","Industrial Production","Index","Monthly","1992-M01","81.24726285363928","Units"
"Germany","Industrial Production","Index","Monthly","1992-M02","82.82385915739684","Units"
"Germany","Industrial Production","Index","Monthly","1992-M03","89.23535079267756","Units"
"Germany","Industrial Production","Index","Monthly","1992-M04","83.87492335990187","Units"
"Germany","Industrial Production","Index","Monthly","1992-M05","79.14513444862921","Units"
"Germany","Industrial Production","Index","Monthly","1992-M06","83.45449767889986","Units"
"Germany","Industrial Production","Index","Monthly","1992-M07","79.56556012963123","Units"
"Germany","Industrial Production","Index","Monthly","1992-M08","70.94683366908993","Units"
"Germany","Industrial Production","Index","Monthly","1992-M09","86.18726460541295","Units"
"Germany","Industrial Production","Index","Monthly","1992-M10","87.23832880791799","Units"
"Germany","Industrial Production","Index","Monthly","1992-M11","83.66471051940087","Units"
"Germany","Industrial Production","Index","Monthly","1992-M12","77.67364456512216","Units"
"Germany","Industrial Production","Index","Monthly","1993-M01","69.16002452483137","Units"
"Germany","Industrial Production","Index","Monthly","1993-M02","72.31321713234648","Units"
"Germany","Industrial Production","Index","Monthly","1993-M03","84.50556188140489","Units"
"Germany","Industrial Production","Index","Monthly","1993-M04","75.25619689936058","Units"
"Germany","Industrial Production","Index","Monthly","1993-M05","71.78768503109396","Units"
"Germany","Industrial Production","Index","Monthly","1993-M06","78.61960234737669","Units"
"Germany","Industrial Production","Index","Monthly","1993-M07","70.42130156783741","Units"
"Germany","Industrial Production","Index","Monthly","1993-M08","69.05491810458087","Units"
"Germany","Industrial Production","Index","Monthly","1993-M09","81.45747569414029","Units"
"Germany","Industrial Production","Index","Monthly","1993-M10","79.98598581063324","Units"
"Germany","Industrial Production","Index","Monthly","1993-M11","80.93194359288777","Units"
"Germany","Industrial Production","Index","Monthly","1993-M12","78.30428308662518","Units"
"Germany","Industrial Production","Index","Monthly","1994-M01","70.0008758868354","Units"
"Germany","Industrial Production","Index","Monthly","1994-M02","73.0489620741","Units"
"Germany","Industrial Production","Index","Monthly","1994-M03","85.03109398265741","Units"
"Germany","Industrial Production","Index","Monthly","1994-M04","75.04598405885957","Units"
"Germany","Industrial Production","Index","Monthly","1994-M05","76.09704826136461","Units"
"Germany","Industrial Production","Index","Monthly","1994-M06","81.56258211439079","Units"
"Germany","Industrial Production","Index","Monthly","1994-M07","72.41832355259698","Units"
"Germany","Industrial Production","Index","Monthly","1994-M08","71.89279145134446","Units"
"Germany","Industrial Production","Index","Monthly","1994-M09","84.08513620040288","Units"
"Germany","Industrial Production","Index","Monthly","1994-M10","81.24726285363928","Units"
"Germany","Industrial Production","Index","Monthly","1994-M11","85.03109398265741","Units"
"Germany","Industrial Production","Index","Monthly","1994-M12","81.8779013751423","Units"
"Germany","Industrial Production","Index","Monthly","1995-M01","74.73066479810806","Units"
"Germany","Industrial Production","Index","Monthly","1995-M02","75.36130331961108","Units"
"Germany","Industrial Production","Index","Monthly","1995-M03","87.76386090917051","Units"
"Germany","Industrial Production","Index","Monthly","1995-M04","74.20513269685554","Units"
"Germany","Industrial Production","Index","Monthly","1995-M05","81.24726285363928","Units"
"Germany","Industrial Production","Index","Monthly","1995-M06","80.51151791188576","Units"
"Germany","Industrial Production","Index","Monthly","1995-M07","73.99491985635453","Units"
"Germany","Industrial Production","Index","Monthly","1995-M08","72.62853639309799","Units"
"Germany","Industrial Production","Index","Monthly","1995-M09","82.40343347639482","Units"
"Germany","Industrial Production","Index","Monthly","1995-M10","81.03705001313828","Units"
"Germany","Industrial Production","Index","Monthly","1995-M11","85.76683892441094","Units"
"Germany","Industrial Production","Index","Monthly","1995-M12","76.41236752211612","Units"
"Germany","Industrial Production","Index","Monthly","1996-M01","75.25619689936058","Units"
"Germany","Industrial Production","Index","Monthly","1996-M02","76.51747394236662","Units"
"Germany","Industrial Production","Index","Monthly","1996-M03","81.7727949548918","Units"
"Germany","Industrial Production","Index","Monthly","1996-M04","77.67364456512216","Units"
"Germany","Industrial Production","Index","Monthly","1996-M05","77.67364456512216","Units"
"Germany","Industrial Production","Index","Monthly","1996-M06","77.67364456512216","Units"
"Germany","Industrial Production","Index","Monthly","1996-M07","78.61960234737669","Units"
"Germany","Industrial Production","Index","Monthly","1996-M08","71.68257861084346","Units"
"Germany","Industrial Production","Index","Monthly","1996-M09","82.82385915739684","Units"
"Germany","Industrial Production","Index","Monthly","1996-M10","84.92598756240691","Units"
"Germany","Industrial Production","Index","Monthly","1996-M11","84.6106683016554","Units"
"Germany","Industrial Production","Index","Monthly","1996-M12","75.8868354208636","Units"
"Germany","Industrial Production","Index","Monthly","1997-M01","75.15109047911007","Units"
"Germany","Industrial Production","Index","Monthly","1997-M02","75.57151616011209","Units"
"Germany","Industrial Production","Index","Monthly","1997-M03","78.8298151878777","Units"
"Germany","Industrial Production","Index","Monthly","1997-M04","85.34641324340892","Units"
"Germany","Industrial Production","Index","Monthly","1997-M05","74.31023911710605","Units"
"Germany","Industrial Production","Index","Monthly","1997-M06","85.34641324340892","Units"
"Germany","Industrial Production","Index","Monthly","1997-M07","83.76981693965137","Units"
"Germany","Industrial Production","Index","Monthly","1997-M08","70.42130156783741","Units"
"Germany","Industrial Production","Index","Monthly","1997-M09","86.92300954716648","Units"
"Germany","Industrial Production","Index","Monthly","1997-M10","88.60471227117453","Units"
"Germany","Industrial Production","Index","Monthly","1997-M11","86.81790312691597","Units"
"Germany","Industrial Production","Index","Monthly","1997-M12","80.93194359288777","Units"
"Germany","Industrial Production","Index","Monthly","1998-M01","77.14811246386964","Units"
"Germany","Industrial Production","Index","Monthly","1998-M02","79.56556012963123","Units"
"Germany","Industrial Production","Index","Monthly","1998-M03","91.44258561793813","Units"
"Germany","Industrial Production","Index","Monthly","1998-M04","84.08513620040288","Units"
"Germany","Industrial Production","Index","Monthly","1998-M05","80.93194359288777","Units"
"Germany","Industrial Production","Index","Monthly","1998-M06","85.66173250416043","Units"
"Germany","Industrial Production","Index","Monthly","1998-M07","87.23832880791799","Units"
"Germany","Industrial Production","Index","Monthly","1998-M08","74.73066479810806","Units"
"Germany","Industrial Production","Index","Monthly","1998-M09","89.55067005342907","Units"
"Germany","Industrial Production","Index","Monthly","1998-M10","90.4966278356836","Units"
"Germany","Industrial Production","Index","Monthly","1998-M11","89.65577647367957","Units"
"Germany","Industrial Production","Index","Monthly","1998-M12","82.50853989664533","Units"
"Germany","Industrial Production","Index","Monthly","1999-M01","75.25619689936058","Units"
"Germany","Industrial Production","Index","Monthly","1999-M02","78.8298151878777","Units"
"Germany","Industrial Production","Index","Monthly","1999-M03","92.91407550144518","Units"
"Germany","Industrial Production","Index","Monthly","1999-M04","83.87492335990187","Units"
"Germany","Industrial Production","Index","Monthly","1999-M05","80.72173075238676","Units"
"Germany","Industrial Production","Index","Monthly","1999-M06","89.13024437242705","Units"
"Germany","Industrial Production","Index","Monthly","1999-M07","84.29534904090389","Units"
"Germany","Industrial Production","Index","Monthly","1999-M08","78.61960234737669","Units"
"Germany","Industrial Production","Index","Monthly","1999-M09","91.54769203818864","Units"
"Germany","Industrial Production","Index","Monthly","1999-M10","90.07620215468159","Units"
"Germany","Industrial Production","Index","Monthly","1999-M11","94.38556538495223","Units"
"Germany","Industrial Production","Index","Monthly","1999-M12","87.76386090917051","Units"
"Germany","Industrial Production","Index","Monthly","2000-M01","79.25024086887971","Units"
"Germany","Industrial Production","Index","Monthly","2000-M02","87.23832880791799","Units"
"Germany","Industrial Production","Index","Monthly","2000-M03","96.4876937899623","Units"
"Germany","Industrial Production","Index","Monthly","2000-M04","83.13917841814835","Units"
"Germany","Industrial Production","Index","Monthly","2000-M05","95.43662958745727","Units"
"Germany","Industrial Production","Index","Monthly","2000-M06","87.448541648419","Units"
"Germany","Industrial Production","Index","Monthly","2000-M07","87.23832880791799","Units"
"Germany","Industrial Production","Index","Monthly","2000-M08","85.76683892441094","Units"
"Germany","Industrial Production","Index","Monthly","2000-M09","94.49067180520274","Units"
"Germany","Industrial Production","Index","Monthly","2000-M10","94.49067180520274","Units"
"Germany","Industrial Production","Index","Monthly","2000-M11","99.43067355697641","Units"
"Germany","Industrial Production","Index","Monthly","2000-M12","88.49960585092403","Units"
"Germany","Industrial Production","Index","Monthly","2001-M01","88.28939301042302","Units"
"Germany","Industrial Production","Index","Monthly","2001-M02","87.86896732942101","Units"
"Germany","Industrial Production","Index","Monthly","2001-M03","98.48471577472187","Units"
"Germany","Industrial Production","Index","Monthly","2001-M04","87.13322238766748","Units"
"Germany","Industrial Production","Index","Monthly","2001-M05","92.49364982044317","Units"
"Germany","Industrial Production","Index","Monthly","2001-M06","89.76088289393007","Units"
"Germany","Industrial Production","Index","Monthly","2001-M07","88.39449943067353","Units"
"Germany","Industrial Production","Index","Monthly","2001-M08","85.76683892441094","Units"
"Germany","Industrial Production","Index","Monthly","2001-M09","90.07620215468159","Units"
"Germany","Industrial Production","Index","Monthly","2001-M10","94.49067180520274","Units"
"Germany","Industrial Production","Index","Monthly","2001-M11","95.01620390645525","Units"
"Germany","Industrial Production","Index","Monthly","2001-M12","80.72173075238676","Units"
"Germany","Industrial Production","Index","Monthly","2002-M01","85.03109398265741","Units"
"Germany","Industrial Production","Index","Monthly","2002-M02","83.87492335990187","Units"
"Germany","Industrial Production","Index","Monthly","2002-M03","89.65577647367957","Units"
"Germany","Industrial Production","Index","Monthly","2002-M04","91.65279845843914","Units"
"Germany","Industrial Production","Index","Monthly","2002-M05","85.03109398265741","Units"
"Germany","Industrial Production","Index","Monthly","2002-M06","90.81194709643511","Units"
"Germany","Industrial Production","Index","Monthly","2002-M07","91.44258561793813","Units"
"Germany","Industrial Production","Index","Monthly","2002-M08","82.71875273714633","Units"
"Germany","Industrial Production","Index","Monthly","2002-M09","92.91407550144518","Units"
"Germany","Industrial Production","Index","Monthly","2002-M10","95.43662958745727","Units"
"Germany","Industrial Production","Index","Monthly","2002-M11","94.80599106595425","Units"
"Germany","Industrial Production","Index","Monthly","2002-M12","82.92896557764734","Units"
"Germany","Industrial Production","Index","Monthly","2003-M01","85.45151966365943","Units"
"Germany","Industrial Production","Index","Monthly","2003-M02","86.71279670666547","Units"
"Germany","Industrial Production","Index","Monthly","2003-M03","92.70386266094418","Units"
"Germany","Industrial Production","Index","Monthly","2003-M04","89.34045721292806","Units"
"Germany","Industrial Production","Index","Monthly","2003-M05","87.5536480686695","Units"
"Germany","Industrial Production","Index","Monthly","2003-M06","87.02811596741698","Units"
"Germany","Industrial Production","Index","Monthly","2003-M07","92.91407550144518","Units"
"Germany","Industrial Production","Index","Monthly","2003-M08","78.19917666637468","Units"
"Germany","Industrial Production","Index","Monthly","2003-M09","93.86003328369971","Units"
"Germany","Industrial Production","Index","Monthly","2003-M10","96.69790663046331","Units"
"Germany","Industrial Production","Index","Monthly","2003-M11","94.49067180520274","Units"
"Germany","Industrial Production","Index","Monthly","2003-M12","87.23832880791799","Units"
"Germany","Industrial Production","Index","Monthly","2004-M01","84.50556188140489","Units"
"Germany","Industrial Production","Index","Monthly","2004-M02","87.448541648419","Units"
"Germany","Industrial Production","Index","Monthly","2004-M03","101.3225891214855","Units"
"Germany","Industrial Production","Index","Monthly","2004-M04","92.17833055969166","Units"
"Germany","Industrial Production","Index","Monthly","2004-M05","88.81492511167554","Units"
"Germany","Industrial Production","Index","Monthly","2004-M06","96.90811947096432","Units"
"Germany","Industrial Production","Index","Monthly","2004-M07","93.22939476219669","Units"
"Germany","Industrial Production","Index","Monthly","2004-M08","85.24130682315842","Units"
"Germany","Industrial Production","Index","Monthly","2004-M09","98.80003503547338","Units"
"Germany","Industrial Production","Index","Monthly","2004-M10","97.22343873171583","Units"
"Germany","Industrial Production","Index","Monthly","2004-M11","99.74599281772792","Units"
"Germany","Industrial Production","Index","Monthly","2004-M12","92.17833055969166","Units"
"Germany","Industrial Production","Index","Monthly","2005-M01","87.02811596741698","Units"
"Germany","Industrial Production","Index","Monthly","2005-M02","88.92003153192605","Units"
"Germany","Industrial Production","Index","Monthly","2005-M03","98.27450293422087","Units"
"Germany","Industrial Production","Index","Monthly","2005-M04","97.64386441271784","Units"
"Germany","Industrial Production","Index","Monthly","2005-M05","90.3915214154331","Units"
"Germany","Industrial Production","Index","Monthly","2005-M06","102.688972584742","Units"
"Germany","Industrial Production","Index","Monthly","2005-M07","93.4396076026977","Units"
"Germany","Industrial Production","Index","Monthly","2005-M08","89.23535079267756","Units"
"Germany","Industrial Production","Index","Monthly","2005-M09","103.2145046859945","Units"
"Germany","Industrial Production","Index","Monthly","2005-M10","98.58982219497238","Units"
"Germany","Industrial Production","Index","Monthly","2005-M11","105.3166330910046","Units"
"Germany","Industrial Production","Index","Monthly","2005-M12","96.90811947096432","Units"
"Germany","Industrial Production","Index","Monthly","2006-M01","93.96513970395022","Units"
"Germany","Industrial Production","Index","Monthly","2006-M02","93.96513970395022","Units"
"Germany","Industrial Production","Index","Monthly","2006-M03","108.8902513795217","Units"
"Germany","Industrial Production","Index","Monthly","2006-M04","93.12428834194619","Units"
"Germany","Industrial Production","Index","Monthly","2006-M05","102.688972584742","Units"
"Germany","Industrial Production","Index","Monthly","2006-M06","101.9532276429885","Units"
"Germany","Industrial Production","Index","Monthly","2006-M07","98.48471577472187","Units"
"Germany","Industrial Production","Index","Monthly","2006-M08","96.90811947096432","Units"
"Germany","Industrial Production","Index","Monthly","2006-M09","105.8421651922571","Units"
"Germany","Industrial Production","Index","Monthly","2006-M10","105.6319523517561","Units"
"Germany","Industrial Production","Index","Monthly","2006-M11","112.1485504072873","Units"
"Germany","Industrial Production","Index","Monthly","2006-M12","99.11535429622489","Units"
"Germany","Industrial Production","Index","Monthly","2007-M01","100.5868441797319","Units"
"Germany","Industrial Production","Index","Monthly","2007-M02","100.1664184987299","Units"
"Germany","Industrial Production","Index","Monthly","2007-M03","113.9353595515459","Units"
"Germany","Industrial Production","Index","Monthly","2007-M04","101.217482701235","Units"
"Germany","Industrial Production","Index","Monthly","2007-M05","105.6319523517561","Units"
"Germany","Industrial Production","Index","Monthly","2007-M06","108.5749321187702","Units"
"Germany","Industrial Production","Index","Monthly","2007-M07","107.4187614960147","Units"
"Germany","Industrial Production","Index","Monthly","2007-M08","102.1634404834895","Units"
"Germany","Industrial Production","Index","Monthly","2007-M09","108.8902513795217","Units"
"Germany","Industrial Production","Index","Monthly","2007-M10","116.87833931856","Units"
"Germany","Industrial Production","Index","Monthly","2007-M11","117.6140842603135","Units"
"Germany","Industrial Production","Index","Monthly","2007-M12","99.43067355697641","Units"
"Germany","Industrial Production","Index","Monthly","2008-M01","106.4728037137601","Units"
"Germany","Industrial Production","Index","Monthly","2008-M02","108.8902513795217","Units"
"Germany","Industrial Production","Index","Monthly","2008-M03","107.7340807567662","Units"
"Germany","Industrial Production","Index","Monthly","2008-M04","117.8242971008145","Units"
"Germany","Industrial Production","Index","Monthly","2008-M05","104.7911009897521","Units"
"Germany","Industrial Production","Index","Monthly","2008-M06","113.5149338705439","Units"
"Germany","Industrial Production","Index","Monthly","2008-M07","110.9923797845318","Units"
"Germany","Industrial Production","Index","Monthly","2008-M08","97.11833231146533","Units"
"Germany","Industrial Production","Index","Monthly","2008-M09","114.7762109135499","Units"
"Germany","Industrial Production","Index","Monthly","2008-M10","112.5689760882894","Units"
"Germany","Industrial Production","Index","Monthly","2008-M11","104.1604624682491","Units"
"Germany","Industrial Production","Index","Monthly","2008-M12","91.65279845843914","Units"
"Germany","Industrial Production","Index","Monthly","2009-M01","83.45449767889986","Units"
"Germany","Industrial Production","Index","Monthly","2009-M02","83.13917841814835","Units"
"Germany","Industrial Production","Index","Monthly","2009-M03","94.07024612420072","Units"
"Germany","Industrial Production","Index","Monthly","2009-M04","84.40045546115439","Units"
"Germany","Industrial Production","Index","Monthly","2009-M05","84.50556188140489","Units"
"Germany","Industrial Production","Index","Monthly","2009-M06","90.81194709643511","Units"
"Germany","Industrial Production","Index","Monthly","2009-M07","91.33747919768763","Units"
"Germany","Industrial Production","Index","Monthly","2009-M08","80.82683717263727","Units"
"Germany","Industrial Production","Index","Monthly","2009-M09","99.64088639747741","Units"
"Germany","Industrial Production","Index","Monthly","2009-M10","98.58982219497238","Units"
"Germany","Industrial Production","Index","Monthly","2009-M11","98.80003503547338","Units"
"Germany","Industrial Production","Index","Monthly","2009-M12","89.44556363317856","Units"
"Germany","Industrial Production","Index","Monthly","2010-M01","84.7157747219059","Units"
"Germany","Industrial Production","Index","Monthly","2010-M02","89.13024437242705","Units"
"Germany","Industrial Production","Index","Monthly","2010-M03","106.6830165542612","Units"
"Germany","Industrial Production","Index","Monthly","2010-M04","96.4876937899623","Units"
"Germany","Industrial Production","Index","Monthly","2010-M05","95.64684242795828","Units"
"Germany","Industrial Production","Index","Monthly","2010-M06","103.529823946746","Units"
"Germany","Industrial Production","Index","Monthly","2010-M07","99.01024787597439","Units"
"Germany","Industrial Production","Index","Monthly","2010-M08","93.3345011824472","Units"
"Germany","Industrial Production","Index","Monthly","2010-M09","108.2596128580187","Units"
"Germany","Industrial Production","Index","Monthly","2010-M10","107.5238679162652","Units"
"Germany","Industrial Production","Index","Monthly","2010-M11","111.5179118857843","Units"
"Germany","Industrial Production","Index","Monthly","2010-M12","104.1604624682491","Units"
"Germany","Industrial Production","Index","Monthly","2011-M01","96.59280021021281","Units"
"Germany","Industrial Production","Index","Monthly","2011-M02","102.478759744241","Units"
"Germany","Industrial Production","Index","Monthly","2011-M03","117.6140842603135","Units"
"Germany","Industrial Production","Index","Monthly","2011-M04","102.1634404834895","Units"
"Germany","Industrial Production","Index","Monthly","2011-M05","112.9894017692914","Units"
"Germany","Industrial Production","Index","Monthly","2011-M06","103.529823946746","Units"
"Germany","Industrial Production","Index","Monthly","2011-M07","105.3166330910046","Units"
"Germany","Industrial Production","Index","Monthly","2011-M08","103.109398265744","Units"
"Germany","Industrial Production","Index","Monthly","2011-M09","113.3047210300429","Units"
"Germany","Industrial Production","Index","Monthly","2011-M10","107.4187614960147","Units"
"Germany","Industrial Production","Index","Monthly","2011-M11","115.5119558553035","Units"
"Germany","Industrial Production","Index","Monthly","2011-M12","104.1604624682491","Units"
"Germany","Industrial Production","Index","Monthly","2012-M01","100.9021634404835","Units"
"Germany","Industrial Production","Index","Monthly","2012-M02","106.0523780327581","Units"
"Germany","Industrial Production","Index","Monthly","2012-M03","116.9834457388105","Units"
"Germany","Industrial Production","Index","Monthly","2012-M04","101.7430148024875","Units"
"Germany","Industrial Production","Index","Monthly","2012-M05","106.1574844530086","Units"
"Germany","Industrial Production","Index","Monthly","2012-M06","107.7340807567662","Units"
"Germany","Industrial Production","Index","Monthly","2012-M07","107.4187614960147","Units"
"Germany","Industrial Production","Index","Monthly","2012-M08","102.688972584742","Units"
"Germany","Industrial Production","Index","Monthly","2012-M09","105.8421651922571","Units"
"Germany","Industrial Production","Index","Monthly","2012-M10","111.4128054655338","Units"
"Germany","Industrial Production","Index","Monthly","2012-M11","112.2536568275378","Units"
"Germany","Industrial Production","Index","Monthly","2012-M12","95.12131032670576","Units"
"Germany","Industrial Production","Index","Monthly","2013-M01","99.85109923797842","Units"
"Germany","Industrial Production","Index","Monthly","2013-M02","100.1664184987299","Units"
"Germany","Industrial Production","Index","Monthly","2013-M03","108.5749321187702","Units"
"Germany","Industrial Production","Index","Monthly","2013-M04","108.9953577997722","Units"
"Germany","Industrial Production","Index","Monthly","2013-M05","101.5328019619865","Units"
"Germany","Industrial Production","Index","Monthly","2013-M06","107.5238679162652","Units"
"Germany","Industrial Production","Index","Monthly","2013-M07","108.9953577997722","Units"
"Germany","Industrial Production","Index","Monthly","2013-M08","99.64088639747741","Units"
"Germany","Industrial Production","Index","Monthly","2013-M09","110.3617412630288","Units"
"Germany","Industrial Production","Index","Monthly","2013-M10","113.1996146097924","Units"
"Germany","Industrial Production","Index","Monthly","2013-M11","113.1996146097924","Units"
"Germany","Industrial Production","Index","Monthly","2013-M12","100.2715249189804","Units"
"Germany","Industrial Production","Index","Monthly","2014-M01","102.3736533239905","Units"
"Germany","Industrial Production","Index","Monthly","2014-M02","104.7911009897521","Units"
"Germany","Industrial Production","Index","Monthly","2014-M03","112.6740825085399","Units"
"Germany","Industrial Production","Index","Monthly","2014-M04","107.1034422352632","Units"
"Germany","Industrial Production","Index","Monthly","2014-M05","105.4217395112551","Units"
"Germany","Industrial Production","Index","Monthly","2014-M06","105.1064202505036","Units"
"Germany","Industrial Production","Index","Monthly","2014-M07","112.8842953490409","Units"
"Germany","Industrial Production","Index","Monthly","2014-M08","94.49067180520274","Units"
"Germany","Industrial Production","Index","Monthly","2014-M09","114.6711044932994","Units"
"Germany","Industrial Production","Index","Monthly","2014-M10","114.7762109135499","Units"
"Germany","Industrial Production","Index","Monthly","2014-M11","111.7281247262853","Units"
"Germany","Industrial Production","Index","Monthly","2014-M12","103.529823946746","Units"
"Germany","Industrial Production","Index","Monthly","2015-M01","97.74897083296835","Units"
"Germany","Industrial Production","Index","Monthly","2015-M02","103.4247175264955","Units"
"Germany","Industrial Production","Index","Monthly","2015-M03","118.6651484628186","Units"
"Germany","Industrial Production","Index","Monthly","2015-M04","108.4698256985197","Units"
"Germany","Industrial Production","Index","Monthly","2015-M05","101.007269860734","Units"
"Germany","Industrial Production","Index","Monthly","2015-M06","114.7762109135499","Units"
"Germany","Industrial Production","Index","Monthly","2015-M07","114.7762109135499","Units"
"Germany","Industrial Production","Index","Monthly","2015-M08","97.64386441271784","Units"
"Germany","Industrial Production","Index","Monthly","2015-M09","115.7221686958045","Units"
"Germany","Industrial Production","Index","Monthly","2015-M10","115.9323815363055","Units"
"Germany","Industrial Production","Index","Monthly","2015-M11","115.5119558553035","Units"
"Germany","Industrial Production","Index","Monthly","2015-M12","104.4757817290006","Units"
"Germany","Industrial Production","Index","Monthly","2016-M01","97.11833231146533","Units"
"Germany","Industrial Production","Index","Monthly","2016-M02","109.2055706402732","Units"
"Germany","Industrial Production","Index","Monthly","2016-M03","115.5119558553035","Units"
"Germany","Industrial Production","Index","Monthly","2016-M04","112.9894017692914","Units"
"Germany","Industrial Production","Index","Monthly","2016-M05","104.3706753087501","Units"
"Germany","Industrial Production","Index","Monthly","2016-M06","118.7702548830691","Units"
"Germany","Industrial Production","Index","Monthly","2016-M07","104.8962074100026","Units"
"Germany","Industrial Production","Index","Monthly","2016-M08","105.8421651922571","Units"
"Germany","Industrial Production","Index","Monthly","2016-M09","117.508977840063","Units"
"Germany","Industrial Production","Index","Monthly","2016-M10","109.2055706402732","Units"
"Germany","Industrial Production","Index","Monthly","2016-M11","119.6111062450731","Units"
"Germany","Industrial Production","Index","Monthly","2016-M12","106.0523780327581","Units"
"Germany","Industrial Production","Index","Monthly","2017-M01","103.8451432074976","Units"
"Germany","Industrial Production","Index","Monthly","2017-M02","106.0523780327581","Units"
"Germany","Industrial Production","Index","Monthly","2017-M03","125.1817465183498","Units"
"Germany","Industrial Production","Index","Monthly","2017-M04","103.8451432074976","Units"
"Germany","Industrial Production","Index","Monthly","2017-M05","115.406849435053","Units"
"Germany","Industrial Production","Index","Monthly","2017-M06","114.2506788122974","Units"
"Germany","Industrial Production","Index","Monthly","2017-M07","108.9953577997722","Units"
"Germany","Industrial Production","Index","Monthly","2017-M08","110.6770605237803","Units"
"Germany","Industrial Production","Index","Monthly","2017-M09","117.929403521065","Units"
"Germany","Industrial Production","Index","Monthly","2017-M10","111.5179118857843","Units"
"Germany","Industrial Production","Index","Monthly","2017-M11","126.2328107208548","Units"
"Germany","Industrial Production","Index","Monthly","2017-M12","109.3106770605237","Units"
"Germany","Industrial Production","Index","Monthly","2018-M01","110.4668476832793","Units"
"Germany","Industrial Production","Index","Monthly","2018-M02","108.6800385390207","Units"
"Germany","Industrial Production","Index","Monthly","2018-M03","121.8183410703337","Units"
"Germany","Industrial Production","Index","Monthly","2018-M04","113.3047210300429","Units"
"Germany","Industrial Production","Index","Monthly","2018-M05","112.0434439870368","Units"
"Germany","Industrial Production","Index","Monthly","2018-M06","120.5570640273276","Units"
"Germany","Industrial Production","Index","Monthly","2018-M07","113.6200402907944","Units"
"Germany","Industrial Production","Index","Monthly","2018-M08","110.3617412630288","Units"
"Germany","Industrial Production","Index","Monthly","2018-M09","113.3047210300429","Units"
"Germany","Industrial Production","Index","Monthly","2018-M10","119.4008934045721","Units"
"Germany","Industrial Production","Index","Monthly","2018-M11","120.8723832880791","Units"
"Germany","Industrial Production","Index","Monthly","2018-M12","102.26854690374","Units"
"Germany","Industrial Production","Index","Monthly","2019-M01","108.1545064377682","Units"
"Germany","Industrial Production","Index","Monthly","2019-M02","108.8902513795217","Units"
"Germany","Industrial Production","Index","Monthly","2019-M03","117.929403521065","Units"
"Germany","Industrial Production","Index","Monthly","2019-M04","110.3617412630288","Units"
"Germany","Industrial Production","Index","Monthly","2019-M05","114.6711044932994","Units"
"Germany","Industrial Production","Index","Monthly","2019-M06","104.4757817290006","Units"
"Germany","Industrial Production","Index","Monthly","2019-M07","113.5149338705439","Units"
"Germany","Industrial Production","Index","Monthly","2019-M08","101.9532276429885","Units"
"Germany","Industrial Production","Index","Monthly","2019-M09","112.8842953490409","Units"
"Germany","Industrial Production","Index","Monthly","2019-M10","114.3557852325479","Units"
"Germany","Industrial Production","Index","Monthly","2019-M11","114.1455723920469","Units"
"Germany","Industrial Production","Index","Monthly","2019-M12","98.69492861522288","Units"
"Germany","Industrial Production","Index","Monthly","2020-M01","104.0553560479986","Units"
"Germany","Industrial Production","Index","Monthly","2020-M02","106.3676972935096","Units"
"Germany","Industrial Production","Index","Monthly","2020-M03","108.7851449592712","Units"
"Germany","Industrial Production","Index","Monthly","2020-M04","77.14811246386964","Units"
"Germany","Industrial Production","Index","Monthly","2020-M05","82.92896557764734","Units"
"Germany","Industrial Production","Index","Monthly","2020-M06","98.16939651397036","Units"
"Germany","Industrial Production","Index","Monthly","2020-M07","101.9532276429885","Units"
"Germany","Industrial Production","Index","Monthly","2020-M08","88.92003153192605","Units"
"Germany","Industrial Production","Index","Monthly","2020-M09","108.1545064377682","Units"
"Germany","Industrial Production","Index","Monthly","2020-M10","111.3076990452833","Units"
"Germany","Industrial Production","Index","Monthly","2020-M11","114.3557852325479","Units"
"Germany","Industrial Production","Index","Monthly","2020-M12","102.3736533239905","Units"
"Germany","Industrial Production","Index","Monthly","2021-M01","94.91109748620475","Units"
"Germany","Industrial Production","Index","Monthly","2021-M02","102.478759744241","Units"
"Germany","Industrial Production","Index","Monthly","2021-M03","121.3979153893317","Units"
"Germany","Industrial Production","Index","Monthly","2021-M04","105.6319523517561","Units"
"Germany","Industrial Production","Index","Monthly","2021-M05","100.2715249189804","Units"
"Germany","Industrial Production","Index","Monthly","2021-M06","108.3647192782692","Units"
"Germany","Industrial Production","Index","Monthly","2021-M07","104.2655688884996","Units"
"Germany","Industrial Production","Index","Monthly","2021-M08","92.80896908119468","Units"
"Germany","Industrial Production","Index","Monthly","2021-M09","106.6830165542612","Units"
"Germany","Industrial Production","Index","Monthly","2021-M10","106.1574844530086","Units"
"Germany","Industrial Production","Index","Monthly","2021-M11","113.8302531312954","Units"
"Germany","Industrial Production","Index","Monthly","2021-M12","104.5808881492511","Units"
"Germany","Industrial Production","Index","Monthly","2022-M01","97.64386441271784","Units"
"Germany","Industrial Production","Index","Monthly","2022-M02","104.1604624682491","Units"
"Germany","Industrial Production","Index","Monthly","2022-M03","115.1966365945519","Units"
"Germany","Industrial Production","Index","Monthly","2022-M04","98.69492861522288","Units"
"Germany","Industrial Production","Index","Monthly","2022-M05","106.2625908732591","Units"
"Germany","Industrial Production","Index","Monthly","2022-M06","105.8421651922571","Units"
"Germany","Industrial Production","Index","Monthly","2022-M07","99.85109923797842","Units"
"Germany","Industrial Production","Index","Monthly","2022-M08","98.27450293422087","Units"
"Germany","Industrial Production","Index","Monthly","2022-M09","112.2536568275378","Units"
"Germany","Industrial Production","Index","Monthly","2022-M10","101.5328019619865","Units"
"Germany","Industrial Production","Index","Monthly","2022-M11","114.3557852325479","Units"
"Germany","Industrial Production","Index","Monthly","2022-M12","101.7430148024875","Units"
"Germany","Industrial Production","Index","Monthly","2023-M01","99.01024787597439","Units"
"Germany","Industrial Production","Index","Monthly","2023-M02","103.109398265744","Units"
"Germany","Industrial Production","Index","Monthly","2023-M03","119.6111062450731","Units"
"Germany","Industrial Production","Index","Monthly","2023-M04","95.54173600770777","Units"
"Germany","Industrial Production","Index","Monthly","2023-M05","103.109398265744","Units"
"Germany","Industrial Production","Index","Monthly","2023-M06","107.6289743365157","Units"
"Germany","Industrial Production","Index","Monthly","2023-M07","96.80301305071382","Units"
"Germany","Industrial Production","Index","Monthly","2023-M08","95.85705526845928","Units"
"Germany","Industrial Production","Index","Monthly","2023-M09","103.109398265744","Units"
"Germany","Industrial Production","Index","Monthly","2023-M10","100.797057020233","Units"
"Germany","Industrial Production","Index","Monthly","2023-M11","108.8902513795217","Units"
"Germany","Industrial Production","Index","Monthly","2023-M12","93.3345011824472","Units"
"Germany","Industrial Production","Index","Monthly","2024-M01","95.33152316720677","Units"
"Germany","Industrial Production","Index","Monthly","2024-M02","100.5868441797319","Units"
"Germany","Industrial Production","Index","Monthly","2024-M03","101.7430148024875","Units"
"Germany","Industrial Production","Index","Monthly","2024-M04","102.1634404834895","Units"
"Germany","Industrial Production","Index","Monthly","2024-M05","92.49364982044317","Units"
"Germany","Industrial Production","Index","Monthly","2024-M06","98.69492861522288","Units"
"Germany","Industrial Production","Index","Monthly","2024-M07","98.37960935447137","Units"
"Germany","Industrial Production","Index","Monthly","2024-M08","89.44556363317856","Units"
"Germany","Industrial Production","Index","Monthly","2024-M09","98.80003503547338","Units"
"Germany","Industrial Production","Index","Monthly","2024-M10","100.0613120784794","Units"
"Germany","Industrial Production","Index","Monthly","2024-M11","102.1634404834895","Units"
"Germany","Industrial Production","Index","Monthly","2024-M12","88.70981869142504","Units"
"Germany","Industrial Production","Index","Monthly","2025-M01","91.54769203818864","Units"
"Germany","Industrial Production","Index","Monthly","2025-M02","94.38556538495223","Units"
"Germany","Industrial Production","Index","Monthly","2025-M03","103.9502496277481","Units"
"Germany","Industrial Production","Index","Monthly","2025-M04","95.96216168870979","Units"
"Germany","Industrial Production","Index","Monthly","2025-M05","94.91109748620475","Units"
"Germany","Industrial Production","Index","Monthly","2025-M06","94.38556538495223","Units"
"Germany","Industrial Production","Index","Monthly","2025-M07","100.2715249189804","Units"
"Germany","Industrial Production","Index","Monthly","2025-M08","82.92896557764734","Units"
"Germany","Industrial Production","Index","Monthly","2025-M09","101.427695541736","Units"
"Germany","Industrial Production","Index","Monthly","2025-M10","101.1123762809845","Units"
"Germany","Industrial Production","Index","Monthly","2025-M11","101.9532276429885","Units"
"Germany","Industrial Production","Index","Quarterly","1958-Q1","26.1307847431459","Units"
"Germany","Industrial Production","Index","Quarterly","1958-Q2","27.49903705540411","Units"
"Germany","Industrial Production","Index","Quarterly","1958-Q3","26.31373373405049","Units"
"Germany","Industrial Production","Index","Quarterly","1958-Q4","28.69722410851158","Units"
"Germany","Industrial Production","Index","Quarterly","1959-Q1","26.83938998960731","Units"
"Germany","Industrial Production","Index","Quarterly","1959-Q2","29.23576409582225","Units"
"Germany","Industrial Production","Index","Quarterly","1959-Q3","28.35967033656089","Units"
"Germany","Industrial Production","Index","Quarterly","1959-Q4","31.97999895939098","Units"
"Germany","Industrial Production","Index","Quarterly","1960-Q1","30.3618022511082","Units"
"Germany","Industrial Production","Index","Quarterly","1960-Q2","32.92566487012309","Units"
"Germany","Industrial Production","Index","Quarterly","1960-Q3","31.55741255786489","Units"
"Germany","Industrial Production","Index","Quarterly","1960-Q4","35.10816902922423","Units"
"Germany","Industrial Production","Index","Quarterly","1961-Q1","33.59819566767373","Units"
"Germany","Industrial Production","Index","Quarterly","1961-Q2","34.95098750182732","Units"
"Germany","Industrial Production","Index","Quarterly","1961-Q3","33.29929309098457","Units"
"Germany","Industrial Production","Index","Quarterly","1961-Q4","36.3063560823317","Units"
"Germany","Industrial Production","Index","Quarterly","1962-Q1","34.00274484474443","Units"
"Germany","Industrial Production","Index","Quarterly","1962-Q2","36.74697970831315","Units"
"Germany","Industrial Production","Index","Quarterly","1962-Q3","34.88914558940886","Units"
"Germany","Industrial Production","Index","Quarterly","1962-Q4","38.31879498228206","Units"
"Germany","Industrial Production","Index","Quarterly","1963-Q1","34.63920119338429","Units"
"Germany","Industrial Production","Index","Quarterly","1963-Q2","38.10234828881749","Units"
"Germany","Industrial Production","Index","Quarterly","1963-Q3","35.94561159322405","Units"
"Germany","Industrial Production","Index","Quarterly","1963-Q4","40.1379779059248","Units"
"Germany","Industrial Production","Index","Quarterly","1964-Q1","38.01731565924213","Units"
"Germany","Industrial Production","Index","Quarterly","1964-Q2","41.20732764149384","Units"
"Germany","Industrial Production","Index","Quarterly","1964-Q3","38.65634875423278","Units"
"Germany","Industrial Production","Index","Quarterly","1964-Q4","43.255840990355","Units"
"Germany","Industrial Production","Index","Quarterly","1965-Q1","41.15579271447844","Units"
"Germany","Industrial Production","Index","Quarterly","1965-Q2","43.73253906524719","Units"
"Germany","Industrial Production","Index","Quarterly","1965-Q3","40.46264794612165","Units"
"Germany","Industrial Production","Index","Quarterly","1965-Q4","44.66789799057624","Units"
"Germany","Industrial Production","Index","Quarterly","1966-Q1","42.33078905042898","Units"
"Germany","Industrial Production","Index","Quarterly","1966-Q2","45.25539615855151","Units"
"Germany","Industrial Production","Index","Quarterly","1966-Q3","40.95480649911845","Units"
"Germany","Industrial Production","Index","Quarterly","1966-Q4","44.28396278431168","Units"
"Germany","Industrial Production","Index","Quarterly","1967-Q1","40.05552202270015","Units"
"Germany","Industrial Production","Index","Quarterly","1967-Q2","42.30759833327203","Units"
"Germany","Industrial Production","Index","Quarterly","1967-Q3","40.2230105355001","Units"
"Germany","Industrial Production","Index","Quarterly","1967-Q4","46.54892282663738","Units"
"Germany","Industrial Production","Index","Quarterly","1968-Q1","43.03939429689037","Units"
"Germany","Industrial Production","Index","Quarterly","1968-Q2","48.45571512620626","Units"
"Germany","Industrial Production","Index","Quarterly","1968-Q3","45.63933136481601","Units"
"Germany","Industrial Production","Index","Quarterly","1968-Q4","52.77949550279621","Units"
"Germany","Industrial Production","Index","Quarterly","1969-Q1","50.30839575240899","Units"
"Germany","Industrial Production","Index","Quarterly","1969-Q2","55.12948817469731","Units"
"Germany","Industrial Production","Index","Quarterly","1969-Q3","50.7438658856889","Units"
"Germany","Industrial Production","Index","Quarterly","1969-Q4","58.55656082121974","Units"
"Germany","Industrial Production","Index","Quarterly","1970-Q1","55.73502356712796","Units"
"Germany","Industrial Production","Index","Quarterly","1970-Q2","59.90419916267179","Units"
"Germany","Industrial Production","Index","Quarterly","1970-Q3","53.4829472565561","Units"
"Germany","Industrial Production","Index","Quarterly","1970-Q4","59.61302682503495","Units"
"Germany","Industrial Production","Index","Quarterly","1971-Q1","57.06977817682617","Units"
"Germany","Industrial Production","Index","Quarterly","1971-Q2","60.52777177955783","Units"
"Germany","Industrial Production","Index","Quarterly","1971-Q3","53.83596150661141","Units"
"Germany","Industrial Production","Index","Quarterly","1971-Q4","59.31927774104731","Units"
"Germany","Industrial Production","Index","Quarterly","1972-Q1","57.38156448526921","Units"
"Germany","Industrial Production","Index","Quarterly","1972-Q2","61.78007050603146","Units"
"Germany","Industrial Production","Index","Quarterly","1972-Q3","55.61133974229109","Units"
"Germany","Industrial Production","Index","Quarterly","1972-Q4","64.49338441339096","Units"
"Germany","Industrial Production","Index","Quarterly","1973-Q1","61.86510313560684","Units"
"Germany","Industrial Production","Index","Quarterly","1973-Q2","66.32802781513831","Units"
"Germany","Industrial Production","Index","Quarterly","1973-Q3","59.03068214976119","Units"
"Germany","Industrial Production","Index","Quarterly","1973-Q4","67.43345199961807","Units"
"Germany","Industrial Production","Index","Quarterly","1974-Q1","62.38560589846212","Units"
"Germany","Industrial Production","Index","Quarterly","1974-Q2","66.80472589003052","Units"
"Germany","Industrial Production","Index","Quarterly","1974-Q3","57.54905299806919","Units"
"Germany","Industrial Production","Index","Quarterly","1974-Q4","63.49103008294191","Units"
"Germany","Industrial Production","Index","Quarterly","1975-Q1","58.27827221533672","Units"
"Germany","Industrial Production","Index","Quarterly","1975-Q2","60.15672030504713","Units"
"Germany","Industrial Production","Index","Quarterly","1975-Q3","53.27423080214383","Units"
"Germany","Industrial Production","Index","Quarterly","1975-Q4","62.99114129089277","Units"
"Germany","Industrial Production","Index","Quarterly","1976-Q1","60.69783703870856","Units"
"Germany","Industrial Production","Index","Quarterly","1976-Q2","65.51377596829534","Units"
"Germany","Industrial Production","Index","Quarterly","1976-Q3","57.90206724812445","Units"
"Germany","Industrial Production","Index","Quarterly","1976-Q4","66.38986972755669","Units"
"Germany","Industrial Production","Index","Quarterly","1977-Q1","63.55544874171107","Units"
"Germany","Industrial Production","Index","Quarterly","1977-Q2","66.88975851960581","Units"
"Germany","Industrial Production","Index","Quarterly","1977-Q3","58.73693306577352","Units"
"Germany","Industrial Production","Index","Quarterly","1977-Q4","67.8483081620918","Units"
"Germany","Industrial Production","Index","Quarterly","1978-Q1","61.75172629617296","Units"
"Germany","Industrial Production","Index","Quarterly","1978-Q2","61.70276811550836","Units"
"Germany","Industrial Production","Index","Quarterly","1978-Q3","61.06888851321925","Units"
"Germany","Industrial Production","Index","Quarterly","1978-Q4","67.67824290294108","Units"
"Germany","Industrial Production","Index","Quarterly","1979-Q1","64.34135637869555","Units"
"Germany","Industrial Production","Index","Quarterly","1979-Q2","65.97501356508294","Units"
"Germany","Industrial Production","Index","Quarterly","1979-Q3","63.84146758664643","Units"
"Germany","Industrial Production","Index","Quarterly","1979-Q4","70.74714780670666","Units"
"Germany","Industrial Production","Index","Quarterly","1980-Q1","67.79419648872569","Units"
"Germany","Industrial Production","Index","Quarterly","1980-Q2","66.02397174574755","Units"
"Germany","Industrial Production","Index","Quarterly","1980-Q3","62.88807143686197","Units"
"Germany","Industrial Production","Index","Quarterly","1980-Q4","68.18070844134097","Units"
"Germany","Industrial Production","Index","Quarterly","1981-Q1","65.09118956676925","Units"
"Germany","Industrial Production","Index","Quarterly","1981-Q2","64.22540279291095","Units"
"Germany","Industrial Production","Index","Quarterly","1981-Q3","62.43198733277591","Units"
"Germany","Industrial Production","Index","Quarterly","1981-Q4","68.29666202712558","Units"
"Germany","Industrial Production","Index","Quarterly","1982-Q1","64.52172862324936","Units"
"Germany","Industrial Production","Index","Quarterly","1982-Q2","63.88527227460949","Units"
"Germany","Industrial Production","Index","Quarterly","1982-Q3","59.25228233592731","Units"
"Germany","Industrial Production","Index","Quarterly","1982-Q4","63.93165370892335","Units"
"Germany","Industrial Production","Index","Quarterly","1983-Q1","62.04547538016062","Units"
"Germany","Industrial Production","Index","Quarterly","1983-Q2","63.06844368141581","Units"
"Germany","Industrial Production","Index","Quarterly","1983-Q3","60.2984413543394","Units"
"Germany","Industrial Production","Index","Quarterly","1983-Q4","67.86376864019644","Units"
"Germany","Industrial Production","Index","Quarterly","1984-Q1","65.41070611426458","Units"
"Germany","Industrial Production","Index","Quarterly","1984-Q2","62.11504753163136","Units"
"Germany","Industrial Production","Index","Quarterly","1984-Q3","62.95764358833273","Units"
"Germany","Industrial Production","Index","Quarterly","1984-Q4","70.45082197636825","Units"
"Germany","Industrial Production","Index","Quarterly","1985-Q1","67.47467994123032","Units"
"Germany","Industrial Production","Index","Quarterly","1985-Q2","67.31749841383344","Units"
"Germany","Industrial Production","Index","Quarterly","1985-Q3","65.79721806687987","Units"
"Germany","Industrial Production","Index","Quarterly","1985-Q4","72.86007981433699","Units"
"Germany","Industrial Production","Index","Quarterly","1986-Q1","69.11349062031926","Units"
"Germany","Industrial Production","Index","Quarterly","1986-Q2","69.42785367511304","Units"
"Germany","Industrial Production","Index","Quarterly","1986-Q3","67.04178655430118","Units"
"Germany","Industrial Production","Index","Quarterly","1986-Q4","72.88327053149392","Units"
"Germany","Industrial Production","Index","Quarterly","1987-Q1","68.84035550713774","Units"
"Germany","Industrial Production","Index","Quarterly","1987-Q2","69.54380726089761","Units"
"Germany","Industrial Production","Index","Quarterly","1987-Q3","66.95417717837503","Units"
"Germany","Industrial Production","Index","Quarterly","1987-Q4","74.20256466308752","Units"
"Germany","Industrial Production","Index","Quarterly","1988-Q1","71.06666435420194","Units"
"Germany","Industrial Production","Index","Quarterly","1988-Q2","71.36299018454035","Units"
"Germany","Industrial Production","Index","Quarterly","1988-Q3","69.88393777919907","Units"
"Germany","Industrial Production","Index","Quarterly","1988-Q4","77.28950679130843","Units"
"Germany","Industrial Production","Index","Quarterly","1989-Q1","74.19998791673675","Units"
"Germany","Industrial Production","Index","Quarterly","1989-Q2","75.10700263220735","Units"
"Germany","Industrial Production","Index","Quarterly","1989-Q3","73.40635004069998","Units"
"Germany","Industrial Production","Index","Quarterly","1989-Q4","81.15462631746156","Units"
"Germany","Industrial Production","Index","Quarterly","1990-Q1","78.47223336631132","Units"
"Germany","Industrial Production","Index","Quarterly","1990-Q2","78.06253069653911","Units"
"Germany","Industrial Production","Index","Quarterly","1990-Q3","77.56264190449006","Units"
"Germany","Industrial Production","Index","Quarterly","1990-Q4","85.49129042580544","Units"
"Germany","Industrial Production","Index","Quarterly","1991-Q1","82.89393010423059","Units"
"Germany","Industrial Production","Index","Quarterly","1991-Q2","84.08513620040296","Units"
"Germany","Industrial Production","Index","Quarterly","1991-Q3","80.16116317771749","Units"
"Germany","Industrial Production","Index","Quarterly","1991-Q4","85.76683892441102","Units"
"Germany","Industrial Production","Index","Quarterly","1992-Q1","84.4354909345713","Units"
"Germany","Industrial Production","Index","Quarterly","1992-Q2","82.15818516247706","Units"
"Germany","Industrial Production","Index","Quarterly","1992-Q3","78.89988613471145","Units"
"Germany","Industrial Production","Index","Quarterly","1992-Q4","82.85889463081375","Units"
"Germany","Industrial Production","Index","Quarterly","1993-Q1","75.32626784619432","Units"
"Germany","Industrial Production","Index","Quarterly","1993-Q2","75.22116142594382","Units"
"Germany","Industrial Production","Index","Quarterly","1993-Q3","73.64456512218626","Units"
"Germany","Industrial Production","Index","Quarterly","1993-Q4","79.74073749671548","Units"
"Germany","Industrial Production","Index","Quarterly","1994-Q1","76.02697731453101","Units"
"Germany","Industrial Production","Index","Quarterly","1994-Q2","77.56853814487173","Units"
"Germany","Industrial Production","Index","Quarterly","1994-Q3","76.13208373478151","Units"
"Germany","Industrial Production","Index","Quarterly","1994-Q4","82.71875273714641","Units"
"Germany","Industrial Production","Index","Quarterly","1995-Q1","79.28527634229662","Units"
"Germany","Industrial Production","Index","Quarterly","1995-Q2","78.6546378207936","Units"
"Germany","Industrial Production","Index","Quarterly","1995-Q3","76.34229657528252","Units"
"Germany","Industrial Production","Index","Quarterly","1995-Q4","81.07208548655518","Units"
"Germany","Industrial Production","Index","Quarterly","1996-Q1","77.84882193220641","Units"
"Germany","Industrial Production","Index","Quarterly","1996-Q2","77.67364456512223","Units"
"Germany","Industrial Production","Index","Quarterly","1996-Q3","77.70868003853907","Units"
"Germany","Industrial Production","Index","Quarterly","1996-Q4","81.80783042830871","Units"
"Germany","Industrial Production","Index","Quarterly","1997-Q1","76.51747394236669","Units"
"Germany","Industrial Production","Index","Quarterly","1997-Q2","81.66768853464137","Units"
"Germany","Industrial Production","Index","Quarterly","1997-Q3","80.3713760182185","Units"
"Germany","Industrial Production","Index","Quarterly","1997-Q4","85.45151966365951","Units"
"Germany","Industrial Production","Index","Quarterly","1998-Q1","82.71875273714641","Units"
"Germany","Industrial Production","Index","Quarterly","1998-Q2","83.55960409915044","Units"
"Germany","Industrial Production","Index","Quarterly","1998-Q3","83.83988788648512","Units"
"Germany","Industrial Production","Index","Quarterly","1998-Q4","87.55364806866958","Units"
"Germany","Industrial Production","Index","Quarterly","1999-Q1","82.33336252956123","Units"
"Germany","Industrial Production","Index","Quarterly","1999-Q2","84.57563282823865","Units"
"Germany","Industrial Production","Index","Quarterly","1999-Q3","84.82088114215649","Units"
"Germany","Industrial Production","Index","Quarterly","1999-Q4","90.74187614960152","Units"
"Germany","Industrial Production","Index","Quarterly","2000-Q1","87.65875448892009","Units"
"Germany","Industrial Production","Index","Quarterly","2000-Q2","88.67478321800829","Units"
"Germany","Industrial Production","Index","Quarterly","2000-Q3","89.16527984584397","Units"
"Germany","Industrial Production","Index","Quarterly","2000-Q4","94.14031707103448","Units"
"Germany","Industrial Production","Index","Quarterly","2001-Q1","91.54769203818872","Units"
"Germany","Industrial Production","Index","Quarterly","2001-Q2","89.79591836734699","Units"
"Germany","Industrial Production","Index","Quarterly","2001-Q3","88.0791801699221","Units"
"Germany","Industrial Production","Index","Quarterly","2001-Q4","90.07620215468167","Units"
"Germany","Industrial Production","Index","Quarterly","2002-Q1","86.18726460541303","Units"
"Germany","Industrial Production","Index","Quarterly","2002-Q2","89.16527984584397","Units"
"Germany","Industrial Production","Index","Quarterly","2002-Q3","89.02513795217663","Units"
"Germany","Industrial Production","Index","Quarterly","2002-Q4","91.05719541035304","Units"
"Germany","Industrial Production","Index","Quarterly","2003-Q1","88.28939301042311","Units"
"Germany","Industrial Production","Index","Quarterly","2003-Q2","87.9740737496716","Units"
"Germany","Industrial Production","Index","Quarterly","2003-Q3","88.32442848383994","Units"
"Germany","Industrial Production","Index","Quarterly","2003-Q4","92.80896908119477","Units"
"Germany","Industrial Production","Index","Quarterly","2004-Q1","91.09223088376988","Units"
"Germany","Industrial Production","Index","Quarterly","2004-Q2","92.63379171411059","Units"
"Germany","Industrial Production","Index","Quarterly","2004-Q3","92.42357887360958","Units"
"Germany","Industrial Production","Index","Quarterly","2004-Q4","96.38258736971189","Units"
"Germany","Industrial Production","Index","Quarterly","2005-Q1","91.40755014452139","Units"
"Germany","Industrial Production","Index","Quarterly","2005-Q2","96.90811947096441","Units"
"Germany","Industrial Production","Index","Quarterly","2005-Q3","95.29648769379002","Units"
"Germany","Industrial Production","Index","Quarterly","2005-Q4","100.2715249189805","Units"
"Germany","Industrial Production","Index","Quarterly","2006-Q1","98.94017692914081","Units"
"Germany","Industrial Production","Index","Quarterly","2006-Q2","99.25549618989232","Units"
"Germany","Industrial Production","Index","Quarterly","2006-Q3","100.4116668126479","Units"
"Germany","Industrial Production","Index","Quarterly","2006-Q4","105.6319523517562","Units"
"Germany","Industrial Production","Index","Quarterly","2007-Q1","104.8962074100027","Units"
"Germany","Industrial Production","Index","Quarterly","2007-Q2","105.1414557239205","Units"
"Germany","Industrial Production","Index","Quarterly","2007-Q3","106.1574844530087","Units"
"Germany","Industrial Production","Index","Quarterly","2007-Q4","111.3076990452834","Units"
"Germany","Industrial Production","Index","Quarterly","2008-Q1","107.6990452833495","Units"
"Germany","Industrial Production","Index","Quarterly","2008-Q2","112.0434439870369","Units"
"Germany","Industrial Production","Index","Quarterly","2008-Q3","107.6289743365158","Units"
"Germany","Industrial Production","Index","Quarterly","2008-Q4","102.7940790049926","Units"
"Germany","Industrial Production","Index","Quarterly","2009-Q1","86.88797407374973","Units"
"Germany","Industrial Production","Index","Quarterly","2009-Q2","86.57265481299822","Units"
"Germany","Industrial Production","Index","Quarterly","2009-Q3","90.60173425593419","Units"
"Germany","Industrial Production","Index","Quarterly","2009-Q4","95.61180695454154","Units"
"Germany","Industrial Production","Index","Quarterly","2010-Q1","93.50967854953146","Units"
"Germany","Industrial Production","Index","Quarterly","2010-Q2","98.55478672155564","Units"
"Germany","Industrial Production","Index","Quarterly","2010-Q3","100.2014539721469","Units"
"Germany","Industrial Production","Index","Quarterly","2010-Q4","107.7340807567663","Units"
"Germany","Industrial Production","Index","Quarterly","2011-Q1","105.5618814049225","Units"
"Germany","Industrial Production","Index","Quarterly","2011-Q2","106.2275553998424","Units"
"Germany","Industrial Production","Index","Quarterly","2011-Q3","107.2435841289306","Units"
"Germany","Industrial Production","Index","Quarterly","2011-Q4","109.0303932731891","Units"
"Germany","Industrial Production","Index","Quarterly","2012-Q1","107.9793290706841","Units"
"Germany","Industrial Production","Index","Quarterly","2012-Q2","105.2115266707542","Units"
"Germany","Industrial Production","Index","Quarterly","2012-Q3","105.3166330910047","Units"
"Germany","Industrial Production","Index","Quarterly","2012-Q4","106.2625908732592","Units"
"Germany","Industrial Production","Index","Quarterly","2013-Q1","102.8641499518263","Units"
"Germany","Industrial Production","Index","Quarterly","2013-Q2","106.0173425593414","Units"
"Germany","Industrial Production","Index","Quarterly","2013-Q3","106.3326618200929","Units"
"Germany","Industrial Production","Index","Quarterly","2013-Q4","108.8902513795218","Units"
"Germany","Industrial Production","Index","Quarterly","2014-Q1","106.6129456074276","Units"
"Germany","Industrial Production","Index","Quarterly","2014-Q2","105.877200665674","Units"
"Germany","Industrial Production","Index","Quarterly","2014-Q3","107.3486905491811","Units"
"Germany","Industrial Production","Index","Quarterly","2014-Q4","110.0113865288606","Units"
"Germany","Industrial Production","Index","Quarterly","2015-Q1","106.6129456074276","Units"
"Germany","Industrial Production","Index","Quarterly","2015-Q2","108.0844354909346","Units"
"Germany","Industrial Production","Index","Quarterly","2015-Q3","109.3807480073576","Units"
"Germany","Industrial Production","Index","Quarterly","2015-Q4","111.9733730402032","Units"
"Germany","Industrial Production","Index","Quarterly","2016-Q1","107.2786196023475","Units"
"Germany","Industrial Production","Index","Quarterly","2016-Q2","112.0434439870369","Units"
"Germany","Industrial Production","Index","Quarterly","2016-Q3","109.4157834807744","Units"
"Germany","Industrial Production","Index","Quarterly","2016-Q4","111.6230183060349","Units"
"Germany","Industrial Production","Index","Quarterly","2017-Q1","111.6930892528686","Units"
"Germany","Industrial Production","Index","Quarterly","2017-Q2","111.1675571516161","Units"
"Germany","Industrial Production","Index","Quarterly","2017-Q3","112.5339406148727","Units"
"Germany","Industrial Production","Index","Quarterly","2017-Q4","115.6871332223878","Units"
"Germany","Industrial Production","Index","Quarterly","2018-Q1","113.6550757642113","Units"
"Germany","Industrial Production","Index","Quarterly","2018-Q2","115.3017430148026","Units"
"Germany","Industrial Production","Index","Quarterly","2018-Q3","112.4288341946222","Units"
"Germany","Industrial Production","Index","Quarterly","2018-Q4","114.1806078654638","Units"
"Germany","Industrial Production","Index","Quarterly","2019-Q1","111.6580537794517","Units"
"Germany","Industrial Production","Index","Quarterly","2019-Q2","109.8362091617764","Units"
"Germany","Industrial Production","Index","Quarterly","2019-Q3","109.4508189541912","Units"
"Germany","Industrial Production","Index","Quarterly","2019-Q4","109.065428746606","Units"
"Germany","Industrial Production","Index","Quarterly","2020-Q1","106.4027327669265","Units"
"Germany","Industrial Production","Index","Quarterly","2020-Q2","86.08215818516253","Units"
"Germany","Industrial Production","Index","Quarterly","2020-Q3","99.67592187089434","Units"
"Germany","Industrial Production","Index","Quarterly","2020-Q4","109.3457125339406","Units"
"Germany","Industrial Production","Index","Quarterly","2021-Q1","106.2625908732592","Units"
"Germany","Industrial Production","Index","Quarterly","2021-Q2","104.7560655163354","Units"
"Germany","Industrial Production","Index","Quarterly","2021-Q3","101.2525181746519","Units"
"Germany","Industrial Production","Index","Quarterly","2021-Q4","108.1895419111851","Units"
"Germany","Industrial Production","Index","Quarterly","2022-Q1","105.666987825173","Units"
"Germany","Industrial Production","Index","Quarterly","2022-Q2","103.5998948935798","Units"
"Germany","Industrial Production","Index","Quarterly","2022-Q3","103.4597529999125","Units"
"Germany","Industrial Production","Index","Quarterly","2022-Q4","105.877200665674","Units"
"Germany","Industrial Production","Index","Quarterly","2023-Q1","107.2435841289306","Units"
"Germany","Industrial Production","Index","Quarterly","2023-Q2","102.0933695366559","Units"
"Germany","Industrial Production","Index","Quarterly","2023-Q3","98.58982219497247","Units"
"Germany","Industrial Production","Index","Quarterly","2023-Q4","101.0072698607341","Units"
"Germany","Industrial Production","Index","Quarterly","2024-Q1","99.22046071647549","Units"
"Germany","Industrial Production","Index","Quarterly","2024-Q2","97.78400630638527","Units"
"Germany","Industrial Production","Index","Quarterly","2024-Q3","95.54173600770786","Units"
"Germany","Industrial Production","Index","Quarterly","2024-Q4","96.97819041779808","Units"
"Germany","Industrial Production","Index","Quarterly","2025-Q1","96.62783568362973","Units"
"Germany","Industrial Production","Index","Quarterly","2025-Q2","95.08627485328902","Units"
"Germany","Industrial Production","Index","Quarterly","2025-Q3","94.87606201278801","Units"
